family,rain_mode,month_index,year,tmy_month,elapsed_years,clean_ac_kwh_kwp,soiled_ac_kwh_kwp,retained_generation_percent,cumulative_loss_kwh_kwp,optical_domain_valid
tilted,no_rain,1,1,1,0.08333333333333333,114.65408514724683,112.41768777930287,98.04943943770357,2.236397367943956,True
tilted,no_rain,2,1,2,0.16666666666666666,129.56314560710905,125.59807661853671,96.93966291880862,6.201466356516298,True
tilted,no_rain,3,1,3,0.25,162.27403239917663,154.15043609348209,94.99390248360172,14.325062662210797,True
tilted,no_rain,4,1,4,0.3333333333333333,168.79062874767772,157.90410977945288,93.55028235335334,25.211581630435575,True
tilted,no_rain,5,1,5,0.4166666666666667,134.20623553474692,122.49649339670349,91.27481514447835,36.92132376847899,True
tilted,no_rain,6,1,6,0.5,127.38442877418441,114.28133473985525,89.7137396144727,50.024417802808166,True
tilted,no_rain,7,1,7,0.5833333333333334,104.31460668429187,91.99733808992072,88.19219188387551,62.34168639717934,True
tilted,no_rain,8,1,8,0.6666666666666666,121.82723292291752,105.88606643050787,86.9149400261796,78.28285288958881,True
tilted,no_rain,9,1,9,0.75,132.85956859247403,113.86452036709662,85.70291291277502,97.27790111496626,True
tilted,no_rain,10,1,10,0.8333333333333334,134.32117779001442,113.56697608274945,84.54882390942832,118.03210282223141,True
tilted,no_rain,11,1,11,0.9166666666666666,113.64242866991444,94.71145928518328,83.34163603655637,136.96307220696266,True
tilted,no_rain,12,1,12,1.0,92.96773079428964,76.41361164814657,82.19369344103656,153.51719135310563,True
tilted,no_rain,13,2,1,1.0833333333333333,114.65408514724683,93.14705643141107,81.24181210969071,175.02422006894164,True
tilted,no_rain,14,2,2,1.1666666666666667,129.56314560710905,105.665261460067,81.55502937578355,198.9221042159838,True
tilted,no_rain,15,2,3,1.25,162.27403239917663,129.83750522810774,80.01126446942631,231.35863138705275,True
tilted,no_rain,16,2,4,1.3333333333333333,168.79062874767772,133.57175252710374,79.13457845268053,266.5775076076267,True
tilted,no_rain,17,2,5,1.4166666666666667,134.20623553474692,103.94982428112458,77.45528653488776,296.8339188612498,True
tilted,no_rain,18,2,6,1.5,127.38442877418441,97.50681691113272,76.5453186464289,326.71153072430127,True
tilted,no_rain,19,2,7,1.5833333333333333,104.31460668429187,78.87088786256248,75.60867108598244,352.1552495460306,True
tilted,no_rain,20,2,8,1.6666666666666667,121.82723292291752,91.36434737348846,74.99501152693541,382.6181350954601,True
tilted,no_rain,21,2,9,1.75,132.85956859247403,98.86617327636554,74.41404057213379,416.6115304115686,True
tilted,no_rain,22,2,10,1.8333333333333333,134.32117779001442,99.14618078423837,73.81276907743806,451.7865274173448,True
tilted,no_rain,23,2,11,1.9166666666666667,113.64242866991444,83.1567459504512,73.17403097041169,482.2722101368077,True
tilted,no_rain,24,2,12,2.0,92.96773079428964,67.42202818927133,72.52196822837006,507.8179127418258,True
tilted,no_rain,25,3,1,2.0833333333333335,114.65408514724683,82.67411190852766,72.10742801039471,539.7978859805457,True
tilted,no_rain,26,3,2,2.1666666666666665,129.56314560710905,94.3313611931051,72.8072483506677,575.0296703945497,True
tilted,no_rain,27,3,3,2.25,162.27403239917663,116.50862525001013,71.79745491466647,620.7950775437163,True
tilted,no_rain,28,3,4,2.3333333333333335,168.79062874767772,120.46702822720866,71.3706851624404,669.118678064186,True
tilted,no_rain,29,3,5,2.4166666666666665,134.20623553474692,94.15878391255708,70.15976831283575,709.1661296863756,True
tilted,no_rain,30,3,6,2.5,127.38442877418441,88.77335611138666,69.68933092187902,747.7772023491732,True
tilted,no_rain,31,3,7,2.5833333333333335,104.31460668429187,72.13984981914861,69.15603874870548,779.9519592143165,True
tilted,no_rain,32,3,8,2.6666666666666665,121.82723292291752,84.02622600212723,68.971628088518,817.7529661351059,True
tilted,no_rain,33,3,9,2.75,132.85956859247403,91.40069779657082,68.79496807409346,859.2118369310106,True
tilted,no_rain,34,3,10,2.8333333333333335,134.32117779001442,NA,NA,NA,False
tilted,no_rain,35,3,11,2.9166666666666665,113.64242866991444,NA,NA,NA,False
tilted,no_rain,36,3,12,3.0,92.96773079428964,NA,NA,NA,False
tilted,no_rain,37,4,1,3.0833333333333335,114.65408514724683,NA,NA,NA,False
tilted,no_rain,38,4,2,3.1666666666666665,129.56314560710905,NA,NA,NA,False
tilted,no_rain,39,4,3,3.25,162.27403239917663,NA,NA,NA,False
tilted,no_rain,40,4,4,3.3333333333333335,168.79062874767772,NA,NA,NA,False
tilted,no_rain,41,4,5,3.4166666666666665,134.20623553474692,NA,NA,NA,False
tilted,no_rain,42,4,6,3.5,127.38442877418441,NA,NA,NA,False
tilted,no_rain,43,4,7,3.5833333333333335,104.31460668429187,NA,NA,NA,False
tilted,no_rain,44,4,8,3.6666666666666665,121.82723292291752,NA,NA,NA,False
tilted,no_rain,45,4,9,3.75,132.85956859247403,NA,NA,NA,False
tilted,no_rain,46,4,10,3.8333333333333335,134.32117779001442,NA,NA,NA,False
tilted,no_rain,47,4,11,3.9166666666666665,113.64242866991444,NA,NA,NA,False
tilted,no_rain,48,4,12,4.0,92.96773079428964,NA,NA,NA,False
tilted,no_rain,49,5,1,4.083333333333333,114.65408514724683,NA,NA,NA,False
tilted,no_rain,50,5,2,4.166666666666667,129.56314560710905,NA,NA,NA,False
tilted,no_rain,51,5,3,4.25,162.27403239917663,NA,NA,NA,False
tilted,no_rain,52,5,4,4.333333333333333,168.79062874767772,NA,NA,NA,False
tilted,no_rain,53,5,5,4.416666666666667,134.20623553474692,NA,NA,NA,False
tilted,no_rain,54,5,6,4.5,127.38442877418441,NA,NA,NA,False
tilted,no_rain,55,5,7,4.583333333333333,104.31460668429187,NA,NA,NA,False
tilted,no_rain,56,5,8,4.666666666666667,121.82723292291752,NA,NA,NA,False
tilted,no_rain,57,5,9,4.75,132.85956859247403,NA,NA,NA,False
tilted,no_rain,58,5,10,4.833333333333333,134.32117779001442,NA,NA,NA,False
tilted,no_rain,59,5,11,4.916666666666667,113.64242866991444,NA,NA,NA,False
tilted,no_rain,60,5,12,5.0,92.96773079428964,NA,NA,NA,False
tilted,no_rain,61,6,1,5.083333333333333,114.65408514724683,NA,NA,NA,False
tilted,no_rain,62,6,2,5.166666666666667,129.56314560710905,NA,NA,NA,False
tilted,no_rain,63,6,3,5.25,162.27403239917663,NA,NA,NA,False
tilted,no_rain,64,6,4,5.333333333333333,168.79062874767772,NA,NA,NA,False
tilted,no_rain,65,6,5,5.416666666666667,134.20623553474692,NA,NA,NA,False
tilted,no_rain,66,6,6,5.5,127.38442877418441,NA,NA,NA,False
tilted,no_rain,67,6,7,5.583333333333333,104.31460668429187,NA,NA,NA,False
tilted,no_rain,68,6,8,5.666666666666667,121.82723292291752,NA,NA,NA,False
tilted,no_rain,69,6,9,5.75,132.85956859247403,NA,NA,NA,False
tilted,no_rain,70,6,10,5.833333333333333,134.32117779001442,NA,NA,NA,False
tilted,no_rain,71,6,11,5.916666666666667,113.64242866991444,NA,NA,NA,False
tilted,no_rain,72,6,12,6.0,92.96773079428964,NA,NA,NA,False
tilted,no_rain,73,7,1,6.083333333333333,114.65408514724683,NA,NA,NA,False
tilted,no_rain,74,7,2,6.166666666666667,129.56314560710905,NA,NA,NA,False
tilted,no_rain,75,7,3,6.25,162.27403239917663,NA,NA,NA,False
tilted,no_rain,76,7,4,6.333333333333333,168.79062874767772,NA,NA,NA,False
tilted,no_rain,77,7,5,6.416666666666667,134.20623553474692,NA,NA,NA,False
tilted,no_rain,78,7,6,6.5,127.38442877418441,NA,NA,NA,False
tilted,no_rain,79,7,7,6.583333333333333,104.31460668429187,NA,NA,NA,False
tilted,no_rain,80,7,8,6.666666666666667,121.82723292291752,NA,NA,NA,False
tilted,no_rain,81,7,9,6.75,132.85956859247403,NA,NA,NA,False
tilted,no_rain,82,7,10,6.833333333333333,134.32117779001442,NA,NA,NA,False
tilted,no_rain,83,7,11,6.916666666666667,113.64242866991444,NA,NA,NA,False
tilted,no_rain,84,7,12,7.0,92.96773079428964,NA,NA,NA,False
tilted,no_rain,85,8,1,7.083333333333333,114.65408514724683,NA,NA,NA,False
tilted,no_rain,86,8,2,7.166666666666667,129.56314560710905,NA,NA,NA,False
tilted,no_rain,87,8,3,7.25,162.27403239917663,NA,NA,NA,False
tilted,no_rain,88,8,4,7.333333333333333,168.79062874767772,NA,NA,NA,False
tilted,no_rain,89,8,5,7.416666666666667,134.20623553474692,NA,NA,NA,False
tilted,no_rain,90,8,6,7.5,127.38442877418441,NA,NA,NA,False
tilted,no_rain,91,8,7,7.583333333333333,104.31460668429187,NA,NA,NA,False
tilted,no_rain,92,8,8,7.666666666666667,121.82723292291752,NA,NA,NA,False
tilted,no_rain,93,8,9,7.75,132.85956859247403,NA,NA,NA,False
tilted,no_rain,94,8,10,7.833333333333333,134.32117779001442,NA,NA,NA,False
tilted,no_rain,95,8,11,7.916666666666667,113.64242866991444,NA,NA,NA,False
tilted,no_rain,96,8,12,8.0,92.96773079428964,NA,NA,NA,False
tilted,no_rain,97,9,1,8.083333333333334,114.65408514724683,NA,NA,NA,False
tilted,no_rain,98,9,2,8.166666666666666,129.56314560710905,NA,NA,NA,False
tilted,no_rain,99,9,3,8.25,162.27403239917663,NA,NA,NA,False
tilted,no_rain,100,9,4,8.333333333333334,168.79062874767772,NA,NA,NA,False
tilted,no_rain,101,9,5,8.416666666666666,134.20623553474692,NA,NA,NA,False
tilted,no_rain,102,9,6,8.5,127.38442877418441,NA,NA,NA,False
tilted,no_rain,103,9,7,8.583333333333334,104.31460668429187,NA,NA,NA,False
tilted,no_rain,104,9,8,8.666666666666666,121.82723292291752,NA,NA,NA,False
tilted,no_rain,105,9,9,8.75,132.85956859247403,NA,NA,NA,False
tilted,no_rain,106,9,10,8.833333333333334,134.32117779001442,NA,NA,NA,False
tilted,no_rain,107,9,11,8.916666666666666,113.64242866991444,NA,NA,NA,False
tilted,no_rain,108,9,12,9.0,92.96773079428964,NA,NA,NA,False
tilted,no_rain,109,10,1,9.083333333333334,114.65408514724683,NA,NA,NA,False
tilted,no_rain,110,10,2,9.166666666666666,129.56314560710905,NA,NA,NA,False
tilted,no_rain,111,10,3,9.25,162.27403239917663,NA,NA,NA,False
tilted,no_rain,112,10,4,9.333333333333334,168.79062874767772,NA,NA,NA,False
tilted,no_rain,113,10,5,9.416666666666666,134.20623553474692,NA,NA,NA,False
tilted,no_rain,114,10,6,9.5,127.38442877418441,NA,NA,NA,False
tilted,no_rain,115,10,7,9.583333333333334,104.31460668429187,NA,NA,NA,False
tilted,no_rain,116,10,8,9.666666666666666,121.82723292291752,NA,NA,NA,False
tilted,no_rain,117,10,9,9.75,132.85956859247403,NA,NA,NA,False
tilted,no_rain,118,10,10,9.833333333333334,134.32117779001442,NA,NA,NA,False
tilted,no_rain,119,10,11,9.916666666666666,113.64242866991444,NA,NA,NA,False
tilted,no_rain,120,10,12,10.0,92.96773079428964,NA,NA,NA,False
tilted,periodic_rain,1,1,1,0.08333333333333333,114.65408514724683,112.82602019669821,98.4055823669947,1.8280649505486253,True
tilted,periodic_rain,2,1,2,0.16666666666666666,129.56314560710905,127.01716229595343,98.03494790187007,4.374048261704245,True
tilted,periodic_rain,3,1,3,0.25,162.27403239917663,157.73512129731307,97.20293442225042,8.912959363567785,True
tilted,periodic_rain,4,1,4,0.3333333333333333,168.79062874767772,163.40556104921382,96.80961689732553,14.298027062031665,True
tilted,periodic_rain,5,1,5,0.4166666666666667,134.20623553474692,128.68093353910064,95.88297669357118,19.823329057677956,True
tilted,periodic_rain,6,1,6,0.5,127.38442877418441,121.71839394179392,95.55201927981737,25.48936389006845,True
tilted,periodic_rain,7,1,7,0.5833333333333334,104.31460668429187,99.46943926797155,95.35523588658661,30.334531306388765,True
tilted,periodic_rain,8,1,8,0.6666666666666666,121.82723292291752,115.99921050114042,95.21615792959477,36.1625537281659,True
tilted,periodic_rain,9,1,9,0.75,132.85956859247403,126.35474254644164,95.10398376650994,42.66737977419833,True
tilted,periodic_rain,10,1,10,0.8333333333333334,134.32117779001442,127.64248386350644,95.0278176260866,49.34607370070625,True
tilted,periodic_rain,11,1,11,0.9166666666666666,113.64242866991444,107.90437846077165,94.95078530413187,55.08412390984903,True
tilted,periodic_rain,12,1,12,1.0,92.96773079428964,88.25434577791579,94.93008490569358,59.79750892622284,True
tilted,periodic_rain,13,2,1,1.0833333333333333,114.65408514724683,108.90371157250325,94.98458902065413,65.54788250096645,True
tilted,periodic_rain,14,2,2,1.1666666666666667,129.56314560710905,124.23469474551392,95.88737149238929,70.87633336256161,True
tilted,periodic_rain,15,2,3,1.25,162.27403239917663,154.90869167945078,95.4611710753524,78.24167408228739,True
tilted,periodic_rain,16,2,4,1.3333333333333333,168.79062874767772,161.19624941938258,95.50071032696499,85.83605341058245,True
tilted,periodic_rain,17,2,5,1.4166666666666667,134.20623553474692,127.20509662694846,94.78329834682992,92.83719231838089,True
tilted,periodic_rain,18,2,6,1.5,127.38442877418441,120.72588477266362,94.77287446700062,99.49573631990164,True
tilted,periodic_rain,19,2,7,1.5833333333333333,104.31460668429187,98.8254786816139,94.73791046416844,104.98486432257968,True
tilted,periodic_rain,20,2,8,1.6666666666666667,121.82723292291752,115.45820954279526,94.77208565990163,111.35388770270185,True
tilted,periodic_rain,21,2,9,1.75,132.85956859247403,125.90621260028047,94.766386745149,118.30724369489528,True
tilted,periodic_rain,22,2,10,1.8333333333333333,134.32117779001442,127.26381532964781,94.74590487034037,125.36460615526195,True
tilted,periodic_rain,23,2,11,1.9166666666666667,113.64242866991444,107.68533993986043,94.75804169289891,131.32169488531596,True
tilted,periodic_rain,24,2,12,2.0,92.96773079428964,88.12098980687558,94.78664161639217,136.16843587273,True
tilted,periodic_rain,25,3,1,2.0833333333333335,114.65408514724683,108.76131838602244,94.86039528931177,142.06120263395422,True
tilted,periodic_rain,26,3,2,2.1666666666666665,129.56314560710905,124.14929076836182,95.82145461706807,147.4750574727012,True
tilted,periodic_rain,27,3,3,2.25,162.27403239917663,154.81256985078085,95.40193681140468,154.9365200210969,True
tilted,periodic_rain,28,3,4,2.3333333333333335,168.79062874767772,161.10193256646903,95.44483231192747,162.6252162023056,True
tilted,periodic_rain,29,3,5,2.4166666666666665,134.20623553474692,127.110546966515,94.71284732787635,169.72090477053774,True
tilted,periodic_rain,30,3,6,2.5,127.38442877418441,120.69466810420029,94.74836859233153,176.41066544052188,True
tilted,periodic_rain,31,3,7,2.5833333333333335,104.31460668429187,98.79573032903586,94.709392547528,181.929541795778,True
tilted,periodic_rain,32,3,8,2.6666666666666665,121.82723292291752,115.44024315161195,94.75733822556182,188.31653156708396,True
tilted,periodic_rain,33,3,9,2.75,132.85956859247403,125.89034022336938,94.75444001291193,195.28575993618875,True
tilted,periodic_rain,34,3,10,2.8333333333333335,134.32117779001442,127.25609988282767,94.74016084177609,202.35083784337596,True
tilted,periodic_rain,35,3,11,2.9166666666666665,113.64242866991444,107.71183655883576,94.78135747318048,208.28142995445447,True
tilted,periodic_rain,36,3,12,3.0,92.96773079428964,88.09432340254247,94.75795811072275,213.1548373462017,True
tilted,periodic_rain,37,4,1,3.0833333333333335,114.65408514724683,108.73433197079015,94.83685804229818,219.0745905226583,True
tilted,periodic_rain,38,4,2,3.1666666666666665,129.56314560710905,124.13933238564141,95.81376849407859,224.49840374412597,True
tilted,periodic_rain,39,4,3,3.25,162.27403239917663,154.79739664181187,95.39258644970808,231.97503950149056,True
tilted,periodic_rain,40,4,4,3.3333333333333335,168.79062874767772,161.06394617580554,95.42232727657964,239.7017220733627,True
tilted,periodic_rain,41,4,5,3.4166666666666665,134.20623553474692,127.13530634886189,94.73129608493167,246.77265125924743,True
tilted,periodic_rain,42,4,6,3.5,127.38442877418441,120.6858416655798,94.74143961466494,253.47123836785232,True
tilted,periodic_rain,43,4,7,3.5833333333333335,104.31460668429187,98.80184369380548,94.71525305447321,258.9840013583389,True
tilted,periodic_rain,44,4,8,3.6666666666666665,121.82723292291752,115.41436841003969,94.7360993441135,265.396865871217,True
tilted,periodic_rain,45,4,9,3.75,132.85956859247403,125.86995776808868,94.73909866001078,272.38647669560225,True
tilted,periodic_rain,46,4,10,3.8333333333333335,134.32117779001442,127.26458955636079,94.74648126992658,279.443064929256,True
tilted,periodic_rain,47,4,11,3.9166666666666665,113.64242866991444,107.74276611223239,94.80857402755954,285.34272748693814,True
tilted,periodic_rain,48,4,12,4.0,92.96773079428964,88.10060352705159,94.76471327668783,290.20985475417615,True
tilted,periodic_rain,49,5,1,4.083333333333333,114.65408514724683,108.73175029914637,94.83460633740648,296.13218960227607,True
tilted,periodic_rain,50,5,2,4.166666666666667,129.56314560710905,124.11978876575992,95.79868425095535,301.575546443625,True
tilted,periodic_rain,51,5,3,4.25,162.27403239917663,154.78764041683732,95.38657425858278,309.06193842596394,True
tilted,periodic_rain,52,5,4,4.333333333333333,168.79062874767772,161.04318743267464,95.4100287601958,316.80937974096696,True
tilted,periodic_rain,53,5,5,4.416666666666667,134.20623553474692,127.19845675204357,94.77835083088297,323.81715852367006,True
tilted,periodic_rain,54,5,6,4.5,127.38442877418441,120.68979172259804,94.74454050937888,330.5117955752567,True
tilted,periodic_rain,55,5,7,4.583333333333333,104.31460668429187,98.80291437659042,94.71627945223184,336.0234878829581,True
tilted,periodic_rain,56,5,8,4.666666666666667,121.82723292291752,115.41181497414645,94.73400339575124,342.4389058317291,True
tilted,periodic_rain,57,5,9,4.75,132.85956859247403,125.83434035144154,94.71229034125402,349.46413407276145,True
tilted,periodic_rain,58,5,10,4.833333333333333,134.32117779001442,127.27545038462414,94.75456698540498,356.50986147815166,True
tilted,periodic_rain,59,5,11,4.916666666666667,113.64242866991444,107.72083245291418,94.78927343747633,362.43145769515155,True
tilted,periodic_rain,60,5,12,5.0,92.96773079428964,88.08588705163729,94.74888361698918,367.31330143780394,True
tilted,periodic_rain,61,6,1,5.083333333333333,114.65408514724683,108.7292189204364,94.83239849744446,373.2381676646141,True
tilted,periodic_rain,62,6,2,5.166666666666667,129.56314560710905,124.12483434638646,95.80257855330723,378.67647892533654,True
tilted,periodic_rain,63,6,3,5.25,162.27403239917663,154.7910318816866,95.38866422011215,386.1594794428262,True
tilted,periodic_rain,64,6,4,5.333333333333333,168.79062874767772,161.0163068672568,95.39410337048828,393.9338013232471,True
tilted,periodic_rain,65,6,5,5.416666666666667,134.20623553474692,127.24781140873907,94.8151260645365,400.8922254492546,True
tilted,periodic_rain,66,6,6,5.5,127.38442877418441,120.68195549984542,94.73838887622557,407.5946987235934,True
tilted,periodic_rain,67,6,7,5.583333333333333,104.31460668429187,98.80032107214869,94.71379341070406,413.10898433573703,True
tilted,periodic_rain,68,6,8,5.666666666666667,121.82723292291752,115.41235896246378,94.73444992014835,419.5238582961909,True
tilted,periodic_rain,69,6,9,5.75,132.85956859247403,125.83898726853889,94.71578795692942,426.5444396201258,True
tilted,periodic_rain,70,6,10,5.833333333333333,134.32117779001442,127.28052418539792,94.75834435011937,433.58509322474265,True
tilted,periodic_rain,71,6,11,5.916666666666667,113.64242866991444,107.6972411484519,94.7685141975178,439.5302807462056,True
tilted,periodic_rain,72,6,12,6.0,92.96773079428964,88.06551079093117,94.72696605426925,444.43250074956387,True
tilted,periodic_rain,73,7,1,6.083333333333333,114.65408514724683,108.73235505548354,94.83513379906333,450.3542308413267,True
tilted,periodic_rain,74,7,2,6.166666666666667,129.56314560710905,124.12611752859588,95.80356894467461,455.79125891983966,True
tilted,periodic_rain,75,7,3,6.25,162.27403239917663,154.76191018741696,95.3707182223212,463.30338113159985,True
tilted,periodic_rain,76,7,4,6.333333333333333,168.79062874767772,161.07131481118307,95.42669282425975,471.02269506809455,True
tilted,periodic_rain,77,7,5,6.416666666666667,134.20623553474692,127.24326901269686,94.81174142594342,477.98566159014456,True
tilted,periodic_rain,78,7,6,6.5,127.38442877418441,120.67395950865114,94.73211182080269,484.6961308556775,True
tilted,periodic_rain,79,7,7,6.583333333333333,104.31460668429187,98.79999840651425,94.7134840909983,490.2107391334556,True
tilted,periodic_rain,80,7,8,6.666666666666667,121.82723292291752,115.39907539192352,94.72354630671025,496.6388966644497,True
tilted,periodic_rain,81,7,9,6.75,132.85956859247403,125.84804660600008,94.72260668858507,503.65041865092354,True
tilted,periodic_rain,82,7,10,6.833333333333333,134.32117779001442,127.3089507647455,94.7795074904486,510.66264567619197,True
tilted,periodic_rain,83,7,11,6.916666666666667,113.64242866991444,107.6972379576793,94.76851138978776,516.6078363884277,True
tilted,periodic_rain,84,7,12,7.0,92.96773079428964,88.06178671650511,94.7229602832407,521.513780466212,True
tilted,periodic_rain,85,8,1,7.083333333333333,114.65408514724683,108.72011934071912,94.82446194663984,527.4477462727394,True
tilted,periodic_rain,86,8,2,7.166666666666667,129.56314560710905,124.11678038751077,95.79636231115136,532.8941114923385,True
tilted,periodic_rain,87,8,3,7.25,162.27403239917663,154.72890229950525,95.3503773905666,540.4392415920091,True
tilted,periodic_rain,88,8,4,7.333333333333333,168.79062874767772,161.12179808838283,95.45660163944358,548.1080722513032,True
tilted,periodic_rain,89,8,5,7.416666666666667,134.20623553474692,127.245159218695,94.81314985975472,555.0691485673557,True
tilted,periodic_rain,90,8,6,7.5,127.38442877418441,120.66123863703798,94.72212561468977,561.7923387045026,True
tilted,periodic_rain,91,8,7,7.583333333333333,104.31460668429187,98.80338328764677,94.71672896843218,567.303562101147,True
tilted,periodic_rain,92,8,8,7.666666666666667,121.82723292291752,115.38585801231586,94.71269702507547,573.7449370117475,True
tilted,periodic_rain,93,8,9,7.75,132.85956859247403,125.88660963499647,94.75163209443647,580.7178959692247,True
tilted,periodic_rain,94,8,10,7.833333333333333,134.32117779001442,127.31864392735702,94.7867238972513,587.7204298318816,True
tilted,periodic_rain,95,8,11,7.916666666666667,113.64242866991444,107.68880699061424,94.76109253473184,593.6740515111824,True
tilted,periodic_rain,96,8,12,8.0,92.96773079428964,88.0649953150703,94.72641158676052,598.5767869904018,True
tilted,periodic_rain,97,9,1,8.083333333333334,114.65408514724683,108.72260484955348,94.82662977941368,604.5082672880958,True
tilted,periodic_rain,98,9,2,8.166666666666666,129.56314560710905,124.14176762609767,95.81564807213672,609.9296452691065,True
tilted,periodic_rain,99,9,3,8.25,162.27403239917663,154.75454264166436,95.36617803456369,617.4491350266186,True
tilted,periodic_rain,100,9,4,8.333333333333334,168.79062874767772,161.13115270259794,95.46214378019185,625.1086110716984,True
tilted,periodic_rain,101,9,5,8.416666666666666,134.20623553474692,127.23552973347117,94.8059747198028,632.0793168729737,True
tilted,periodic_rain,102,9,6,8.5,127.38442877418441,120.67027965694463,94.72922304409589,638.7934659902135,True
tilted,periodic_rain,103,9,7,8.583333333333334,104.31460668429187,98.82068426890194,94.73331435546963,644.2873884056033,True
tilted,periodic_rain,104,9,8,8.666666666666666,121.82723292291752,115.37444985563218,94.70333281609692,650.7401714728893,True
tilted,periodic_rain,105,9,9,8.75,132.85956859247403,125.94256698921961,94.79374976410526,657.6571730761435,True
tilted,periodic_rain,106,9,10,8.833333333333334,134.32117779001442,127.32654463382255,94.79260584870195,664.6518062323357,True
tilted,periodic_rain,107,9,11,8.916666666666666,113.64242866991444,107.6776472179094,94.75127245887157,670.6165876843406,True
tilted,periodic_rain,108,9,12,9.0,92.96773079428964,88.07685095222419,94.7391640085445,675.5074675264058,True
tilted,periodic_rain,109,10,1,9.083333333333334,114.65408514724683,108.71581318997241,94.82070617052321,681.4457394836803,True
tilted,periodic_rain,110,10,2,9.166666666666666,129.56314560710905,124.1240875064023,95.80200212396795,686.8847975843868,True
tilted,periodic_rain,111,10,3,9.25,162.27403239917663,154.79390549413978,95.39043505948226,694.3649244894231,True
tilted,periodic_rain,112,10,4,9.333333333333334,168.79062874767772,161.13210904811373,95.46271036704734,702.0234441889864,True
tilted,periodic_rain,113,10,5,9.416666666666666,134.20623553474692,127.2159362002974,94.7913751498978,709.0137435234359,True
tilted,periodic_rain,114,10,6,9.5,127.38442877418441,120.67339290375598,94.73166702162227,715.7247793938643,True
tilted,periodic_rain,115,10,7,9.583333333333334,104.31460668429187,98.79751567550291,94.71110404942,721.2418704026531,True
tilted,periodic_rain,116,10,8,9.666666666666666,121.82723292291752,115.4025436301053,94.72639315638298,727.6665596954653,True
tilted,periodic_rain,117,10,9,9.75,132.85956859247403,125.95721548546405,94.80477531265973,734.5689128024752,True
tilted,periodic_rain,118,10,10,9.833333333333334,134.32117779001442,127.30949359410599,94.77991161835264,741.5805969983833,True
tilted,periodic_rain,119,10,11,9.916666666666666,113.64242866991444,107.68142497635196,94.75459670887815,747.5416006919453,True
tilted,periodic_rain,120,10,12,10.0,92.96773079428964,88.0932132731356,94.75676400885818,752.4161182130996,True
vertical,no_rain,1,1,1,0.08333333333333333,56.58759638256745,55.622602135427655,98.29468945700428,0.9649942471397879,True
vertical,no_rain,2,1,2,0.16666666666666666,70.36851386726738,68.26397664023101,97.00926293397916,3.0695314741761726,True
vertical,no_rain,3,1,3,0.25,97.93463675342748,93.84717268213112,95.82633457702255,7.1569955454725305,True
vertical,no_rain,4,1,4,0.3333333333333333,113.32009524285874,107.35489403124288,94.7359722926179,13.122196757088416,True
vertical,no_rain,5,1,5,0.4166666666666667,92.74583411863944,86.84418234222346,93.63674731862712,19.023848533504378,True
vertical,no_rain,6,1,6,0.5,92.33813704546014,85.45659379091265,92.54745279173268,25.905391788051862,True
vertical,no_rain,7,1,7,0.5833333333333334,73.6579936773648,67.35144107016632,91.43806083719534,32.211944395250306,True
vertical,no_rain,8,1,8,0.6666666666666666,79.17990685192535,71.64800029167495,90.48760366144928,39.74385095550072,True
vertical,no_rain,9,1,9,0.75,81.4190423599775,72.93743853731416,89.58277624396064,48.225454778164035,True
vertical,no_rain,10,1,10,0.8333333333333334,74.05686262780284,65.67179563325368,88.67752872992867,56.61052177271316,True
vertical,no_rain,11,1,11,0.9166666666666666,57.30462535585029,50.27240774044446,87.72835949674715,63.642739388118976,True
vertical,no_rain,12,1,12,1.0,45.21287455585997,39.23433201372157,86.7769023737874,69.62128193025728,True
vertical,no_rain,13,2,1,1.0833333333333333,56.58759638256745,48.64779947207161,85.96901544144434,77.5610788407531,True
vertical,no_rain,14,2,2,1.1666666666666667,70.36851386726738,60.00053104269145,85.26616201653407,87.92906166532909,True
vertical,no_rain,15,2,3,1.25,97.93463675342748,82.77295465411481,84.51857013827946,103.09074376464173,True
vertical,no_rain,16,2,4,1.3333333333333333,113.32009524285874,94.97721806234105,83.81321764581412,121.43362094515935,True
vertical,no_rain,17,2,5,1.4166666666666667,92.74583411863944,76.95977141928279,82.97922181694621,137.21968364451598,True
vertical,no_rain,18,2,6,1.5,92.33813704546014,75.91568006963864,82.21487079846936,153.6421406203375,True
vertical,no_rain,19,2,7,1.5833333333333333,73.6579936773648,59.92399825861031,81.35437210126595,167.37613603909185,True
vertical,no_rain,20,2,8,1.6666666666666667,79.17990685192535,63.93393117303196,80.74514572566378,182.6221117179852,True
vertical,no_rain,21,2,9,1.75,81.4190423599775,65.27537304403683,80.17212086017327,198.76578103392572,True
vertical,no_rain,22,2,10,1.8333333333333333,74.05686262780284,58.89331724080026,79.52445614228627,213.92932642092822,True
vertical,no_rain,23,2,11,1.9166666666666667,57.30462535585029,45.18158538413187,78.84456988168623,226.05236639264655,True
vertical,no_rain,24,2,12,2.0,45.21287455585997,35.310802899273426,78.0989999997619,235.95443804923312,True
vertical,no_rain,25,3,1,2.0833333333333335,56.58759638256745,43.91594581471722,77.60701747750166,248.62608861708318,True
vertical,no_rain,26,3,2,2.1666666666666665,70.36851386726738,54.333272857144344,77.21247738673364,264.6613296272061,True
vertical,no_rain,27,3,3,2.25,97.93463675342748,75.1441556672862,76.72888587566679,287.4518107133472,True
vertical,no_rain,28,3,4,2.3333333333333335,113.32009524285874,86.43821403671932,76.27792215623514,314.33369191948657,True
vertical,no_rain,29,3,5,2.4166666666666665,92.74583411863944,70.14843764587918,75.63513586620623,336.93108839224726,True
vertical,no_rain,30,3,6,2.5,92.33813704546014,69.35512509439255,75.10994624057388,359.91410034331386,True
vertical,no_rain,31,3,7,2.5833333333333335,73.6579936773648,54.835173224567555,74.44565143160894,378.73692079611203,True
vertical,no_rain,32,3,8,2.6666666666666665,79.17990685192535,58.66854964348903,74.09524963600337,399.24827800454784,True
vertical,no_rain,33,3,9,2.75,81.4190423599775,60.068652542288284,73.77715433781097,420.5986678222367,True
vertical,no_rain,34,3,10,2.8333333333333335,74.05686262780284,54.30927705090991,73.33456363640339,440.34625339912986,True
vertical,no_rain,35,3,11,2.9166666666666665,57.30462535585029,41.758537868817086,72.87114715348874,455.89234088616314,True
vertical,no_rain,36,3,12,3.0,45.21287455585997,32.68778510171066,72.29751574703637,468.4174303403122,True
vertical,no_rain,37,4,1,3.0833333333333335,56.58759638256745,40.771267903844645,72.04983160656877,484.2337588190353,True
vertical,no_rain,38,4,2,3.1666666666666665,70.36851386726738,50.5887356315038,71.89115252160478,504.0135370547987,True
vertical,no_rain,39,4,3,3.25,97.93463675342748,70.13459067472132,71.61367315968197,531.8135831335062,True
vertical,no_rain,40,4,4,3.3333333333333335,113.32009524285874,80.8646252863681,71.35947522199427,564.2690530899968,True
vertical,no_rain,41,4,5,3.4166666666666665,92.74583411863944,65.73151137519419,70.87273730387844,591.2833758334425,True
vertical,no_rain,42,4,6,3.5,92.33813704546014,65.12993755700998,70.5341689154342,618.4915753218926,True
vertical,no_rain,43,4,7,3.5833333333333335,73.6579936773648,51.58067620290097,70.02726198168466,640.5688927963565,True
vertical,no_rain,44,4,8,3.6666666666666665,79.17990685192535,55.32387881075646,69.87110873244377,664.4249208375252,True
vertical,no_rain,45,4,9,3.75,81.4190423599775,56.78308462450289,69.74177413368263,689.0608785729992,True
vertical,no_rain,46,4,10,3.8333333333333335,74.05686262780284,51.43564473046475,69.45425839732306,711.682096470337,True
vertical,no_rain,47,4,11,3.9166666666666665,57.30462535585029,39.62780390730538,69.15288890072071,729.3589179188822,True
vertical,no_rain,48,4,12,4.0,45.21287455585997,31.06629342657748,68.71116630329585,743.5054990481644,True
vertical,no_rain,49,5,1,4.083333333333333,56.58759638256745,38.84086021659644,68.63846973461816,761.2522352141353,True
vertical,no_rain,50,5,2,4.166666666666667,70.36851386726738,48.30539045969016,68.64631325141555,783.3153586217121,True
vertical,no_rain,51,5,3,4.25,97.93463675342748,67.10050532654331,68.51560137552147,814.1494900485962,True
vertical,no_rain,52,5,4,4.333333333333333,113.32009524285874,NA,NA,NA,False
vertical,no_rain,53,5,5,4.416666666666667,92.74583411863944,NA,NA,NA,False
vertical,no_rain,54,5,6,4.5,92.33813704546014,NA,NA,NA,False
vertical,no_rain,55,5,7,4.583333333333333,73.6579936773648,NA,NA,NA,False
vertical,no_rain,56,5,8,4.666666666666667,79.17990685192535,NA,NA,NA,False
vertical,no_rain,57,5,9,4.75,81.4190423599775,NA,NA,NA,False
vertical,no_rain,58,5,10,4.833333333333333,74.05686262780284,NA,NA,NA,False
vertical,no_rain,59,5,11,4.916666666666667,57.30462535585029,NA,NA,NA,False
vertical,no_rain,60,5,12,5.0,45.21287455585997,NA,NA,NA,False
vertical,no_rain,61,6,1,5.083333333333333,56.58759638256745,NA,NA,NA,False
vertical,no_rain,62,6,2,5.166666666666667,70.36851386726738,NA,NA,NA,False
vertical,no_rain,63,6,3,5.25,97.93463675342748,NA,NA,NA,False
vertical,no_rain,64,6,4,5.333333333333333,113.32009524285874,NA,NA,NA,False
vertical,no_rain,65,6,5,5.416666666666667,92.74583411863944,NA,NA,NA,False
vertical,no_rain,66,6,6,5.5,92.33813704546014,NA,NA,NA,False
vertical,no_rain,67,6,7,5.583333333333333,73.6579936773648,NA,NA,NA,False
vertical,no_rain,68,6,8,5.666666666666667,79.17990685192535,NA,NA,NA,False
vertical,no_rain,69,6,9,5.75,81.4190423599775,NA,NA,NA,False
vertical,no_rain,70,6,10,5.833333333333333,74.05686262780284,NA,NA,NA,False
vertical,no_rain,71,6,11,5.916666666666667,57.30462535585029,NA,NA,NA,False
vertical,no_rain,72,6,12,6.0,45.21287455585997,NA,NA,NA,False
vertical,no_rain,73,7,1,6.083333333333333,56.58759638256745,NA,NA,NA,False
vertical,no_rain,74,7,2,6.166666666666667,70.36851386726738,NA,NA,NA,False
vertical,no_rain,75,7,3,6.25,97.93463675342748,NA,NA,NA,False
vertical,no_rain,76,7,4,6.333333333333333,113.32009524285874,NA,NA,NA,False
vertical,no_rain,77,7,5,6.416666666666667,92.74583411863944,NA,NA,NA,False
vertical,no_rain,78,7,6,6.5,92.33813704546014,NA,NA,NA,False
vertical,no_rain,79,7,7,6.583333333333333,73.6579936773648,NA,NA,NA,False
vertical,no_rain,80,7,8,6.666666666666667,79.17990685192535,NA,NA,NA,False
vertical,no_rain,81,7,9,6.75,81.4190423599775,NA,NA,NA,False
vertical,no_rain,82,7,10,6.833333333333333,74.05686262780284,NA,NA,NA,False
vertical,no_rain,83,7,11,6.916666666666667,57.30462535585029,NA,NA,NA,False
vertical,no_rain,84,7,12,7.0,45.21287455585997,NA,NA,NA,False
vertical,no_rain,85,8,1,7.083333333333333,56.58759638256745,NA,NA,NA,False
vertical,no_rain,86,8,2,7.166666666666667,70.36851386726738,NA,NA,NA,False
vertical,no_rain,87,8,3,7.25,97.93463675342748,NA,NA,NA,False
vertical,no_rain,88,8,4,7.333333333333333,113.32009524285874,NA,NA,NA,False
vertical,no_rain,89,8,5,7.416666666666667,92.74583411863944,NA,NA,NA,False
vertical,no_rain,90,8,6,7.5,92.33813704546014,NA,NA,NA,False
vertical,no_rain,91,8,7,7.583333333333333,73.6579936773648,NA,NA,NA,False
vertical,no_rain,92,8,8,7.666666666666667,79.17990685192535,NA,NA,NA,False
vertical,no_rain,93,8,9,7.75,81.4190423599775,NA,NA,NA,False
vertical,no_rain,94,8,10,7.833333333333333,74.05686262780284,NA,NA,NA,False
vertical,no_rain,95,8,11,7.916666666666667,57.30462535585029,NA,NA,NA,False
vertical,no_rain,96,8,12,8.0,45.21287455585997,NA,NA,NA,False
vertical,no_rain,97,9,1,8.083333333333334,56.58759638256745,NA,NA,NA,False
vertical,no_rain,98,9,2,8.166666666666666,70.36851386726738,NA,NA,NA,False
vertical,no_rain,99,9,3,8.25,97.93463675342748,NA,NA,NA,False
vertical,no_rain,100,9,4,8.333333333333334,113.32009524285874,NA,NA,NA,False
vertical,no_rain,101,9,5,8.416666666666666,92.74583411863944,NA,NA,NA,False
vertical,no_rain,102,9,6,8.5,92.33813704546014,NA,NA,NA,False
vertical,no_rain,103,9,7,8.583333333333334,73.6579936773648,NA,NA,NA,False
vertical,no_rain,104,9,8,8.666666666666666,79.17990685192535,NA,NA,NA,False
vertical,no_rain,105,9,9,8.75,81.4190423599775,NA,NA,NA,False
vertical,no_rain,106,9,10,8.833333333333334,74.05686262780284,NA,NA,NA,False
vertical,no_rain,107,9,11,8.916666666666666,57.30462535585029,NA,NA,NA,False
vertical,no_rain,108,9,12,9.0,45.21287455585997,NA,NA,NA,False
vertical,no_rain,109,10,1,9.083333333333334,56.58759638256745,NA,NA,NA,False
vertical,no_rain,110,10,2,9.166666666666666,70.36851386726738,NA,NA,NA,False
vertical,no_rain,111,10,3,9.25,97.93463675342748,NA,NA,NA,False
vertical,no_rain,112,10,4,9.333333333333334,113.32009524285874,NA,NA,NA,False
vertical,no_rain,113,10,5,9.416666666666666,92.74583411863944,NA,NA,NA,False
vertical,no_rain,114,10,6,9.5,92.33813704546014,NA,NA,NA,False
vertical,no_rain,115,10,7,9.583333333333334,73.6579936773648,NA,NA,NA,False
vertical,no_rain,116,10,8,9.666666666666666,79.17990685192535,NA,NA,NA,False
vertical,no_rain,117,10,9,9.75,81.4190423599775,NA,NA,NA,False
vertical,no_rain,118,10,10,9.833333333333334,74.05686262780284,NA,NA,NA,False
vertical,no_rain,119,10,11,9.916666666666666,57.30462535585029,NA,NA,NA,False
vertical,no_rain,120,10,12,10.0,45.21287455585997,NA,NA,NA,False
vertical,periodic_rain,1,1,1,0.08333333333333333,56.58759638256745,55.683149822090286,98.40168761655376,0.9044465604771569,True
vertical,periodic_rain,2,1,2,0.16666666666666666,70.36851386726738,68.57921550001168,97.45724576387849,2.6937449277328445,True
vertical,periodic_rain,3,1,3,0.25,97.93463675342748,94.66237057684688,96.65872434405483,5.966011104313451,True
vertical,periodic_rain,4,1,4,0.3333333333333333,113.32009524285874,108.74940010518776,95.96656256961712,10.536706241984444,True
vertical,periodic_rain,5,1,5,0.4166666666666667,92.74583411863944,88.37557697155259,95.28792081216665,14.906963389071269,True
vertical,periodic_rain,6,1,6,0.5,92.33813704546014,87.39973149150177,94.65182457436077,19.845368943029662,True
vertical,periodic_rain,7,1,7,0.5833333333333334,73.6579936773648,69.26927778155004,94.04176562962316,24.234084838844456,True
vertical,periodic_rain,8,1,8,0.6666666666666666,79.17990685192535,74.0616733446466,93.53594401563217,29.35231834612321,True
vertical,periodic_rain,9,1,9,0.75,81.4190423599775,75.77628941059498,93.0694923621992,34.995071295505674,True
vertical,periodic_rain,10,1,10,0.8333333333333334,74.05686262780284,68.58840677832414,92.61586886692429,40.4635271449844,True
vertical,periodic_rain,11,1,11,0.9166666666666666,57.30462535585029,52.80714924400668,92.15163508370365,44.961003256827944,True
vertical,periodic_rain,12,1,12,1.0,45.21287455585997,41.46454742743397,91.70960226429536,48.70933038525396,True
vertical,periodic_rain,13,2,1,1.0833333333333333,56.58759638256745,51.69765813149239,91.3586394127504,53.59926863632895,True
vertical,periodic_rain,14,2,2,1.1666666666666667,70.36851386726738,64.08462985220484,91.07003449452476,59.8831526513915,True
vertical,periodic_rain,15,2,3,1.25,97.93463675342748,88.88107594393439,90.75550682616256,68.93671346088465,True
vertical,periodic_rain,16,2,4,1.3333333333333333,113.32009524285874,102.5190723911678,90.46857238467454,79.73773631257548,True
vertical,periodic_rain,17,2,5,1.4166666666666667,92.74583411863944,83.56474634085404,90.10080844597175,88.91882409036086,True
vertical,periodic_rain,18,2,6,1.5,92.33813704546014,82.93271027493995,89.8141471428109,98.32425086088104,True
vertical,periodic_rain,19,2,7,1.5833333333333333,73.6579936773648,65.89711289091072,89.46362723311725,106.08513164733502,True
vertical,periodic_rain,20,2,8,1.6666666666666667,79.17990685192535,70.6756258231223,89.25954656058519,114.58941267613797,True
vertical,periodic_rain,21,2,9,1.75,81.4190423599775,72.51232248934278,89.06064280238584,123.49613254677276,True
vertical,periodic_rain,22,2,10,1.8333333333333333,74.05686262780284,65.77684424437146,88.81937731409803,131.7761509302042,True
vertical,periodic_rain,23,2,11,1.9166666666666667,57.30462535585029,50.76218061417603,88.58304246638559,138.31859567187854,True
vertical,periodic_rain,24,2,12,2.0,45.21287455585997,39.93337265585207,88.32301208036411,143.59809757188657,True
vertical,periodic_rain,25,3,1,2.0833333333333335,56.58759638256745,49.89814671024457,88.17859372025977,150.2875472442093,True
vertical,periodic_rain,26,3,2,2.1666666666666665,70.36851386726738,61.98837798348405,88.09107166936855,158.66768312799272,True
vertical,periodic_rain,27,3,3,2.25,97.93463675342748,86.1299428228266,87.94635450548324,170.47237705859337,True
vertical,periodic_rain,28,3,4,2.3333333333333335,113.32009524285874,99.50480993834654,87.80861834354765,184.28766236310574,True
vertical,periodic_rain,29,3,5,2.4166666666666665,92.74583411863944,81.20390478486402,87.55531238307577,195.82959169688135,True
vertical,periodic_rain,30,3,6,2.5,92.33813704546014,80.72836849087452,87.42689756793568,207.43936025146672,True
vertical,periodic_rain,31,3,7,2.5833333333333335,73.6579936773648,64.22078063608909,87.18779514601987,216.8765732927426,True
vertical,periodic_rain,32,3,8,2.6666666666666665,79.17990685192535,68.97993650119889,87.11798137145897,227.07654364346894,True
vertical,periodic_rain,33,3,9,2.75,81.4190423599775,70.86824327483676,87.0413618493662,237.6273427286097,True
vertical,periodic_rain,34,3,10,2.8333333333333335,74.05686262780284,64.35717166901424,86.90237391295173,247.32703368739848,True
vertical,periodic_rain,35,3,11,2.9166666666666665,57.30462535585029,49.72812658357804,86.77855631160014,254.90353245967052,True
vertical,periodic_rain,36,3,12,3.0,45.21287455585997,39.145060948617335,86.57945625698733,260.9713460669131,True
vertical,periodic_rain,37,4,1,3.0833333333333335,56.58759638256745,48.96976320112614,86.5379806381243,268.58917924835487,True
vertical,periodic_rain,38,4,2,3.1666666666666665,70.36851386726738,60.90267279972899,86.54818675666031,278.05502031589316,True
vertical,periodic_rain,39,4,3,3.25,97.93463675342748,84.70015119678501,86.48640971634656,291.2895058725355,True
vertical,periodic_rain,40,4,4,3.3333333333333335,113.32009524285874,97.93210569962136,86.42077602365312,306.6774954157736,True
vertical,periodic_rain,41,4,5,3.4166666666666665,92.74583411863944,79.98746638823928,86.24372959535866,319.4358631461744,True
vertical,periodic_rain,42,4,6,3.5,92.33813704546014,79.56873456945516,86.17104169026247,332.20526562217987,True
vertical,periodic_rain,43,4,7,3.5833333333333335,73.6579936773648,63.3437116636934,85.99706359251407,342.51954763585115,True
vertical,periodic_rain,44,4,8,3.6666666666666665,79.17990685192535,68.07951229425215,85.98079361417778,353.6199421935248,True
vertical,periodic_rain,45,4,9,3.75,81.4190423599775,69.99513869108678,85.96900265863815,365.0438458624157,True
vertical,periodic_rain,46,4,10,3.8333333333333335,74.05686262780284,63.60740814896725,85.88995792145184,375.4933003412512,True
vertical,periodic_rain,47,4,11,3.9166666666666665,57.30462535585029,49.18300340543465,85.82728374894349,383.61492229166686,True
vertical,periodic_rain,48,4,12,4.0,45.21287455585997,38.72923385662243,85.65974678025154,390.0985629909043,True
vertical,periodic_rain,49,5,1,4.083333333333333,56.58759638256745,48.47701994244579,85.66721868642539,398.2091394310259,True
vertical,periodic_rain,50,5,2,4.166666666666667,70.36851386726738,60.32035839485843,85.72066550764127,408.25729490343474,True
vertical,periodic_rain,51,5,3,4.25,97.93463675342748,83.93432851039097,85.70443644133235,422.2576031464707,True
vertical,periodic_rain,52,5,4,4.333333333333333,113.32009524285874,97.09263724462815,85.67998203367799,438.4850611447015,True
vertical,periodic_rain,53,5,5,4.416666666666667,92.74583411863944,79.35103757975943,85.55752216132367,451.8798576835816,True
vertical,periodic_rain,54,5,6,4.5,92.33813704546014,78.94906048031791,85.49994943199852,465.268934248724,True
vertical,periodic_rain,55,5,7,4.583333333333333,73.6579936773648,62.8692444546915,85.35291462060458,476.0576834713968,True
vertical,periodic_rain,56,5,8,4.666666666666667,79.17990685192535,67.59693874002608,85.3713289489458,487.6406515832968,True
vertical,periodic_rain,57,5,9,4.75,81.4190423599775,69.51611705386577,85.38066162276216,499.5435768894088,True
vertical,periodic_rain,58,5,10,4.833333333333333,74.05686262780284,63.20364872664456,85.34475602118782,510.39679079056697,True
vertical,periodic_rain,59,5,11,4.916666666666667,57.30462535585029,48.879384840518355,85.29745118650918,518.822031305899,True
vertical,periodic_rain,60,5,12,5.0,45.21287455585997,38.50039738250422,85.15361555907585,525.5345084792547,True
vertical,periodic_rain,61,6,1,5.083333333333333,56.58759638256745,48.20864800960933,85.19295939641754,533.9134568522126,True
vertical,periodic_rain,62,6,2,5.166666666666667,70.36851386726738,60.007673153181564,85.27631159920621,544.274297566298,True
vertical,periodic_rain,63,6,3,5.25,97.93463675342748,83.51714085649016,85.27845063311295,558.6917934632351,True
vertical,periodic_rain,64,6,4,5.333333333333333,113.32009524285874,96.62823430785598,85.27016686737682,575.3836543982383,True
vertical,periodic_rain,65,6,5,5.416666666666667,92.74583411863944,79.00426028557985,85.18362149238799,589.1252282312976,True
vertical,periodic_rain,66,6,6,5.5,92.33813704546014,78.60570496408285,85.12810359752383,602.8576603126752,True
vertical,periodic_rain,67,6,7,5.583333333333333,73.6579936773648,62.610093304553644,85.00108430701638,613.9055606854868,True
vertical,periodic_rain,68,6,8,5.666666666666667,79.17990685192535,67.33356706685962,85.03870457031526,625.7519004705512,True
vertical,periodic_rain,69,6,9,5.75,81.4190423599775,69.2604503349093,85.06664820336317,637.9104924956191,True
vertical,periodic_rain,70,6,10,5.833333333333333,74.05686262780284,62.98159486998203,85.04491364496062,648.9857602534402,True
vertical,periodic_rain,71,6,11,5.916666666666667,57.30462535585029,48.710761726645195,85.00319376343721,657.5796238826455,True
vertical,periodic_rain,72,6,12,6.0,45.21287455585997,38.371532738792084,84.86859797287278,664.420965699714,True
vertical,periodic_rain,73,7,1,6.083333333333333,56.58759638256745,48.06204368306739,84.93388437660083,672.9465183992136,True
vertical,periodic_rain,74,7,2,6.166666666666667,70.36851386726738,59.83534181252429,85.03141323318084,683.4796904539579,True
vertical,periodic_rain,75,7,3,6.25,97.93463675342748,83.2789138809989,85.03519964103438,698.1354133263864,True
vertical,periodic_rain,76,7,4,6.333333333333333,113.32009524285874,96.39122549521664,85.06101701435965,715.064283074028,True
vertical,periodic_rain,77,7,5,6.416666666666667,92.74583411863944,78.8068117588448,84.97072942169673,729.0033054338227,True
vertical,periodic_rain,78,7,6,6.5,92.33813704546014,78.41715386975085,84.92390725962375,742.924288609532,True
vertical,periodic_rain,79,7,7,6.583333333333333,73.6579936773648,62.466439938941775,84.80605677715845,754.1158423479545,True
vertical,periodic_rain,80,7,8,6.666666666666667,79.17990685192535,67.18490850789227,84.85095673771761,766.1108406919881,True
vertical,periodic_rain,81,7,9,6.75,81.4190423599775,69.1214498889193,84.89592592272588,778.4084331630472,True
vertical,periodic_rain,82,7,10,6.833333333333333,74.05686262780284,62.86509200925417,84.88759823002952,789.6002037815956,True
vertical,periodic_rain,83,7,11,6.916666666666667,57.30462535585029,48.61998061976668,84.84477530015474,798.2848485176797,True
vertical,periodic_rain,84,7,12,7.0,45.21287455585997,38.30259426333009,84.71612265220539,805.19512881021,True
vertical,periodic_rain,85,8,1,7.083333333333333,56.58759638256745,47.97886998648488,84.78690217219652,813.803855206292,True
vertical,periodic_rain,86,8,2,7.166666666666667,70.36851386726738,59.73597043273641,84.89019754689348,824.4363986408233,True
vertical,periodic_rain,87,8,3,7.25,97.93463675342748,83.14291834036811,84.89633606310211,839.2281170538823,True
vertical,periodic_rain,88,8,4,7.333333333333333,113.32009524285874,96.26502058552359,84.9496467323081,856.2831917112175,True
vertical,periodic_rain,89,8,5,7.416666666666667,92.74583411863944,78.69892610663416,84.85440543449464,870.3300997232236,True
vertical,periodic_rain,90,8,6,7.5,92.33813704546014,78.31012789327298,84.80800067984818,884.3581088754129,True
vertical,periodic_rain,91,8,7,7.583333333333333,73.6579936773648,62.38907200900192,84.70102007159905,895.6270305437762,True
vertical,periodic_rain,92,8,8,7.666666666666667,79.17990685192535,67.09979408155884,84.74346175607711,907.707143314143,True
vertical,periodic_rain,93,8,9,7.75,81.4190423599775,69.05444513102665,84.81362974734665,920.0717405430945,True
vertical,periodic_rain,94,8,10,7.833333333333333,74.05686262780284,62.79893659207277,84.79826766047262,931.3296665788238,True
vertical,periodic_rain,95,8,11,7.916666666666667,57.30462535585029,48.56887768361951,84.75559761889458,940.0654142510551,True
vertical,periodic_rain,96,8,12,8.0,45.21287455585997,38.26531364688306,84.63366689858819,947.0129751600326,True
vertical,periodic_rain,97,9,1,8.083333333333334,56.58759638256745,47.934153126742004,84.70787980227544,955.6664184158584,True
vertical,periodic_rain,98,9,2,8.166666666666666,70.36851386726738,59.68576947549653,84.81885746241397,966.3491628076285,True
vertical,periodic_rain,99,9,3,8.25,97.93463675342748,83.08034151060434,84.8324395379929,981.2034580504513,True
vertical,periodic_rain,100,9,4,8.333333333333334,113.32009524285874,96.19033672343065,84.88374150876159,998.3332165698793,True
vertical,periodic_rain,101,9,5,8.416666666666666,92.74583411863944,78.63754121875704,84.78821929421085,1012.441509469762,True
vertical,periodic_rain,102,9,6,8.5,92.33813704546014,78.25620992220186,84.74960880321267,1026.5234365930207,True
vertical,periodic_rain,103,9,7,8.583333333333334,73.6579936773648,62.35207422169742,84.65079091729089,1037.829356048689,True
vertical,periodic_rain,104,9,8,8.666666666666666,79.17990685192535,67.05228359161912,84.68345854083138,1049.9569793089936,True
vertical,periodic_rain,105,9,9,8.75,81.4190423599775,69.02639918757595,84.77918332960729,1062.3496224813964,True
vertical,periodic_rain,106,9,10,8.833333333333334,74.05686262780284,62.76213497596599,84.74857393216584,1073.644350133233,True
vertical,periodic_rain,107,9,11,8.916666666666666,57.30462535585029,48.53808950224414,84.70187040022037,1082.4108859868397,True
vertical,periodic_rain,108,9,12,9.0,45.21287455585997,38.24650562611866,84.59206808199191,1089.3772549165826,True
vertical,periodic_rain,109,10,1,9.083333333333334,56.58759638256745,47.90736910785648,84.66054784156724,1098.0574821912917,True
vertical,periodic_rain,110,10,2,9.166666666666666,70.36851386726738,59.64948164865348,84.76728919011607,1108.7765144099064,True
vertical,periodic_rain,111,10,3,9.25,97.93463675342748,83.04958245896408,84.80103180252776,1123.6615687043684,True
vertical,periodic_rain,112,10,4,9.333333333333334,113.32009524285874,96.14819227357947,84.84655088536786,1140.833471673648,True
vertical,periodic_rain,113,10,5,9.416666666666666,92.74583411863944,78.60025903668875,84.74802106598575,1154.9790467556006,True
vertical,periodic_rain,114,10,6,9.5,92.33813704546014,78.22509265661392,84.71590954678017,1169.0920911444477,True
vertical,periodic_rain,115,10,7,9.583333333333334,73.6579936773648,62.31988525340328,84.60709034022231,1180.43019956841,True
vertical,periodic_rain,116,10,8,9.666666666666666,79.17990685192535,67.03510123891849,84.66175814563799,1192.5750051814189,True
vertical,periodic_rain,117,10,9,9.75,81.4190423599775,69.00609475366548,84.75424514153491,1204.98795278773,True
vertical,periodic_rain,118,10,10,9.833333333333334,74.05686262780284,62.73719386198324,84.71489560297697,1216.3076215535507,True
vertical,periodic_rain,119,10,11,9.916666666666666,57.30462535585029,48.52318241414211,84.67585663953447,1225.0890644952585,True
vertical,periodic_rain,120,10,12,10.0,45.21287455585997,38.23778031669382,84.57276979691149,1232.0641587344246,True
