design_id,profile,case_id,pv_kwp,ess_nominal_kwh,ess_pcs_kw,horizon_years,cost_multiplier,tariff,recovery_fraction,capex_krw,present_total_cost_krw,grid_only_present_cost_krw,npv_saving_vs_grid_krw,cumulative_user_solar_fraction,last_year_user_solar_fraction,minimum_annual_user_solar_fraction,cumulative_battery_user_kwh,discounted_user_load_kwh,net_present_cost_per_discounted_user_kwh,terminal_residual_proxy_krw,planning_pv_area_m2,minimum_solar_fraction_target,selection,feasible_in_grid
daytime_M01_pv0_e0_p0,daytime,M01,0.0,0.0,0.0,1,1.0,base_assumed,0.0,0.0,6257142.857143769,6257142.857142857,-9.117648005485536e-07,0.0,0.0,0.0,0.0,34761.90476190476,180.00000000002623,0.0,0.0,0.0,any,True
daytime_M01_pv0_e0_p0,daytime,M01,0.0,0.0,0.0,1,1.0,base_assumed,0.0,0.0,6257142.857143769,6257142.857142857,-9.117648005485536e-07,0.0,0.0,0.0,0.0,34761.90476190476,180.00000000002623,0.0,0.0,0.0,no_ess,True
daytime_M01_pv20_e0_p0,daytime,M01,20.0,0.0,0.0,1,1.0,base_assumed,0.0,31000000.0,34872121.25583208,6257142.857142857,-28614978.398689225,0.6437176585913237,0.6437176585913237,0.6437176585913237,0.0,34761.90476190476,1003.170611469142,0.0,229.84000000000003,0.5,any,True
daytime_M01_pv20_e0_p0,daytime,M01,20.0,0.0,0.0,1,1.0,base_assumed,0.0,31000000.0,34872121.25583208,6257142.857142857,-28614978.398689225,0.6437176585913237,0.6437176585913237,0.6437176585913237,0.0,34761.90476190476,1003.170611469142,0.0,229.84000000000003,0.5,no_ess,True
daytime_M01_pv30_e25_p6.25,daytime,M01,30.0,25.0,6.25,1,1.0,base_assumed,0.0,59250000.0,62998858.650873296,6257142.857142857,-56741715.79373044,0.8659811745429735,0.8659811745429735,0.8659811745429735,5432.146419361758,34761.90476190476,1812.2959337922453,0.0,344.76,0.8,any,True
daytime_M01_pv75_e0_p0,daytime,M01,75.0,0.0,0.0,1,1.0,base_assumed,0.0,108000000.0,110819847.82890676,6257142.857142857,-104562704.97176392,0.8072664867001683,0.8072664867001683,0.8072664867001683,0.0,34761.90476190476,3187.968225215126,0.0,861.9,0.8,no_ess,True
daytime_M01_pv50_e50_p12.5,daytime,M01,50.0,50.0,12.5,1,1.0,base_assumed,0.0,98500000.0,102414803.20574412,6257142.857142857,-96157660.34860128,0.9559756464951472,0.9559756464951472,0.9559756464951472,6539.879141947422,34761.90476190476,2946.1792703022284,0.0,574.6,0.95,any,True
,daytime,,,,,1,1.0,base_assumed,0.0,,,,,,,,,,,,,0.95,no_ess,False
daytime_M01_pv0_e0_p0,daytime,M01,0.0,0.0,0.0,2,1.0,base_assumed,0.0,0.0,12216326.530614026,12216326.530612243,-1.780688762664795e-06,0.0,0.0,0.0,0.0,67868.48072562358,180.00000000002626,0.0,0.0,0.0,any,True
daytime_M01_pv0_e0_p0,daytime,M01,0.0,0.0,0.0,2,1.0,base_assumed,0.0,0.0,12216326.530614026,12216326.530612243,-1.780688762664795e-06,0.0,0.0,0.0,0.0,67868.48072562358,180.00000000002626,0.0,0.0,0.0,no_ess,True
daytime_M01_pv20_e0_p0,daytime,M01,20.0,0.0,0.0,2,1.0,base_assumed,0.0,31000000.0,36669973.24572984,12216326.530612243,-24453646.7151176,0.6431586196733773,0.642599580755431,0.642599580755431,0.0,67868.48072562358,540.3093284786789,0.0,229.84000000000003,0.5,any,True
daytime_M01_pv20_e0_p0,daytime,M01,20.0,0.0,0.0,2,1.0,base_assumed,0.0,31000000.0,36669973.24572984,12216326.530612243,-24453646.7151176,0.6431586196733773,0.642599580755431,0.642599580755431,0.0,67868.48072562358,540.3093284786789,0.0,229.84000000000003,0.5,no_ess,True
daytime_M01_pv30_e25_p6.25,daytime,M01,30.0,25.0,6.25,2,1.0,base_assumed,0.0,59250000.0,63262351.04680939,12216326.530612243,-51046024.516197145,0.8644211482898763,0.8628611220367789,0.8628611220367789,10776.48381098585,67868.48072562358,932.1315339673552,0.0,344.76,0.8,any,True
daytime_M01_pv75_e0_p0,daytime,M01,75.0,0.0,0.0,2,1.0,base_assumed,0.0,108000000.0,106405435.97982123,12216326.530612243,-94189109.449209,0.8071216195063172,0.8069767523124663,0.8069767523124663,0.0,67868.48072562358,1567.8181512563035,0.0,861.9,0.8,no_ess,True
daytime_M01_pv50_e50_p12.5,daytime,M01,50.0,50.0,12.5,2,1.0,base_assumed,0.0,98500000.0,100459205.7462087,12216326.530612243,-88242879.21559645,0.9554958627325668,0.9550160789699864,0.9550160789699864,13062.896325300067,67868.48072562358,1480.2041341155375,0.0,574.6,0.95,any,True
,daytime,,,,,2,1.0,base_assumed,0.0,,,,,,,,,,,,,0.95,no_ess,False
daytime_M01_pv0_e0_p0,daytime,M01,0.0,0.0,0.0,3,1.0,base_assumed,0.0,0.0,17891739.55296665,17891739.552964043,-2.60770320892334e-06,0.0,0.0,0.0,0.0,99398.55307202243,180.00000000002626,0.0,0.0,0.0,any,True
daytime_M01_pv0_e0_p0,daytime,M01,0.0,0.0,0.0,3,1.0,base_assumed,0.0,0.0,17891739.55296665,17891739.552964043,-2.60770320892334e-06,0.0,0.0,0.0,0.0,99398.55307202243,180.00000000002626,0.0,0.0,0.0,no_ess,True
daytime_M01_pv20_e0_p0,daytime,M01,20.0,0.0,0.0,3,1.0,base_assumed,0.0,31000000.0,38396351.48833589,17891739.552964043,-20504611.93537185,0.6425973970498019,0.6414749518026511,0.6414749518026511,0.0,99398.55307202243,386.2868251262629,0.0,229.84000000000003,0.5,any,True
daytime_M01_pv20_e0_p0,daytime,M01,20.0,0.0,0.0,3,1.0,base_assumed,0.0,31000000.0,38396351.48833589,17891739.552964043,-20504611.93537185,0.6425973970498019,0.6414749518026511,0.6414749518026511,0.0,99398.55307202243,386.2868251262629,0.0,229.84000000000003,0.5,no_ess,True
daytime_M01_pv30_e25_p6.25,daytime,M01,30.0,25.0,6.25,3,1.0,base_assumed,0.0,59250000.0,63538700.20133266,17891739.552964043,-45646960.64836861,0.8628311421321535,0.8596511298167079,0.8596511298167079,16029.773718120252,99398.55307202243,639.2316410812704,0.0,344.76,0.8,any,True
daytime_M01_pv75_e0_p0,daytime,M01,75.0,0.0,0.0,3,1.0,base_assumed,0.0,108000000.0,102241877.26068152,17891739.552964043,-84350137.70771746,0.8069758617855948,0.8066843463441498,0.8066843463441498,0.0,99398.55307202243,1028.605287509556,0.0,861.9,0.8,no_ess,True
daytime_M01_pv50_e50_p12.5,daytime,M01,50.0,50.0,12.5,3,1.0,base_assumed,0.0,98500000.0,98626967.54414111,17891739.552964043,-80735227.99117707,0.9549200008342228,0.9537682770375352,0.9537682770375352,19558.577036839728,99398.55307202243,992.2374571456562,0.0,574.6,0.95,any,True
,daytime,,,,,3,1.0,base_assumed,0.0,,,,,,,,,,,,,0.95,no_ess,False
daytime_M01_pv0_e0_p0,daytime,M01,0.0,0.0,0.0,4,1.0,base_assumed,0.0,0.0,23296894.8123501,23296894.812346704,-3.3974647521972656e-06,0.0,0.0,0.0,0.0,129427.19340192614,180.00000000002623,0.0,0.0,0.0,any,True
daytime_M01_pv0_e0_p0,daytime,M01,0.0,0.0,0.0,4,1.0,base_assumed,0.0,0.0,23296894.8123501,23296894.812346704,-3.3974647521972656e-06,0.0,0.0,0.0,0.0,129427.19340192614,180.00000000002623,0.0,0.0,0.0,no_ess,True
daytime_M01_pv20_e0_p0,daytime,M01,20.0,0.0,0.0,4,1.0,base_assumed,0.0,31000000.0,40053952.60013611,23296894.812346704,-16757057.787789404,0.6420342303106742,0.6403447300932912,0.6403447300932912,0.0,129427.19340192614,309.4709198842909,0.0,229.84000000000003,0.5,any,True
daytime_M01_pv20_e0_p0,daytime,M01,20.0,0.0,0.0,4,1.0,base_assumed,0.0,31000000.0,40053952.60013611,23296894.812346704,-16757057.787789404,0.6420342303106742,0.6403447300932912,0.6403447300932912,0.0,129427.19340192614,309.4709198842909,0.0,229.84000000000003,0.5,no_ess,True
daytime_M01_pv30_e25_p6.25,daytime,M01,30.0,25.0,6.25,4,1.0,base_assumed,0.0,59250000.0,63826503.441894695,23296894.812346704,-40529608.62954799,0.8611918020411468,0.8562737817681264,0.8562737817681264,21185.90275152209,129427.19340192614,493.1460055978068,0.0,344.76,0.8,any,True
daytime_M01_pv75_e0_p0,daytime,M01,75.0,0.0,0.0,4,1.0,base_assumed,0.0,108000000.0,98315105.89154293,23296894.812346704,-75018211.07919621,0.806829536915328,0.8063905623045274,0.8063905623045274,0.0,129427.19340192614,759.6170735637677,0.0,861.9,0.8,no_ess,True
daytime_M01_pv50_e50_p12.5,daytime,M01,50.0,50.0,12.5,4,1.0,base_assumed,0.0,98500000.0,96910848.16647118,23296894.812346704,-73613953.35412449,0.9543020991473884,0.9524483940868844,0.9524483940868844,26024.35897518369,129427.19340192614,748.7672846734923,0.0,574.6,0.95,any,True
,daytime,,,,,4,1.0,base_assumed,0.0,,,,,,,,,,,,,0.95,no_ess,False
daytime_M01_pv0_e0_p0,daytime,M01,0.0,0.0,0.0,5,1.0,base_assumed,0.0,0.0,28444661.726048622,28444661.72604448,-4.14624810218811e-06,0.0,0.0,0.0,0.0,158025.89847802487,180.00000000002626,0.0,0.0,0.0,any,True
daytime_M01_pv0_e0_p0,daytime,M01,0.0,0.0,0.0,5,1.0,base_assumed,0.0,0.0,28444661.726048622,28444661.72604448,-4.14624810218811e-06,0.0,0.0,0.0,0.0,158025.89847802487,180.00000000002626,0.0,0.0,0.0,no_ess,True
daytime_M01_pv20_e0_p0,daytime,M01,20.0,0.0,0.0,5,1.0,base_assumed,0.0,31000000.0,41645395.15119641,28444661.72604448,-13200733.425151931,0.6414681281752888,0.639203719633747,0.639203719633747,0.0,158025.89847802487,263.53525309642606,0.0,229.84000000000003,0.5,any,True
daytime_M01_pv20_e0_p0,daytime,M01,20.0,0.0,0.0,5,1.0,base_assumed,0.0,31000000.0,41645395.15119641,28444661.72604448,-13200733.425151931,0.6414681281752888,0.639203719633747,0.639203719633747,0.0,158025.89847802487,263.53525309642606,0.0,229.84000000000003,0.5,no_ess,True
daytime_M01_pv30_e25_p6.25,daytime,M01,30.0,25.0,6.25,5,1.0,base_assumed,0.0,59250000.0,64124304.40425692,28444661.72604448,-35679642.678212434,0.8595057812947257,0.8527616983090415,0.8527616983090415,26240.061878586468,158025.89847802487,405.78351410654415,0.0,344.76,0.8,any,True
daytime_M01_pv75_e0_p0,daytime,M01,75.0,0.0,0.0,5,1.0,base_assumed,0.0,108000000.0,94611833.04963286,28444661.72604448,-66167171.32358839,0.8066829559917019,0.8060966322971979,0.8060966322971979,0.0,158025.89847802487,598.7109325803935,0.0,861.9,0.8,no_ess,True
daytime_M01_pv50_e50_p12.5,daytime,M01,50.0,50.0,12.5,5,1.0,base_assumed,0.0,98500000.0,95303960.3345025,28444661.72604448,-66859298.60845803,0.9536565062375212,0.9510741345980528,0.9510741345980528,32458.407096819472,158025.89847802487,603.090767098252,0.0,574.6,0.95,any,True
,daytime,,,,,5,1.0,base_assumed,0.0,,,,,,,,,,,,,0.95,no_ess,False
daytime_M01_pv0_e0_p0,daytime,M01,0.0,0.0,0.0,6,1.0,base_assumed,0.0,0.0,33347296.88195198,33347296.881947123,-4.857778549194336e-06,0.0,0.0,0.0,0.0,185262.76045526177,180.00000000002623,0.0,0.0,0.0,any,True
daytime_M01_pv0_e0_p0,daytime,M01,0.0,0.0,0.0,6,1.0,base_assumed,0.0,0.0,33347296.88195198,33347296.881947123,-4.857778549194336e-06,0.0,0.0,0.0,0.0,185262.76045526177,180.00000000002623,0.0,0.0,0.0,no_ess,True
daytime_M01_pv20_e0_p0,daytime,M01,20.0,0.0,0.0,6,1.0,base_assumed,0.0,31000000.0,43173208.47561692,33347296.881947123,-9825911.593669794,0.6408985668494036,0.6380507602199776,0.6380507602199776,0.0,185262.76045526177,233.03770476874985,0.0,229.84000000000003,0.5,any,True
daytime_M01_pv20_e0_p0,daytime,M01,20.0,0.0,0.0,6,1.0,base_assumed,0.0,31000000.0,43173208.47561692,33347296.881947123,-9825911.593669794,0.6408985668494036,0.6380507602199776,0.6380507602199776,0.0,185262.76045526177,233.03770476874985,0.0,229.84000000000003,0.5,no_ess,True
daytime_M01_pv30_e25_p6.25,daytime,M01,30.0,25.0,6.25,6,1.0,base_assumed,0.0,59250000.0,64430663.97543798,33347296.881947123,-31083367.09349085,0.8577807284419315,0.8491554641779611,0.8491554641779611,31189.03355603012,185262.76045526177,347.7798982218935,0.0,344.76,0.8,any,True
daytime_M01_pv75_e0_p0,daytime,M01,75.0,0.0,0.0,6,1.0,base_assumed,0.0,108000000.0,91119518.29365136,33347296.881947123,-57772221.41170425,0.8065355897983318,0.805798758831481,0.805798758831481,0.0,185262.76045526177,491.8393640995941,0.0,861.9,0.8,no_ess,True
daytime_M03_pv50_e50_p12.5,daytime,M03,50.0,50.0,12.5,6,1.0,base_assumed,0.0,102920000.0,98503954.41651995,33347296.881947123,-65156657.53457285,0.9534967784270888,0.9501151936919694,0.9501151936919694,38762.72939541296,185262.76045526177,531.69862186258,0.0,574.6,0.95,any,True
,daytime,,,,,6,1.0,base_assumed,0.0,,,,,,,,,,,,,0.95,no_ess,False
daytime_M01_pv0_e0_p0,daytime,M01,0.0,0.0,0.0,7,1.0,base_assumed,0.0,0.0,38016473.220907554,38016473.22090202,-5.535781383514404e-06,0.0,0.0,0.0,0.0,211202.6290050112,180.00000000002623,0.0,0.0,0.0,any,True
daytime_M01_pv0_e0_p0,daytime,M01,0.0,0.0,0.0,7,1.0,base_assumed,0.0,0.0,38016473.220907554,38016473.22090202,-5.535781383514404e-06,0.0,0.0,0.0,0.0,211202.6290050112,180.00000000002623,0.0,0.0,0.0,no_ess,True
daytime_M01_pv20_e0_p0,daytime,M01,20.0,0.0,0.0,7,1.0,base_assumed,0.0,31000000.0,44639816.25278728,38016473.22090202,-6623343.031885259,0.6403261814156351,0.6368918688130236,0.6368918688130236,0.0,211202.6290050112,211.3601353500581,0.0,229.84000000000003,0.5,any,True
daytime_M01_pv20_e0_p0,daytime,M01,20.0,0.0,0.0,7,1.0,base_assumed,0.0,31000000.0,44639816.25278728,38016473.22090202,-6623343.031885259,0.6403261814156351,0.6368918688130236,0.6368918688130236,0.0,211202.6290050112,211.3601353500581,0.0,229.84000000000003,0.5,no_ess,True
daytime_M01_pv30_e25_p6.25,daytime,M01,30.0,25.0,6.25,7,1.0,base_assumed,0.0,59250000.0,64744465.52423243,38016473.22090202,-26727992.30333041,0.8560093015808756,0.8453807404145401,0.8453807404145401,36026.96807542373,211202.6290050112,306.55141855595105,0.0,344.76,0.8,any,True
daytime_M01_pv75_e0_p0,daytime,M01,75.0,0.0,0.0,7,1.0,base_assumed,0.0,108000000.0,87826316.08838212,38016473.22090202,-49809842.86748011,0.8063872670299932,0.8054973304199617,0.8054973304199617,0.0,211202.6290050112,415.83912332027967,0.0,861.9,0.8,no_ess,True
daytime_M01_pv40_e100_p25,daytime,M01,40.0,100.0,25.0,7,1.0,base_assumed,0.0,107000000.0,108970861.90455396,38016473.22090202,-70954388.68365192,0.9654813486488414,0.9616813160267906,0.9616813160267906,54625.17679834172,211202.6290050112,515.9540978155551,0.0,459.68000000000006,0.95,any,True
,daytime,,,,,7,1.0,base_assumed,0.0,,,,,,,,,,,,,0.95,no_ess,False
daytime_M01_pv0_e0_p0,daytime,M01,0.0,0.0,0.0,8,1.0,base_assumed,0.0,0.0,42463307.82943668,42463307.82943049,-6.183981895446777e-06,0.0,0.0,0.0,0.0,235907.26571905828,180.0000000000262,0.0,0.0,0.0,any,True
daytime_M01_pv0_e0_p0,daytime,M01,0.0,0.0,0.0,8,1.0,base_assumed,0.0,0.0,42463307.82943668,42463307.82943049,-6.183981895446777e-06,0.0,0.0,0.0,0.0,235907.26571905828,180.0000000000262,0.0,0.0,0.0,no_ess,True
daytime_M01_pv20_e0_p0,daytime,M01,20.0,0.0,0.0,8,1.0,base_assumed,0.0,31000000.0,46047565.790462114,42463307.82943049,-3584257.961031623,0.6397508514662212,0.6357235418203239,0.6357235418203239,0.0,235907.26571905828,195.19350389699363,0.0,229.84000000000003,0.5,any,True
daytime_M01_pv20_e0_p0,daytime,M01,20.0,0.0,0.0,8,1.0,base_assumed,0.0,31000000.0,46047565.790462114,42463307.82943049,-3584257.961031623,0.6397508514662212,0.6357235418203239,0.6357235418203239,0.0,235907.26571905828,195.19350389699363,0.0,229.84000000000003,0.5,no_ess,True
daytime_M01_pv30_e25_p6.25,daytime,M01,30.0,25.0,6.25,8,1.0,base_assumed,0.0,59250000.0,65064880.83424335,42463307.82943049,-22601573.00481286,0.8541727749818255,0.8413170887884747,0.8413170887884747,40743.36924672393,235907.26571905828,275.8070237299476,0.0,344.76,0.8,any,True
daytime_M01_pv75_e0_p0,daytime,M01,75.0,0.0,0.0,8,1.0,base_assumed,0.0,108000000.0,84721029.78492795,42463307.82943049,-42257721.95549746,0.806238351783519,0.8051959450581997,0.8051959450581997,0.0,235907.26571905828,359.12853097887256,0.0,861.9,0.8,no_ess,True
daytime_M01_pv40_e100_p25,daytime,M01,40.0,100.0,25.0,8,1.0,base_assumed,0.0,107000000.0,108581206.46652237,42463307.82943049,-66117898.63709188,0.9648308349631372,0.9602772391632084,0.9602772391632084,62322.58468253958,235907.26571905828,460.2707175447136,0.0,459.68000000000006,0.95,any,True
,daytime,,,,,8,1.0,base_assumed,0.0,,,,,,,,,,,,,0.95,no_ess,False
daytime_M01_pv10_e0_p0,daytime,M01,10.0,0.0,0.0,9,1.0,base_assumed,0.0,17000000.0,46313802.67604522,46698388.40898142,384585.732936196,0.4093615667504723,0.4012805708931886,0.4012805708931886,0.0,259435.49116100787,178.51760554727835,0.0,114.92000000000002,0.0,any,True
daytime_M01_pv10_e0_p0,daytime,M01,10.0,0.0,0.0,9,1.0,base_assumed,0.0,17000000.0,46313802.67604522,46698388.40898142,384585.732936196,0.4093615667504723,0.4012805708931886,0.4012805708931886,0.0,259435.49116100787,178.51760554727835,0.0,114.92000000000002,0.0,no_ess,True
daytime_M01_pv20_e0_p0,daytime,M01,20.0,0.0,0.0,9,1.0,base_assumed,0.0,31000000.0,47398722.88829687,46698388.40898142,-700334.4793154448,0.6391724044921921,0.6345448286999598,0.6345448286999598,0.0,259435.49116100787,182.69945517547103,0.0,229.84000000000003,0.5,any,True
daytime_M01_pv20_e0_p0,daytime,M01,20.0,0.0,0.0,9,1.0,base_assumed,0.0,31000000.0,47398722.88829687,46698388.40898142,-700334.4793154448,0.6391724044921921,0.6345448286999598,0.6345448286999598,0.0,259435.49116100787,182.69945517547103,0.0,229.84000000000003,0.5,no_ess,True
daytime_M01_pv30_e25_p6.25,daytime,M01,30.0,25.0,6.25,9,1.0,base_assumed,0.0,59250000.0,65390927.04410932,46698388.40898142,-18692538.635127906,0.8522715366297595,0.8370616298132307,0.8370616298132307,45331.25214567222,259435.49116100787,252.0508152199082,0.0,344.76,0.8,any,True
daytime_M01_pv75_e0_p0,daytime,M01,75.0,0.0,0.0,9,1.0,base_assumed,0.0,108000000.0,81793088.68254334,46698388.40898142,-35094700.27356192,0.80608889953127,0.8048932815132782,0.8048932815132782,0.0,259435.49116100787,315.27332022503373,0.0,861.9,0.8,no_ess,True
daytime_M01_pv75_e50_p12.5,daytime,M01,75.0,50.0,12.5,9,1.0,base_assumed,0.0,133500000.0,106922597.20863846,46698388.40898142,-60224208.79965704,0.9698200862610812,0.9658423078662212,0.9658423078662212,53785.694840743,259435.49116100787,412.1355822603369,0.0,861.9,0.95,any,True
,daytime,,,,,9,1.0,base_assumed,0.0,,,,,,,,,,,,,0.95,no_ess,False
daytime_M01_pv20_e0_p0,daytime,M01,20.0,0.0,0.0,10,1.0,base_assumed,0.0,31000000.0,48695468.77873244,50731798.484744206,2036329.7060117647,0.6385908752168108,0.6333571117383782,0.6333571117383782,0.0,281843.3249152456,172.7749585461209,0.0,229.84000000000003,0.0,any,True
daytime_M01_pv20_e0_p0,daytime,M01,20.0,0.0,0.0,10,1.0,base_assumed,0.0,31000000.0,48695468.77873244,50731798.484744206,2036329.7060117647,0.6385908752168108,0.6333571117383782,0.6333571117383782,0.0,281843.3249152456,172.7749585461209,0.0,229.84000000000003,0.0,no_ess,True
daytime_M01_pv20_e0_p0,daytime,M01,20.0,0.0,0.0,10,1.0,base_assumed,0.0,31000000.0,48695468.77873244,50731798.484744206,2036329.7060117647,0.6385908752168108,0.6333571117383782,0.6333571117383782,0.0,281843.3249152456,172.7749585461209,0.0,229.84000000000003,0.5,any,True
daytime_M01_pv20_e0_p0,daytime,M01,20.0,0.0,0.0,10,1.0,base_assumed,0.0,31000000.0,48695468.77873244,50731798.484744206,2036329.7060117647,0.6385908752168108,0.6333571117383782,0.6333571117383782,0.0,281843.3249152456,172.7749585461209,0.0,229.84000000000003,0.5,no_ess,True
daytime_M01_pv30_e25_p6.25,daytime,M01,30.0,25.0,6.25,10,1.0,base_assumed,0.0,59250000.0,65721477.67599217,50731798.484744206,-14989679.191247962,0.8503161492476438,0.8327176628086025,0.8327176628086025,49787.53400357754,281843.3249152456,233.18443924742792,0.0,344.76,0.8,any,True
daytime_M01_pv75_e0_p0,daytime,M01,75.0,0.0,0.0,10,1.0,base_assumed,0.0,108000000.0,79032508.37981808,50731798.484744206,-28300709.89507388,0.8059390215894955,0.8045901201135245,0.8045901201135245,0.0,281843.3249152456,280.4129152378695,0.0,861.9,0.8,no_ess,True
daytime_M01_pv75_e50_p12.5,daytime,M01,75.0,50.0,12.5,10,1.0,base_assumed,0.0,133500000.0,104051885.71699232,50731798.484744206,-53320087.23224813,0.9692853615826984,0.9644728394772544,0.9644728394772544,59621.414097519126,281843.3249152456,369.18343107214713,0.0,861.9,0.95,any,True
,daytime,,,,,10,1.0,base_assumed,0.0,,,,,,,,,,,,,0.95,no_ess,False
