case_id,label,scenario,days,fingerprint,audit_errors
P0,기본 자원,deterministic,56.056408060922955,46785efe8415be54fe933f8094cc4cd2959279a5d6286224cfee8517ac21fc93,0
P0,기본 자원,61000,72.10834076213935,b002766a93fa14c65ec0e92a679620ac6601388c8b8f32ccaecfc92b197cf95b,0
P0,기본 자원,61001,67.03611712865852,0f6d1536e16caf8244d0464ead99655ddac668ddd784a225b89f2aa5154d0ee6,0
P0,기본 자원,61002,73.15549313860765,eb5a5775011bacbe763fecfb8966a0d08d1c1a2887e1178eac7450adf2d7e193,0
P0,기본 자원,61003,56.043162438814335,8b255d3074860946241d6f83a5c58a73d70c8721b3c7fbbf8bf5a4e51ccf6f4b,0
P0,기본 자원,61004,58.08862833640911,d03d34f81e2b90635540cd913d97cf3d081ace3f18172ad2b5f2df075d164649,0
P0,기본 자원,61005,65.2780314906035,24aa6ea575ba0a32a01d1172dfa7580bb10b4cb31e9cc3a0ce0d65ed04f2e1ab,0
P0,기본 자원,61006,71.048515333625,5f735e60b3ec4bd2594d2ed4b814e698f6f7e053123c77bd49af8c9030cfb155,0
P0,기본 자원,61007,45.149097365235995,98cecd5ecfff55bab4b3e489e94c2c9553cd346c585e09b3a15659ea78581f92,0
P1,굴삭기만 2대,deterministic,52.024690231509645,46785efe8415be54fe933f8094cc4cd2959279a5d6286224cfee8517ac21fc93,0
P1,굴삭기만 2대,61000,67.3456123512493,b002766a93fa14c65ec0e92a679620ac6601388c8b8f32ccaecfc92b197cf95b,0
P1,굴삭기만 2대,61001,64.0528818895863,0f6d1536e16caf8244d0464ead99655ddac668ddd784a225b89f2aa5154d0ee6,0
P1,굴삭기만 2대,61002,67.22334276365235,eb5a5775011bacbe763fecfb8966a0d08d1c1a2887e1178eac7450adf2d7e193,0
P1,굴삭기만 2대,61003,52.05738812363245,8b255d3074860946241d6f83a5c58a73d70c8721b3c7fbbf8bf5a4e51ccf6f4b,0
P1,굴삭기만 2대,61004,56.102490887882944,d03d34f81e2b90635540cd913d97cf3d081ace3f18172ad2b5f2df075d164649,0
P1,굴삭기만 2대,61005,63.10010135459162,24aa6ea575ba0a32a01d1172dfa7580bb10b4cb31e9cc3a0ce0d65ed04f2e1ab,0
P1,굴삭기만 2대,61006,66.33325172226367,5f735e60b3ec4bd2594d2ed4b814e698f6f7e053123c77bd49af8c9030cfb155,0
P1,굴삭기만 2대,61007,43.29695415688281,98cecd5ecfff55bab4b3e489e94c2c9553cd346c585e09b3a15659ea78581f92,0
P2,토공반·굴삭기·차량 각 2,deterministic,51.12911779058327,46785efe8415be54fe933f8094cc4cd2959279a5d6286224cfee8517ac21fc93,0
P2,토공반·굴삭기·차량 각 2,61000,67.08656901114206,b002766a93fa14c65ec0e92a679620ac6601388c8b8f32ccaecfc92b197cf95b,0
P2,토공반·굴삭기·차량 각 2,61001,63.14445715211588,0f6d1536e16caf8244d0464ead99655ddac668ddd784a225b89f2aa5154d0ee6,0
P2,토공반·굴삭기·차량 각 2,61002,66.33211341759092,eb5a5775011bacbe763fecfb8966a0d08d1c1a2887e1178eac7450adf2d7e193,0
P2,토공반·굴삭기·차량 각 2,61003,50.23390823968762,8b255d3074860946241d6f83a5c58a73d70c8721b3c7fbbf8bf5a4e51ccf6f4b,0
P2,토공반·굴삭기·차량 각 2,61004,53.265215996565935,d03d34f81e2b90635540cd913d97cf3d081ace3f18172ad2b5f2df075d164649,0
P2,토공반·굴삭기·차량 각 2,61005,60.28009379065378,24aa6ea575ba0a32a01d1172dfa7580bb10b4cb31e9cc3a0ce0d65ed04f2e1ab,0
P2,토공반·굴삭기·차량 각 2,61006,66.05764957365018,5f735e60b3ec4bd2594d2ed4b814e698f6f7e053123c77bd49af8c9030cfb155,0
P2,토공반·굴삭기·차량 각 2,61007,43.07327339182806,98cecd5ecfff55bab4b3e489e94c2c9553cd346c585e09b3a15659ea78581f92,0
P3,식재반 2개,deterministic,44.3667444030661,46785efe8415be54fe933f8094cc4cd2959279a5d6286224cfee8517ac21fc93,0
P3,식재반 2개,61000,59.06844172100757,b002766a93fa14c65ec0e92a679620ac6601388c8b8f32ccaecfc92b197cf95b,0
P3,식재반 2개,61001,56.07506935042957,0f6d1536e16caf8244d0464ead99655ddac668ddd784a225b89f2aa5154d0ee6,0
P3,식재반 2개,61002,59.21477374465238,eb5a5775011bacbe763fecfb8966a0d08d1c1a2887e1178eac7450adf2d7e193,0
P3,식재반 2개,61003,45.214643242514285,8b255d3074860946241d6f83a5c58a73d70c8721b3c7fbbf8bf5a4e51ccf6f4b,0
P3,식재반 2개,61004,46.31225156256462,d03d34f81e2b90635540cd913d97cf3d081ace3f18172ad2b5f2df075d164649,0
P3,식재반 2개,61005,56.27970667294736,24aa6ea575ba0a32a01d1172dfa7580bb10b4cb31e9cc3a0ce0d65ed04f2e1ab,0
P3,식재반 2개,61006,58.12190812201559,5f735e60b3ec4bd2594d2ed4b814e698f6f7e053123c77bd49af8c9030cfb155,0
P3,식재반 2개,61007,38.04110817573311,98cecd5ecfff55bab4b3e489e94c2c9553cd346c585e09b3a15659ea78581f92,0
P4,포장반 2개,deterministic,49.04999620035227,46785efe8415be54fe933f8094cc4cd2959279a5d6286224cfee8517ac21fc93,0
P4,포장반 2개,61000,63.33280727013577,b002766a93fa14c65ec0e92a679620ac6601388c8b8f32ccaecfc92b197cf95b,0
P4,포장반 2개,61001,59.10482272280717,0f6d1536e16caf8244d0464ead99655ddac668ddd784a225b89f2aa5154d0ee6,0
P4,포장반 2개,61002,64.3740384073584,eb5a5775011bacbe763fecfb8966a0d08d1c1a2887e1178eac7450adf2d7e193,0
P4,포장반 2개,61003,46.2547535470757,8b255d3074860946241d6f83a5c58a73d70c8721b3c7fbbf8bf5a4e51ccf6f4b,0
P4,포장반 2개,61004,51.34221686225263,d03d34f81e2b90635540cd913d97cf3d081ace3f18172ad2b5f2df075d164649,0
P4,포장반 2개,61005,58.295579653817036,24aa6ea575ba0a32a01d1172dfa7580bb10b4cb31e9cc3a0ce0d65ed04f2e1ab,0
P4,포장반 2개,61006,60.35723770416689,5f735e60b3ec4bd2594d2ed4b814e698f6f7e053123c77bd49af8c9030cfb155,0
P4,포장반 2개,61007,39.146417236923256,98cecd5ecfff55bab4b3e489e94c2c9553cd346c585e09b3a15659ea78581f92,0
P5,평떼 2개 조 / 10명,deterministic,50.16020695691341,46785efe8415be54fe933f8094cc4cd2959279a5d6286224cfee8517ac21fc93,0
P5,평떼 2개 조 / 10명,61000,64.29640546221549,b002766a93fa14c65ec0e92a679620ac6601388c8b8f32ccaecfc92b197cf95b,0
P5,평떼 2개 조 / 10명,61001,60.26358310268888,0f6d1536e16caf8244d0464ead99655ddac668ddd784a225b89f2aa5154d0ee6,0
P5,평떼 2개 조 / 10명,61002,65.02785338107005,eb5a5775011bacbe763fecfb8966a0d08d1c1a2887e1178eac7450adf2d7e193,0
P5,평떼 2개 조 / 10명,61003,50.011886983140194,8b255d3074860946241d6f83a5c58a73d70c8721b3c7fbbf8bf5a4e51ccf6f4b,0
P5,평떼 2개 조 / 10명,61004,52.04574168874976,d03d34f81e2b90635540cd913d97cf3d081ace3f18172ad2b5f2df075d164649,0
P5,평떼 2개 조 / 10명,61005,59.05744273894135,24aa6ea575ba0a32a01d1172dfa7580bb10b4cb31e9cc3a0ce0d65ed04f2e1ab,0
P5,평떼 2개 조 / 10명,61006,65.05325242258435,5f735e60b3ec4bd2594d2ed4b814e698f6f7e053123c77bd49af8c9030cfb155,0
P5,평떼 2개 조 / 10명,61007,42.304262864591685,98cecd5ecfff55bab4b3e489e94c2c9553cd346c585e09b3a15659ea78581f92,0
P6,평떼 3개 조 / 15명,deterministic,46.247077542331304,46785efe8415be54fe933f8094cc4cd2959279a5d6286224cfee8517ac21fc93,0
P6,평떼 3개 조 / 15명,61000,63.02396075671236,b002766a93fa14c65ec0e92a679620ac6601388c8b8f32ccaecfc92b197cf95b,0
P6,평떼 3개 조 / 15명,61001,58.36285404436608,0f6d1536e16caf8244d0464ead99655ddac668ddd784a225b89f2aa5154d0ee6,0
P6,평떼 3개 조 / 15명,61002,63.22579867827943,eb5a5775011bacbe763fecfb8966a0d08d1c1a2887e1178eac7450adf2d7e193,0
P6,평떼 3개 조 / 15명,61003,46.316143202618925,8b255d3074860946241d6f83a5c58a73d70c8721b3c7fbbf8bf5a4e51ccf6f4b,0
P6,평떼 3개 조 / 15명,61004,50.34612659261901,d03d34f81e2b90635540cd913d97cf3d081ace3f18172ad2b5f2df075d164649,0
P6,평떼 3개 조 / 15명,61005,57.158088444310465,24aa6ea575ba0a32a01d1172dfa7580bb10b4cb31e9cc3a0ce0d65ed04f2e1ab,0
P6,평떼 3개 조 / 15명,61006,60.10405328436699,5f735e60b3ec4bd2594d2ed4b814e698f6f7e053123c77bd49af8c9030cfb155,0
P6,평떼 3개 조 / 15명,61007,39.163927956880656,98cecd5ecfff55bab4b3e489e94c2c9553cd346c585e09b3a15659ea78581f92,0
P7,복수 작업반·굴삭기 2대,deterministic,35.249132326518186,46785efe8415be54fe933f8094cc4cd2959279a5d6286224cfee8517ac21fc93,0
P7,복수 작업반·굴삭기 2대,61000,45.211580440005456,b002766a93fa14c65ec0e92a679620ac6601388c8b8f32ccaecfc92b197cf95b,0
P7,복수 작업반·굴삭기 2대,61001,44.120064535291625,0f6d1536e16caf8244d0464ead99655ddac668ddd784a225b89f2aa5154d0ee6,0
P7,복수 작업반·굴삭기 2대,61002,46.00507383019458,eb5a5775011bacbe763fecfb8966a0d08d1c1a2887e1178eac7450adf2d7e193,0
P7,복수 작업반·굴삭기 2대,61003,36.1001324953503,8b255d3074860946241d6f83a5c58a73d70c8721b3c7fbbf8bf5a4e51ccf6f4b,0
P7,복수 작업반·굴삭기 2대,61004,36.050311996327764,d03d34f81e2b90635540cd913d97cf3d081ace3f18172ad2b5f2df075d164649,0
P7,복수 작업반·굴삭기 2대,61005,44.06166058707771,24aa6ea575ba0a32a01d1172dfa7580bb10b4cb31e9cc3a0ce0d65ed04f2e1ab,0
P7,복수 작업반·굴삭기 2대,61006,44.301071608208666,5f735e60b3ec4bd2594d2ed4b814e698f6f7e053123c77bd49af8c9030cfb155,0
P7,복수 작업반·굴삭기 2대,61007,25.35646104144696,98cecd5ecfff55bab4b3e489e94c2c9553cd346c585e09b3a15659ea78581f92,0
P8,동시 작업 최대 2건,deterministic,56.056408060922955,46785efe8415be54fe933f8094cc4cd2959279a5d6286224cfee8517ac21fc93,0
P8,동시 작업 최대 2건,61000,72.13915877882104,b002766a93fa14c65ec0e92a679620ac6601388c8b8f32ccaecfc92b197cf95b,0
P8,동시 작업 최대 2건,61001,67.07155076268957,0f6d1536e16caf8244d0464ead99655ddac668ddd784a225b89f2aa5154d0ee6,0
P8,동시 작업 최대 2건,61002,73.15549313860765,eb5a5775011bacbe763fecfb8966a0d08d1c1a2887e1178eac7450adf2d7e193,0
P8,동시 작업 최대 2건,61003,56.043162438814335,8b255d3074860946241d6f83a5c58a73d70c8721b3c7fbbf8bf5a4e51ccf6f4b,0
P8,동시 작업 최대 2건,61004,58.08862833640911,d03d34f81e2b90635540cd913d97cf3d081ace3f18172ad2b5f2df075d164649,0
P8,동시 작업 최대 2건,61005,65.2780314906035,24aa6ea575ba0a32a01d1172dfa7580bb10b4cb31e9cc3a0ce0d65ed04f2e1ab,0
P8,동시 작업 최대 2건,61006,71.048515333625,5f735e60b3ec4bd2594d2ed4b814e698f6f7e053123c77bd49af8c9030cfb155,0
P8,동시 작업 최대 2건,61007,45.149097365235995,98cecd5ecfff55bab4b3e489e94c2c9553cd346c585e09b3a15659ea78581f92,0
