wbs_code,wbs_name,task_id,task_guid,parent_wbs_code,ifc_predefined_type,zone_id,work_zones,quantity,unit,productivity,required_resource_bundle,norm_work_hours,planned_net_work_hours,planned_8h_crew_days,setup_hours,travel_allowance_hours,norm_status,norm_references,norm_breakdown,equipment_requirement,included_work,predecessors,predecessor_lags,input_object_ids,output_object_ids,scope_object_ids,legacy_priority_code,kcs_primary,kcs_title,kcs_edition,kcs_revision_date,kcs_clauses,kcs_related,kcs_note,kcs_status,kcs_url
PK.10.10.SITE,표토 제거 / 전체,SITE_strip,0wh5VStxDOpRBQl4$02gXs,PK.10.10,CONSTRUCTION,SITE,"[""A"", ""B"", ""C"", ""D""]",300.0,m3,12,"{""earth_crew"": 1, ""excavator"": 1, ""truck"": 1}",,25.0,3.125,0.2,0.1,ASSUMED_NOT_VERIFIED,[],[],기존 합성모델 장비 가정,기존 작업 범위; 세부 내역은 검토서 참조,[],{},"[""TERRAIN""]",[],"[""TERRAIN""]",10,KCS 34 20 10,조경 토공사,2024,2024-12-10,3.4.1 표토 채취; 3.4.2 표토 보관,"[""KCS 34 10 10""]",표토 제거·분리 적치의 시공 및 품질 항목. 재사용 여부는 설계조건에 따른다.,MAPPED_NOT_COMPLIANCE_VERIFIED,https://www.kcsc.re.kr/standardCode/viewer/KCS%2034%2020%2010%3A2024-12-10
PK.10.20.SITE,일반토공·정지 / 전체,SITE_grade,2Qw50kcy1Qd8IPt09I0Com,PK.10.20,CONSTRUCTION,SITE,"[""A"", ""B"", ""C"", ""D""]",193.693239225132,m3,10,"{""earth_crew"": 1, ""excavator"": 1, ""truck"": 1}",,19.3693239225132,2.42116549031415,0.2,0.1,ASSUMED_NOT_VERIFIED,[],[],기존 합성모델 장비 가정,기존 작업 범위; 세부 내역은 검토서 참조,"[""SITE_strip""]","{""SITE_strip"": 0}","[""TERRAIN""]",[],"[""TERRAIN""]",11,KCS 34 20 10,조경 토공사,2024,2024-12-10,3.3 지형변경 및 대지조형; 3.5 시공허용오차; 3.6.3 다짐도 검사,"[""KCS 34 10 10"", ""KCS 34 30 10""]",전면 정지와 계획고·다짐 관리. 측량값·다짐 시험 성적은 현재 없다.,MAPPED_NOT_COMPLIANCE_VERIFIED,https://www.kcsc.re.kr/standardCode/viewer/KCS%2034%2020%2010%3A2024-12-10
PK.20.05.SITE,배수 기준고·관저고 측량 / 전체,SITE_survey,3VwCg$IGbHHgVNMMSF_X$y,PK.20.05,INSPECTION,SITE,"[""A"", ""B"", ""C"", ""D""]",1,ea,0.25,"{""inspector"": 1, ""earth_crew"": 1}",,4.0,0.5,0.2,0.1,ASSUMED_NOT_VERIFIED,[],[],기존 합성모델 장비 가정,전 부지정지 후 가상 TBM·방류구·집수정 관저고 및 관로 구배 확인. 4시간 가정.,"[""SITE_grade""]","{""SITE_grade"": 0}","[""CHAMBER_A"", ""CHAMBER_B"", ""CHAMBER_C"", ""CHAMBER_D"", ""PIPE_A"", ""PIPE_B"", ""PIPE_C"", ""PIPE_D""]",[],"[""TERRAIN""]",19,KCS 34 50 65,조경 급․배수 및 관수,2024,2024-12-10,3.1.10 배수관 설치; 3.3.1 배수공사,"[""KCS 34 20 10"", ""KCS 34 10 10""]",관저고·구배 기준 설정에 관련되는 시공 항목. 독립 측량작업 자체의 전용 시방코드는 아니다.,MAPPED_NOT_COMPLIANCE_VERIFIED,https://www.kcsc.re.kr/standardCode/viewer/KCS%2034%2050%2065%3A2024-12-10
PK.20.10.A,관로·집수정 굴착 / A구역,A_trench,1awomNFVnRZwldlF77MUPX,PK.20.10,CONSTRUCTION,A,"[""A""]",4.3625,m3,4,"{""earth_crew"": 1, ""excavator"": 1, ""truck"": 1}",,1.090625,0.136328125,0.2,0.15,ASSUMED_NOT_VERIFIED,[],[],기존 합성모델 장비 가정,기존 작업 범위; 세부 내역은 검토서 참조,"[""SITE_survey""]","{""SITE_survey"": 0}","[""ZONE_A""]",[],"[""ZONE_A""]",20,KCS 34 20 10,조경 토공사,2024,2024-12-10,3.2.1 준비배수; 3.3.1 땅깎기,"[""KCS 34 50 65""]",관로·집수정 굴착의 토공 기준. 흙막이 등은 지반·굴착 상세 확정 후 추가 검토한다.,MAPPED_NOT_COMPLIANCE_VERIFIED,https://www.kcsc.re.kr/standardCode/viewer/KCS%2034%2020%2010%3A2024-12-10
PK.20.10.B,관로·집수정 굴착 / B구역,B_trench,3VQFKE61PQGAfmUUqZompD,PK.20.10,CONSTRUCTION,B,"[""B""]",8.75,m3,4,"{""earth_crew"": 1, ""excavator"": 1, ""truck"": 1}",,2.1875,0.2734375,0.2,0.15,ASSUMED_NOT_VERIFIED,[],[],기존 합성모델 장비 가정,기존 작업 범위; 세부 내역은 검토서 참조,"[""SITE_survey""]","{""SITE_survey"": 0}","[""ZONE_B""]",[],"[""ZONE_B""]",20,KCS 34 20 10,조경 토공사,2024,2024-12-10,3.2.1 준비배수; 3.3.1 땅깎기,"[""KCS 34 50 65""]",관로·집수정 굴착의 토공 기준. 흙막이 등은 지반·굴착 상세 확정 후 추가 검토한다.,MAPPED_NOT_COMPLIANCE_VERIFIED,https://www.kcsc.re.kr/standardCode/viewer/KCS%2034%2020%2010%3A2024-12-10
PK.20.10.C,관로·집수정 굴착 / C구역,C_trench,3nDxESg1nV2esLD9_Z00Ou,PK.20.10,CONSTRUCTION,C,"[""C""]",4.3625,m3,4,"{""earth_crew"": 1, ""excavator"": 1, ""truck"": 1}",,1.090625,0.136328125,0.2,0.1,ASSUMED_NOT_VERIFIED,[],[],기존 합성모델 장비 가정,기존 작업 범위; 세부 내역은 검토서 참조,"[""SITE_survey""]","{""SITE_survey"": 0}","[""ZONE_C""]",[],"[""ZONE_C""]",20,KCS 34 20 10,조경 토공사,2024,2024-12-10,3.2.1 준비배수; 3.3.1 땅깎기,"[""KCS 34 50 65""]",관로·집수정 굴착의 토공 기준. 흙막이 등은 지반·굴착 상세 확정 후 추가 검토한다.,MAPPED_NOT_COMPLIANCE_VERIFIED,https://www.kcsc.re.kr/standardCode/viewer/KCS%2034%2020%2010%3A2024-12-10
PK.20.10.D,관로·집수정 굴착 / D구역,D_trench,3OJwMFDGDPRRu_rQF61JFL,PK.20.10,CONSTRUCTION,D,"[""D""]",12.1625,m3,4,"{""earth_crew"": 1, ""excavator"": 1, ""truck"": 1}",,3.040625,0.380078125,0.2,0.1,ASSUMED_NOT_VERIFIED,[],[],기존 합성모델 장비 가정,기존 작업 범위; 세부 내역은 검토서 참조,"[""SITE_survey""]","{""SITE_survey"": 0}","[""ZONE_D""]",[],"[""ZONE_D""]",20,KCS 34 20 10,조경 토공사,2024,2024-12-10,3.2.1 준비배수; 3.3.1 땅깎기,"[""KCS 34 50 65""]",관로·집수정 굴착의 토공 기준. 흙막이 등은 지반·굴착 상세 확정 후 추가 검토한다.,MAPPED_NOT_COMPLIANCE_VERIFIED,https://www.kcsc.re.kr/standardCode/viewer/KCS%2034%2020%2010%3A2024-12-10
PK.20.30.SITE,집수정·우수관 연계 시공 / 전체,SITE_drainage,1QNME35wzTeRhIdKsqH3PQ,PK.20.30,INSTALLATION,SITE,"[""A"", ""B"", ""C"", ""D""]",83,m,4.0291262135922326,"{""earth_crew"": 1, ""excavator"": 1, ""inspector"": 1}",,20.6,2.575,0.2,0.1,ASSUMED_NOT_VERIFIED,[],[],기존 합성모델 장비 가정,집수정 4개와 DN200 우수관 83m를 공통 기준고로 연계 시공. 레벨 담당 연속 배치. 작업조 20.6시간은 기존 관로 16.6시간+집수정 4시간 가정의 합계이며 품셈 확정값 아님.,"[""A_trench"", ""B_trench"", ""C_trench"", ""D_trench""]","{""A_trench"": 0, ""B_trench"": 0, ""C_trench"": 0, ""D_trench"": 0}","[""CHAMBER_A"", ""CHAMBER_B"", ""CHAMBER_C"", ""CHAMBER_D"", ""PIPE_A"", ""PIPE_B"", ""PIPE_C"", ""PIPE_D""]","[""CHAMBER_A"", ""CHAMBER_B"", ""CHAMBER_C"", ""CHAMBER_D"", ""PIPE_A"", ""PIPE_B"", ""PIPE_C"", ""PIPE_D""]","[""TERRAIN""]",22,KCS 34 50 65,조경 급․배수 및 관수,2024,2024-12-10,3.1.9 배수구조물; 3.1.10 배수관 설치; 3.3.1 배수공사,"[""KCS 34 50 05"", ""KCS 34 20 10""]",집수정 접속부·관 기초·하류부터 부설·관저고와 구배 확인. DN200과 매설깊이는 별도 설계 검증 대상이다.,MAPPED_NOT_COMPLIANCE_VERIFIED,https://www.kcsc.re.kr/standardCode/viewer/KCS%2034%2050%2065%3A2024-12-10
PK.20.40.SITE,관망 전체 관저고·구배 검사 / 전체,SITE_draincheck,3NBhirqOPNgO5G87SYJ2x7,PK.20.40,INSPECTION,SITE,"[""A"", ""B"", ""C"", ""D""]",1,ea,0.5,"{""inspector"": 1}",,2.0,0.25,0.2,0.1,ASSUMED_NOT_VERIFIED,[],[],기존 합성모델 장비 가정,전체 관망 관저고·구배·접속부 확인 후 되메우기 승인. 2시간 가정.,"[""SITE_drainage""]","{""SITE_drainage"": 0}","[""CHAMBER_A"", ""CHAMBER_B"", ""CHAMBER_C"", ""CHAMBER_D"", ""PIPE_A"", ""PIPE_B"", ""PIPE_C"", ""PIPE_D""]",[],"[""TERRAIN""]",23,KCS 34 50 65,조경 급․배수 및 관수,2024,2024-12-10,3.3.1 배수공사; 1.8.1 관매설공사,"[""KCS 34 10 10""]",되메우기 전 관저고·접속부 검사에 연결. 1.8.1의 되메우기 후 수량검측·승인은 별도로 확인해야 한다.,MAPPED_NOT_COMPLIANCE_VERIFIED,https://www.kcsc.re.kr/standardCode/viewer/KCS%2034%2050%2065%3A2024-12-10
PK.20.50.A,되메우기·다짐 / A구역,A_backfill,3TE4OM_MnK6egz$zYtXsmN,PK.20.50,CONSTRUCTION,A,"[""A""]",2.8943606533614172,m3,6,"{""earth_crew"": 1, ""excavator"": 1, ""truck"": 1}",,0.4823934422269029,0.06029918027836286,0.2,0.15,ASSUMED_NOT_VERIFIED,[],[],기존 합성모델 장비 가정,기존 작업 범위; 세부 내역은 검토서 참조,"[""SITE_draincheck""]","{""SITE_draincheck"": 0}","[""ZONE_A""]",[],"[""ZONE_A""]",24,KCS 34 20 10,조경 토공사,2024,2024-12-10,3.3.3 흙쌓기; 3.6.3 다짐도 검사,"[""KCS 34 50 65""]",관로 검사 후 되메우기·다짐. 매설 완료 후 접속부 확인·승인도 필요하다.,MAPPED_NOT_COMPLIANCE_VERIFIED,https://www.kcsc.re.kr/standardCode/viewer/KCS%2034%2020%2010%3A2024-12-10
PK.20.50.B,되메우기·다짐 / B구역,B_backfill,13T0myAS9R8wqFPwu8ct82,PK.20.50,CONSTRUCTION,B,"[""B""]",6.093681493397524,m3,6,"{""earth_crew"": 1, ""excavator"": 1, ""truck"": 1}",,1.0156135822329206,0.12695169777911508,0.2,0.15,ASSUMED_NOT_VERIFIED,[],[],기존 합성모델 장비 가정,기존 작업 범위; 세부 내역은 검토서 참조,"[""SITE_draincheck""]","{""SITE_draincheck"": 0}","[""ZONE_B""]",[],"[""ZONE_B""]",24,KCS 34 20 10,조경 토공사,2024,2024-12-10,3.3.3 흙쌓기; 3.6.3 다짐도 검사,"[""KCS 34 50 65""]",관로 검사 후 되메우기·다짐. 매설 완료 후 접속부 확인·승인도 필요하다.,MAPPED_NOT_COMPLIANCE_VERIFIED,https://www.kcsc.re.kr/standardCode/viewer/KCS%2034%2020%2010%3A2024-12-10
PK.20.50.C,되메우기·다짐 / C구역,C_backfill,1r0fUENpbL7O6nViXdNDBw,PK.20.50,CONSTRUCTION,C,"[""C""]",2.8943606533614172,m3,6,"{""earth_crew"": 1, ""excavator"": 1, ""truck"": 1}",,0.4823934422269029,0.06029918027836286,0.2,0.1,ASSUMED_NOT_VERIFIED,[],[],기존 합성모델 장비 가정,기존 작업 범위; 세부 내역은 검토서 참조,"[""SITE_draincheck""]","{""SITE_draincheck"": 0}","[""ZONE_C""]",[],"[""ZONE_C""]",24,KCS 34 20 10,조경 토공사,2024,2024-12-10,3.3.3 흙쌓기; 3.6.3 다짐도 검사,"[""KCS 34 50 65""]",관로 검사 후 되메우기·다짐. 매설 완료 후 접속부 확인·승인도 필요하다.,MAPPED_NOT_COMPLIANCE_VERIFIED,https://www.kcsc.re.kr/standardCode/viewer/KCS%2034%2020%2010%3A2024-12-10
PK.20.50.D,되메우기·다짐 / D구역,D_backfill,2RyHpbymTUXgigqCmoLPK4,PK.20.50,CONSTRUCTION,D,"[""D""]",8.58204214675894,m3,6,"{""earth_crew"": 1, ""excavator"": 1, ""truck"": 1}",,1.4303403577931568,0.1787925447241446,0.2,0.1,ASSUMED_NOT_VERIFIED,[],[],기존 합성모델 장비 가정,기존 작업 범위; 세부 내역은 검토서 참조,"[""SITE_draincheck""]","{""SITE_draincheck"": 0}","[""ZONE_D""]",[],"[""ZONE_D""]",24,KCS 34 20 10,조경 토공사,2024,2024-12-10,3.3.3 흙쌓기; 3.6.3 다짐도 검사,"[""KCS 34 50 65""]",관로 검사 후 되메우기·다짐. 매설 완료 후 접속부 확인·승인도 필요하다.,MAPPED_NOT_COMPLIANCE_VERIFIED,https://www.kcsc.re.kr/standardCode/viewer/KCS%2034%2020%2010%3A2024-12-10
PK.30.10.A,휴게시설 기초 / A구역,A_foundation,1BmVQr1c5M_gfXjzhM7L$0,PK.30.10,CONSTRUCTION,A,"[""A""]",0.4610726281102533,m3,1.5,"{""earth_crew"": 1, ""excavator"": 1, ""truck"": 1}",,0.3073817520735022,0.03842271900918778,0.2,0.15,ASSUMED_NOT_VERIFIED,[],[],기존 합성모델 장비 가정,기존 작업 범위; 세부 내역은 검토서 참조,"[""A_backfill""]","{""A_backfill"": 0}","[""BENCH03"", ""BENCH04"", ""BENCH05""]",[],"[""ZONE_A""]",30,KCS 34 50 05,조경시설물공통,2024,2024-12-10,3.2.1 토공; 3.2.2 기초; 3.2.5 콘크리트 공사,"[""KCS 34 50 20""]",벤치·퍼걸러 기초. 콘크리트 강도·양생·앵커 상세는 미확정이다.,MAPPED_NOT_COMPLIANCE_VERIFIED,https://www.kcsc.re.kr/standardCode/viewer/KCS%2034%2050%2005%3A2024-12-10
PK.30.10.C,휴게시설 기초 / C구역,C_foundation,3MzvogOPfP49hPGElBmD2e,PK.30.10,CONSTRUCTION,C,"[""C""]",0.15369087603675097,m3,1.5,"{""earth_crew"": 1, ""excavator"": 1, ""truck"": 1}",,0.10246058402450064,0.01280757300306258,0.2,0.1,ASSUMED_NOT_VERIFIED,[],[],기존 합성모델 장비 가정,기존 작업 범위; 세부 내역은 검토서 참조,"[""C_backfill""]","{""C_backfill"": 0}","[""BENCH06""]",[],"[""ZONE_C""]",30,KCS 34 50 05,조경시설물공통,2024,2024-12-10,3.2.1 토공; 3.2.2 기초; 3.2.5 콘크리트 공사,"[""KCS 34 50 20""]",벤치·퍼걸러 기초. 콘크리트 강도·양생·앵커 상세는 미확정이다.,MAPPED_NOT_COMPLIANCE_VERIFIED,https://www.kcsc.re.kr/standardCode/viewer/KCS%2034%2050%2005%3A2024-12-10
PK.30.10.D,휴게시설 기초 / D구역,D_foundation,3eeK9C23XMD84XUyOI3f1f,PK.30.10,CONSTRUCTION,D,"[""D""]",2.0938020104515593,m3,1.5,"{""earth_crew"": 1, ""excavator"": 1, ""truck"": 1}",,1.3958680069677063,0.1744835008709633,0.2,0.1,ASSUMED_NOT_VERIFIED,[],[],기존 합성모델 장비 가정,기존 작업 범위; 세부 내역은 검토서 참조,"[""D_backfill""]","{""D_backfill"": 0}","[""BENCH01"", ""BENCH02"", ""PERGOLA01""]",[],"[""ZONE_D""]",30,KCS 34 50 05,조경시설물공통,2024,2024-12-10,3.2.1 토공; 3.2.2 기초; 3.2.5 콘크리트 공사,"[""KCS 34 50 20""]",벤치·퍼걸러 기초. 콘크리트 강도·양생·앵커 상세는 미확정이다.,MAPPED_NOT_COMPLIANCE_VERIFIED,https://www.kcsc.re.kr/standardCode/viewer/KCS%2034%2050%2005%3A2024-12-10
PK.30.20.A,화강석 경계석 설치 / A구역,A_curb,3joyYSC8HKEPbgAZ4qajEA,PK.30.20,INSTALLATION,A,"[""A""]",62.0,m,16.25,"{""crew_special"": 3, ""crew_general"": 1, ""excavator"": 1}",3.8153846153846156,3.8153846153846156,0.47692307692307695,0,0.15,2026_NORM_CONDITIONAL,"[""토목 1-9-2 보차도 및 도로경계블록 설치 / 인쇄329 / PDF385""]","[{""rate_key"": ""CURB_A"", ""quantity"": 62.0, ""daily_output"": 130, ""hours"": 3.8153846153846156, ""status"": ""CONDITIONAL_SITE""}]",굴착기 0.4㎥ 1대,기존 작업 범위; 세부 내역은 검토서 참조,"[""A_backfill"", ""A_foundation""]","{""A_backfill"": 0, ""A_foundation"": 0}",[],"[""CURB_A""]","[""ZONE_A""]",39,KCS 34 60 25,조경포장경계,2024,2024-12-10,3.1.1 토공 및 기초; 3.1.2 경계블록,"[""KCS 34 60 05"", ""KCS 34 50 05""]",화강석 경계석 선형·높이·기초·줄눈·뒤채움. 기초 콘크리트 물량과 강도 확보 대기는 현재 미확정이다.,MAPPED_NOT_COMPLIANCE_VERIFIED,https://www.kcsc.re.kr/standardCode/viewer/KCS%2034%2060%2025%3A2024-12-10
PK.30.20.B,화강석 경계석 설치 / B구역,B_curb,3S9A7ncEzPFhZ7Ppmow_zB,PK.30.20,INSTALLATION,B,"[""B""]",50.0,m,16.25,"{""crew_special"": 3, ""crew_general"": 1, ""excavator"": 1}",3.076923076923077,3.076923076923077,0.38461538461538464,0,0.15,2026_NORM_CONDITIONAL,"[""토목 1-9-2 보차도 및 도로경계블록 설치 / 인쇄329 / PDF385""]","[{""rate_key"": ""CURB_A"", ""quantity"": 50.0, ""daily_output"": 130, ""hours"": 3.076923076923077, ""status"": ""CONDITIONAL_SITE""}]",굴착기 0.4㎥ 1대,기존 작업 범위; 세부 내역은 검토서 참조,"[""B_backfill""]","{""B_backfill"": 0}",[],"[""CURB_B""]","[""ZONE_B""]",39,KCS 34 60 25,조경포장경계,2024,2024-12-10,3.1.1 토공 및 기초; 3.1.2 경계블록,"[""KCS 34 60 05"", ""KCS 34 50 05""]",화강석 경계석 선형·높이·기초·줄눈·뒤채움. 기초 콘크리트 물량과 강도 확보 대기는 현재 미확정이다.,MAPPED_NOT_COMPLIANCE_VERIFIED,https://www.kcsc.re.kr/standardCode/viewer/KCS%2034%2060%2025%3A2024-12-10
PK.30.20.C,화강석 경계석 설치 / C구역,C_curb,0$9KHyMNTPFwSkfydDXBB$,PK.30.20,INSTALLATION,C,"[""C""]",70.0,m,16.25,"{""crew_special"": 3, ""crew_general"": 1, ""excavator"": 1}",4.3076923076923075,4.3076923076923075,0.5384615384615384,0,0.1,2026_NORM_CONDITIONAL,"[""토목 1-9-2 보차도 및 도로경계블록 설치 / 인쇄329 / PDF385""]","[{""rate_key"": ""CURB_A"", ""quantity"": 70.0, ""daily_output"": 130, ""hours"": 4.3076923076923075, ""status"": ""CONDITIONAL_SITE""}]",굴착기 0.4㎥ 1대,기존 작업 범위; 세부 내역은 검토서 참조,"[""C_backfill"", ""C_foundation""]","{""C_backfill"": 0, ""C_foundation"": 0}",[],"[""CURB_C""]","[""ZONE_C""]",39,KCS 34 60 25,조경포장경계,2024,2024-12-10,3.1.1 토공 및 기초; 3.1.2 경계블록,"[""KCS 34 60 05"", ""KCS 34 50 05""]",화강석 경계석 선형·높이·기초·줄눈·뒤채움. 기초 콘크리트 물량과 강도 확보 대기는 현재 미확정이다.,MAPPED_NOT_COMPLIANCE_VERIFIED,https://www.kcsc.re.kr/standardCode/viewer/KCS%2034%2060%2025%3A2024-12-10
PK.30.20.D,화강석 경계석 설치 / D구역,D_curb,0DGSQDY45Gceiff83hevpq,PK.30.20,INSTALLATION,D,"[""D""]",74.0,m,16.25,"{""crew_special"": 3, ""crew_general"": 1, ""excavator"": 1}",4.553846153846154,4.553846153846154,0.5692307692307692,0,0.1,2026_NORM_CONDITIONAL,"[""토목 1-9-2 보차도 및 도로경계블록 설치 / 인쇄329 / PDF385""]","[{""rate_key"": ""CURB_A"", ""quantity"": 74.0, ""daily_output"": 130, ""hours"": 4.553846153846154, ""status"": ""CONDITIONAL_SITE""}]",굴착기 0.4㎥ 1대,기존 작업 범위; 세부 내역은 검토서 참조,"[""D_backfill"", ""D_foundation""]","{""D_backfill"": 0, ""D_foundation"": 0}",[],"[""CURB_D""]","[""ZONE_D""]",39,KCS 34 60 25,조경포장경계,2024,2024-12-10,3.1.1 토공 및 기초; 3.1.2 경계블록,"[""KCS 34 60 05"", ""KCS 34 50 05""]",화강석 경계석 선형·높이·기초·줄눈·뒤채움. 기초 콘크리트 물량과 강도 확보 대기는 현재 미확정이다.,MAPPED_NOT_COMPLIANCE_VERIFIED,https://www.kcsc.re.kr/standardCode/viewer/KCS%2034%2060%2025%3A2024-12-10
PK.40.10.A,쇄석 포장기층 / A구역,A_subbase,0f3W6sURTVEen7o62Sslid,PK.40.10,CONSTRUCTION,A,"[""A""]",80.0,m2,18,"{""crew_paver"": 2, ""crew_special"": 2, ""crew_general"": 1}",,4.444444444444445,0.5555555555555556,0.2,0.15,ASSUMED_NOT_VERIFIED,[],[],기존 합성모델 장비 가정,쇄석 기층만. 깔기모래는 finish에 통합; 기층 생산성 18㎡/h는 미검증 가정.,"[""A_curb"", ""A_trees""]","{""A_curb"": 0, ""A_trees"": 0}","[""plaza_A"", ""walkway_A""]",[],"[""ZONE_A""]",40,KCS 34 60 05,조경포장공통,2024,2024-12-10,3.3.3 원지반 정지 및 다짐; 3.3.4 쇄석기층,"[""KCS 34 60 15""]",블록포장 하부의 쇄석기층. 두께·다짐도·계획고를 검측한다.,MAPPED_NOT_COMPLIANCE_VERIFIED,https://www.kcsc.re.kr/standardCode/viewer/KCS%2034%2060%2005%3A2024-12-10
PK.40.10.B,쇄석 포장기층 / B구역,B_subbase,0YMNSLFZLNwOb8tVCDs4aE,PK.40.10,CONSTRUCTION,B,"[""B""]",50.0,m2,18,"{""crew_paver"": 2, ""crew_special"": 2, ""crew_general"": 1}",,2.7777777777777777,0.3472222222222222,0.2,0.15,ASSUMED_NOT_VERIFIED,[],[],기존 합성모델 장비 가정,쇄석 기층만. 깔기모래는 finish에 통합; 기층 생산성 18㎡/h는 미검증 가정.,"[""B_curb"", ""B_trees""]","{""B_curb"": 0, ""B_trees"": 0}","[""walkway_B""]",[],"[""ZONE_B""]",40,KCS 34 60 05,조경포장공통,2024,2024-12-10,3.3.3 원지반 정지 및 다짐; 3.3.4 쇄석기층,"[""KCS 34 60 15""]",블록포장 하부의 쇄석기층. 두께·다짐도·계획고를 검측한다.,MAPPED_NOT_COMPLIANCE_VERIFIED,https://www.kcsc.re.kr/standardCode/viewer/KCS%2034%2060%2005%3A2024-12-10
PK.40.10.C,쇄석 포장기층 / C구역,C_subbase,28ZYQISCHUhR9PyPT7JVT2,PK.40.10,CONSTRUCTION,C,"[""C""]",96.0,m2,18,"{""crew_paver"": 2, ""crew_special"": 2, ""crew_general"": 1}",,5.333333333333333,0.6666666666666666,0.2,0.1,ASSUMED_NOT_VERIFIED,[],[],기존 합성모델 장비 가정,쇄석 기층만. 깔기모래는 finish에 통합; 기층 생산성 18㎡/h는 미검증 가정.,"[""C_curb"", ""C_trees""]","{""C_curb"": 0, ""C_trees"": 0}","[""plaza_C"", ""walkway_C""]",[],"[""ZONE_C""]",40,KCS 34 60 05,조경포장공통,2024,2024-12-10,3.3.3 원지반 정지 및 다짐; 3.3.4 쇄석기층,"[""KCS 34 60 15""]",블록포장 하부의 쇄석기층. 두께·다짐도·계획고를 검측한다.,MAPPED_NOT_COMPLIANCE_VERIFIED,https://www.kcsc.re.kr/standardCode/viewer/KCS%2034%2060%2005%3A2024-12-10
PK.40.10.D,쇄석 포장기층 / D구역,D_subbase,3v5$yVh5XHqRQZyLa758Ke,PK.40.10,CONSTRUCTION,D,"[""D""]",132.0,m2,18,"{""crew_paver"": 2, ""crew_special"": 2, ""crew_general"": 1}",,7.333333333333333,0.9166666666666666,0.2,0.1,ASSUMED_NOT_VERIFIED,[],[],기존 합성모델 장비 가정,쇄석 기층만. 깔기모래는 finish에 통합; 기층 생산성 18㎡/h는 미검증 가정.,"[""D_curb"", ""D_trees"", ""D_pergola""]","{""D_curb"": 0, ""D_trees"": 0, ""D_pergola"": 0}","[""plaza_D"", ""walkway_D""]",[],"[""ZONE_D""]",40,KCS 34 60 05,조경포장공통,2024,2024-12-10,3.3.3 원지반 정지 및 다짐; 3.3.4 쇄석기층,"[""KCS 34 60 15""]",블록포장 하부의 쇄석기층. 두께·다짐도·계획고를 검측한다.,MAPPED_NOT_COMPLIANCE_VERIFIED,https://www.kcsc.re.kr/standardCode/viewer/KCS%2034%2060%2005%3A2024-12-10
PK.40.20.A,포장 기층 검사 / A구역,A_pavecheck,1tCdFKdqzKCBAYvGGCw_gZ,PK.40.20,INSPECTION,A,"[""A""]",1,ea,2,"{""inspector"": 1}",,0.5,0.0625,0.2,0.03,ASSUMED_NOT_VERIFIED,[],[],기존 합성모델 장비 가정,기존 작업 범위; 세부 내역은 검토서 참조,"[""A_subbase""]","{""A_subbase"": 0}","[""plaza_A"", ""walkway_A""]",[],"[""ZONE_A""]",41,KCS 34 60 05,조경포장공통,2024,2024-12-10,3.4 시공허용오차; 3.6 현장품질관리,"[""KCS 34 60 15"", ""KCS 34 10 10""]",포장 기층 검사. 시험·검측을 통과했다는 의미가 아닌 기준 연결이다.,MAPPED_NOT_COMPLIANCE_VERIFIED,https://www.kcsc.re.kr/standardCode/viewer/KCS%2034%2060%2005%3A2024-12-10
PK.40.20.B,포장 기층 검사 / B구역,B_pavecheck,0wE8rrGgXG193rmP_zS3MK,PK.40.20,INSPECTION,B,"[""B""]",1,ea,2,"{""inspector"": 1}",,0.5,0.0625,0.2,0.03,ASSUMED_NOT_VERIFIED,[],[],기존 합성모델 장비 가정,기존 작업 범위; 세부 내역은 검토서 참조,"[""B_subbase""]","{""B_subbase"": 0}","[""walkway_B""]",[],"[""ZONE_B""]",41,KCS 34 60 05,조경포장공통,2024,2024-12-10,3.4 시공허용오차; 3.6 현장품질관리,"[""KCS 34 60 15"", ""KCS 34 10 10""]",포장 기층 검사. 시험·검측을 통과했다는 의미가 아닌 기준 연결이다.,MAPPED_NOT_COMPLIANCE_VERIFIED,https://www.kcsc.re.kr/standardCode/viewer/KCS%2034%2060%2005%3A2024-12-10
PK.40.20.C,포장 기층 검사 / C구역,C_pavecheck,3tcJijSsfR58MsDa6mzsFa,PK.40.20,INSPECTION,C,"[""C""]",1,ea,2,"{""inspector"": 1}",,0.5,0.0625,0.2,0.03,ASSUMED_NOT_VERIFIED,[],[],기존 합성모델 장비 가정,기존 작업 범위; 세부 내역은 검토서 참조,"[""C_subbase""]","{""C_subbase"": 0}","[""plaza_C"", ""walkway_C""]",[],"[""ZONE_C""]",41,KCS 34 60 05,조경포장공통,2024,2024-12-10,3.4 시공허용오차; 3.6 현장품질관리,"[""KCS 34 60 15"", ""KCS 34 10 10""]",포장 기층 검사. 시험·검측을 통과했다는 의미가 아닌 기준 연결이다.,MAPPED_NOT_COMPLIANCE_VERIFIED,https://www.kcsc.re.kr/standardCode/viewer/KCS%2034%2060%2005%3A2024-12-10
PK.40.20.D,포장 기층 검사 / D구역,D_pavecheck,1mFe$AFOnLlP1bScivpQVV,PK.40.20,INSPECTION,D,"[""D""]",1,ea,2,"{""inspector"": 1}",,0.5,0.0625,0.2,0.03,ASSUMED_NOT_VERIFIED,[],[],기존 합성모델 장비 가정,기존 작업 범위; 세부 내역은 검토서 참조,"[""D_subbase""]","{""D_subbase"": 0}","[""plaza_D"", ""walkway_D""]",[],"[""ZONE_D""]",41,KCS 34 60 05,조경포장공통,2024,2024-12-10,3.4 시공허용오차; 3.6 현장품질관리,"[""KCS 34 60 15"", ""KCS 34 10 10""]",포장 기층 검사. 시험·검측을 통과했다는 의미가 아닌 기준 연결이다.,MAPPED_NOT_COMPLIANCE_VERIFIED,https://www.kcsc.re.kr/standardCode/viewer/KCS%2034%2060%2005%3A2024-12-10
PK.40.30.A,모래·콘크리트블록 포장 / A구역,A_finish,3l7YMsKq9LKQ4fikZrT1Lj,PK.40.30,CONSTRUCTION,A,"[""A""]",80.0,m2,37.5,"{""crew_paver"": 3, ""crew_special"": 2, ""crew_general"": 2, ""excavator"": 1, ""plate_compactor"": 1}",2.1333333333333333,2.1333333333333333,0.26666666666666666,0,0.15,2026_NORM_CONDITIONAL,"[""토목 1-7-1 보도용 블록 설치(소형) / 인쇄318 / PDF374""]","[{""rate_key"": ""PAVING_A"", ""quantity"": 80.0, ""daily_output"": 300, ""hours"": 2.1333333333333333, ""status"": ""CONDITIONAL_SITE""}]",굴착기 0.6㎥ 1대 + 플레이트콤팩터 1.5ton 1대,깔기모래·블록 절단 및 설치·줄눈채움·후다짐,"[""A_pavecheck""]","{""A_pavecheck"": 0}",[],"[""plaza_A"", ""walkway_A""]","[""ZONE_A""]",42,KCS 34 60 15,친환경블록포장,2024,2024-12-10,2.1.1 소형고압블록; 3.2.2 소형고압블록포장,"[""KCS 34 60 05"", ""KCS 34 60 25""]",200×200mm 콘크리트블록을 소형고압블록 계열로 잠정 매칭. 제품 KS·물성은 자재 승인 시 확정한다.,MAPPED_NOT_COMPLIANCE_VERIFIED,https://www.kcsc.re.kr/standardCode/viewer/KCS%2034%2060%2015%3A2024-12-10
PK.40.30.B,모래·콘크리트블록 포장 / B구역,B_finish,0DRinPDDjLLRxqR$W4uAZ_,PK.40.30,CONSTRUCTION,B,"[""B""]",50.0,m2,37.5,"{""crew_paver"": 3, ""crew_special"": 2, ""crew_general"": 2, ""excavator"": 1, ""plate_compactor"": 1}",1.3333333333333333,1.3333333333333333,0.16666666666666666,0,0.15,2026_NORM_CONDITIONAL,"[""토목 1-7-1 보도용 블록 설치(소형) / 인쇄318 / PDF374""]","[{""rate_key"": ""PAVING_A"", ""quantity"": 50.0, ""daily_output"": 300, ""hours"": 1.3333333333333333, ""status"": ""CONDITIONAL_SITE""}]",굴착기 0.6㎥ 1대 + 플레이트콤팩터 1.5ton 1대,깔기모래·블록 절단 및 설치·줄눈채움·후다짐,"[""B_pavecheck""]","{""B_pavecheck"": 0}",[],"[""walkway_B""]","[""ZONE_B""]",42,KCS 34 60 15,친환경블록포장,2024,2024-12-10,2.1.1 소형고압블록; 3.2.2 소형고압블록포장,"[""KCS 34 60 05"", ""KCS 34 60 25""]",200×200mm 콘크리트블록을 소형고압블록 계열로 잠정 매칭. 제품 KS·물성은 자재 승인 시 확정한다.,MAPPED_NOT_COMPLIANCE_VERIFIED,https://www.kcsc.re.kr/standardCode/viewer/KCS%2034%2060%2015%3A2024-12-10
PK.40.30.C,모래·콘크리트블록 포장 / C구역,C_finish,2ciU9Q1aXTmBj9GQHLSb_L,PK.40.30,CONSTRUCTION,C,"[""C""]",96.0,m2,37.5,"{""crew_paver"": 3, ""crew_special"": 2, ""crew_general"": 2, ""excavator"": 1, ""plate_compactor"": 1}",2.56,2.56,0.32,0,0.1,2026_NORM_CONDITIONAL,"[""토목 1-7-1 보도용 블록 설치(소형) / 인쇄318 / PDF374""]","[{""rate_key"": ""PAVING_A"", ""quantity"": 96.0, ""daily_output"": 300, ""hours"": 2.56, ""status"": ""CONDITIONAL_SITE""}]",굴착기 0.6㎥ 1대 + 플레이트콤팩터 1.5ton 1대,깔기모래·블록 절단 및 설치·줄눈채움·후다짐,"[""C_pavecheck""]","{""C_pavecheck"": 0}",[],"[""plaza_C"", ""walkway_C""]","[""ZONE_C""]",42,KCS 34 60 15,친환경블록포장,2024,2024-12-10,2.1.1 소형고압블록; 3.2.2 소형고압블록포장,"[""KCS 34 60 05"", ""KCS 34 60 25""]",200×200mm 콘크리트블록을 소형고압블록 계열로 잠정 매칭. 제품 KS·물성은 자재 승인 시 확정한다.,MAPPED_NOT_COMPLIANCE_VERIFIED,https://www.kcsc.re.kr/standardCode/viewer/KCS%2034%2060%2015%3A2024-12-10
PK.40.30.D,모래·콘크리트블록 포장 / D구역,D_finish,3yndDAaojVGfVpR1$YFOQp,PK.40.30,CONSTRUCTION,D,"[""D""]",132.0,m2,37.5,"{""crew_paver"": 3, ""crew_special"": 2, ""crew_general"": 2, ""excavator"": 1, ""plate_compactor"": 1}",3.52,3.52,0.44,0,0.1,2026_NORM_CONDITIONAL,"[""토목 1-7-1 보도용 블록 설치(소형) / 인쇄318 / PDF374""]","[{""rate_key"": ""PAVING_A"", ""quantity"": 132.0, ""daily_output"": 300, ""hours"": 3.52, ""status"": ""CONDITIONAL_SITE""}]",굴착기 0.6㎥ 1대 + 플레이트콤팩터 1.5ton 1대,깔기모래·블록 절단 및 설치·줄눈채움·후다짐,"[""D_pavecheck""]","{""D_pavecheck"": 0}",[],"[""plaza_D"", ""walkway_D""]","[""ZONE_D""]",42,KCS 34 60 15,친환경블록포장,2024,2024-12-10,2.1.1 소형고압블록; 3.2.2 소형고압블록포장,"[""KCS 34 60 05"", ""KCS 34 60 25""]",200×200mm 콘크리트블록을 소형고압블록 계열로 잠정 매칭. 제품 KS·물성은 자재 승인 시 확정한다.,MAPPED_NOT_COMPLIANCE_VERIFIED,https://www.kcsc.re.kr/standardCode/viewer/KCS%2034%2060%2015%3A2024-12-10
PK.50.20.A,식재기반 정비 / A구역,A_soil,3dyUbdsNrVCwHVzxa3$Rzk,PK.50.20,CONSTRUCTION,A,"[""A""]",410.70000000000005,m2,45,"{""excavator"": 1, ""crew_landscaper"": 1, ""crew_general"": 2}",,9.126666666666667,1.1408333333333334,0.2,0.15,ASSUMED_NOT_VERIFIED,[],[],기존 합성모델 장비 가정,기존 작업 범위; 세부 내역은 검토서 참조,"[""A_curb""]","{""A_curb"": 0}","[""green_A"", ""lawn_A""]","[""shrub_A""]","[""ZONE_A""]",32,KCS 34 30 10,식재기반 조성,2024,2024-12-10,2.1 토양 관련 재료; 3.1.1 일반식재기반 조성,"[""KCS 34 20 10"", ""KCS 34 40 05""]",식재용 토양·유효토심·배수 기반 검토. 토양 시험 및 현장 적합성은 미확인이다.,MAPPED_NOT_COMPLIANCE_VERIFIED,https://www.kcsc.re.kr/standardCode/viewer/KCS%2034%2030%2010%3A2024-12-10
PK.50.20.B,식재기반 정비 / B구역,B_soil,0hBqgI0_nK_8KlMb1sbLCd,PK.50.20,CONSTRUCTION,B,"[""B""]",442.50000000000006,m2,45,"{""excavator"": 1, ""crew_landscaper"": 1, ""crew_general"": 2}",,9.833333333333334,1.2291666666666667,0.2,0.15,ASSUMED_NOT_VERIFIED,[],[],기존 합성모델 장비 가정,기존 작업 범위; 세부 내역은 검토서 참조,"[""B_curb""]","{""B_curb"": 0}","[""green_B"", ""lawn_B""]","[""shrub_B""]","[""ZONE_B""]",32,KCS 34 30 10,식재기반 조성,2024,2024-12-10,2.1 토양 관련 재료; 3.1.1 일반식재기반 조성,"[""KCS 34 20 10"", ""KCS 34 40 05""]",식재용 토양·유효토심·배수 기반 검토. 토양 시험 및 현장 적합성은 미확인이다.,MAPPED_NOT_COMPLIANCE_VERIFIED,https://www.kcsc.re.kr/standardCode/viewer/KCS%2034%2030%2010%3A2024-12-10
PK.50.20.C,식재기반 정비 / C구역,C_soil,3phl_q9RzUouelbUOY22gM,PK.50.20,CONSTRUCTION,C,"[""C""]",393.52250000000004,m2,45,"{""excavator"": 1, ""crew_landscaper"": 1, ""crew_general"": 2}",,8.744944444444446,1.0931180555555557,0.2,0.1,ASSUMED_NOT_VERIFIED,[],[],기존 합성모델 장비 가정,기존 작업 범위; 세부 내역은 검토서 참조,"[""C_curb""]","{""C_curb"": 0}","[""green_C"", ""lawn_C""]","[""shrub_C""]","[""ZONE_C""]",32,KCS 34 30 10,식재기반 조성,2024,2024-12-10,2.1 토양 관련 재료; 3.1.1 일반식재기반 조성,"[""KCS 34 20 10"", ""KCS 34 40 05""]",식재용 토양·유효토심·배수 기반 검토. 토양 시험 및 현장 적합성은 미확인이다.,MAPPED_NOT_COMPLIANCE_VERIFIED,https://www.kcsc.re.kr/standardCode/viewer/KCS%2034%2030%2010%3A2024-12-10
PK.50.20.D,식재기반 정비 / D구역,D_soil,13wPMcmMfMEgX3OeQq2Yv5,PK.50.20,CONSTRUCTION,D,"[""D""]",356.9225,m2,45,"{""excavator"": 1, ""crew_landscaper"": 1, ""crew_general"": 2}",,7.931611111111112,0.991451388888889,0.2,0.1,ASSUMED_NOT_VERIFIED,[],[],기존 합성모델 장비 가정,기존 작업 범위; 세부 내역은 검토서 참조,"[""D_curb""]","{""D_curb"": 0}","[""green_D"", ""lawn_D""]","[""shrub_D""]","[""ZONE_D""]",32,KCS 34 30 10,식재기반 조성,2024,2024-12-10,2.1 토양 관련 재료; 3.1.1 일반식재기반 조성,"[""KCS 34 20 10"", ""KCS 34 40 05""]",식재용 토양·유효토심·배수 기반 검토. 토양 시험 및 현장 적합성은 미확인이다.,MAPPED_NOT_COMPLIANCE_VERIFIED,https://www.kcsc.re.kr/standardCode/viewer/KCS%2034%2030%2010%3A2024-12-10
PK.50.30.A,교목 식재(구덩이 포함) / A구역,A_trees,0So0jbh9rNau6qaei8hHvw,PK.50.30,INSTALLATION,A,"[""A""]",4,ea,1.6923076923076925,"{""crew_landscaper"": 3, ""crew_general"": 1, ""excavator"": 1}",2.3636363636363633,2.3636363636363633,0.2954545454545454,0,0.15,2026_NORM_CONDITIONAL,"[""공통 4-3-5 교목식재(흉고직경/근원직경) / 인쇄96 / PDF152""]","[{""rate_key"": ""TREE_D"", ""quantity"": 1, ""daily_output"": 22, ""hours"": 0.36363636363636365, ""status"": ""SPEC_MATCHED""}, {""rate_key"": ""TREE_I"", ""quantity"": 2, ""daily_output"": 12, ""hours"": 1.3333333333333333, ""status"": ""SPEC_MATCHED""}, {""rate_key"": ""TREE_N"", ""quantity"": 1, ""daily_output"": 12, ""hours"": 0.6666666666666666, ""status"": ""SPEC_MATCHED""}]",굴착기 0.4㎥ 1대,식재구덩이 터파기·식재·되메우기·초기관수·지주목; 별도 pits 작업 삭제,"[""A_soil""]","{""A_soil"": 0}",[],"[""P2_D02"", ""P2_I04"", ""P2_I07"", ""P2_N02""]","[""ZONE_A""]",33,KCS 34 40 10,일반식재기반 식재,2024,2024-12-10,3.1.1 식재구덩이 굴착; 3.1.3 식재; 3.1.5 지주세우기; 3.1.7 관수,"[""KCS 34 40 05"", ""KCS 34 30 10""]",신규 교목의 굴착·식재·지주·관수. 규격·분 상태·식재시기를 함께 확인한다.,MAPPED_NOT_COMPLIANCE_VERIFIED,https://www.kcsc.re.kr/standardCode/viewer/KCS%2034%2040%2010%3A2024-12-10
PK.50.30.B,교목 식재(구덩이 포함) / B구역,B_trees,24LdlA5grQvwnUaOYHVOox,PK.50.30,INSTALLATION,B,"[""B""]",6,ea,2.4029126213592233,"{""crew_landscaper"": 3, ""crew_general"": 1, ""excavator"": 1}",2.496969696969697,2.496969696969697,0.31212121212121213,0,0.15,2026_NORM_CONDITIONAL,"[""공통 4-3-4 교목식재(수고) / 인쇄96 / PDF152"", ""공통 4-3-5 교목식재(흉고직경/근원직경) / 인쇄96 / PDF152""]","[{""rate_key"": ""TREE_D"", ""quantity"": 1, ""daily_output"": 22, ""hours"": 0.36363636363636365, ""status"": ""SPEC_MATCHED""}, {""rate_key"": ""TREE_I"", ""quantity"": 1, ""daily_output"": 12, ""hours"": 0.6666666666666666, ""status"": ""SPEC_MATCHED""}, {""rate_key"": ""TREE_N"", ""quantity"": 1, ""daily_output"": 12, ""hours"": 0.6666666666666666, ""status"": ""SPEC_MATCHED""}, {""rate_key"": ""TREE_T"", ""quantity"": 3, ""daily_output"": 30, ""hours"": 0.8, ""status"": ""CONDITIONAL_HEIGHT""}]",굴착기 0.4㎥ 1대,식재구덩이 터파기·식재·되메우기·초기관수·지주목; 별도 pits 작업 삭제,"[""B_soil""]","{""B_soil"": 0}",[],"[""P2_D01"", ""P2_I05"", ""P2_N03"", ""P2_T01"", ""P2_T02"", ""P2_T03""]","[""ZONE_B""]",33,KCS 34 40 10,일반식재기반 식재,2024,2024-12-10,3.1.1 식재구덩이 굴착; 3.1.3 식재; 3.1.5 지주세우기; 3.1.7 관수,"[""KCS 34 40 05"", ""KCS 34 30 10""]",신규 교목의 굴착·식재·지주·관수. 규격·분 상태·식재시기를 함께 확인한다.,MAPPED_NOT_COMPLIANCE_VERIFIED,https://www.kcsc.re.kr/standardCode/viewer/KCS%2034%2040%2010%3A2024-12-10
PK.50.30.C,교목 식재(구덩이 포함) / C구역,C_trees,2fkikDmWfJ1vR$Sq8fBH35,PK.50.30,INSTALLATION,C,"[""C""]",2,ea,1.5,"{""crew_landscaper"": 3, ""crew_general"": 1, ""excavator"": 1}",1.3333333333333333,1.3333333333333333,0.16666666666666666,0,0.1,2026_NORM_CONDITIONAL,"[""공통 4-3-5 교목식재(흉고직경/근원직경) / 인쇄96 / PDF152""]","[{""rate_key"": ""TREE_I"", ""quantity"": 1, ""daily_output"": 12, ""hours"": 0.6666666666666666, ""status"": ""SPEC_MATCHED""}, {""rate_key"": ""TREE_N"", ""quantity"": 1, ""daily_output"": 12, ""hours"": 0.6666666666666666, ""status"": ""SPEC_MATCHED""}]",굴착기 0.4㎥ 1대,식재구덩이 터파기·식재·되메우기·초기관수·지주목; 별도 pits 작업 삭제,"[""C_soil""]","{""C_soil"": 0}",[],"[""P2_I01"", ""P2_N01""]","[""ZONE_C""]",33,KCS 34 40 10,일반식재기반 식재,2024,2024-12-10,3.1.1 식재구덩이 굴착; 3.1.3 식재; 3.1.5 지주세우기; 3.1.7 관수,"[""KCS 34 40 05"", ""KCS 34 30 10""]",신규 교목의 굴착·식재·지주·관수. 규격·분 상태·식재시기를 함께 확인한다.,MAPPED_NOT_COMPLIANCE_VERIFIED,https://www.kcsc.re.kr/standardCode/viewer/KCS%2034%2040%2010%3A2024-12-10
PK.50.30.D,교목 식재(구덩이 포함) / D구역,D_trees,1EdgMDHArHZvmYZkI7HuMq,PK.50.30,INSTALLATION,D,"[""D""]",4,ea,1.6923076923076923,"{""crew_landscaper"": 3, ""crew_general"": 1, ""excavator"": 1}",2.3636363636363638,2.3636363636363638,0.29545454545454547,0,0.1,2026_NORM_CONDITIONAL,"[""공통 4-3-5 교목식재(흉고직경/근원직경) / 인쇄96 / PDF152""]","[{""rate_key"": ""TREE_D"", ""quantity"": 1, ""daily_output"": 22, ""hours"": 0.36363636363636365, ""status"": ""SPEC_MATCHED""}, {""rate_key"": ""TREE_I"", ""quantity"": 3, ""daily_output"": 12, ""hours"": 2.0, ""status"": ""SPEC_MATCHED""}]",굴착기 0.4㎥ 1대,식재구덩이 터파기·식재·되메우기·초기관수·지주목; 별도 pits 작업 삭제,"[""D_soil""]","{""D_soil"": 0}",[],"[""P2_D03"", ""P2_I02"", ""P2_I03"", ""P2_I06""]","[""ZONE_D""]",33,KCS 34 40 10,일반식재기반 식재,2024,2024-12-10,3.1.1 식재구덩이 굴착; 3.1.3 식재; 3.1.5 지주세우기; 3.1.7 관수,"[""KCS 34 40 05"", ""KCS 34 30 10""]",신규 교목의 굴착·식재·지주·관수. 규격·분 상태·식재시기를 함께 확인한다.,MAPPED_NOT_COMPLIANCE_VERIFIED,https://www.kcsc.re.kr/standardCode/viewer/KCS%2034%2040%2010%3A2024-12-10
PK.50.40.A,관목 식재 / A구역,A_shrubs,3z0rsh1xfHIhyJPLV9W5WU,PK.50.40,INSTALLATION,A,"[""A""]",138,ea,9.375,"{""crew_landscaper"": 3, ""crew_general"": 1}",14.72,14.72,1.84,0,0.03,2026_NORM_CONDITIONAL,"[""공통 4-2-2 관목식재(단식) / 인쇄93 / PDF149""]","[{""rate_key"": ""SHRUB_R"", ""quantity"": 70, ""daily_output"": 75, ""hours"": 7.466666666666667, ""status"": ""SPEC_MATCHED""}, {""rate_key"": ""SHRUB_S"", ""quantity"": 42, ""daily_output"": 75, ""hours"": 4.48, ""status"": ""SPEC_MATCHED""}, {""rate_key"": ""SHRUB_Y"", ""quantity"": 26, ""daily_output"": 75, ""hours"": 2.7733333333333334, ""status"": ""SPEC_MATCHED""}]",품셈 표상 장비 없음,기존 작업 범위; 세부 내역은 검토서 참조,"[""A_finish""]","{""A_finish"": 0}",[],"[""P2_R02-001"", ""P2_R02-002"", ""P2_R02-003"", ""P2_R02-004"", ""P2_R02-005"", ""P2_R02-006"", ""P2_R02-007"", ""P2_R02-008"", ""P2_R02-009"", ""P2_R02-010"", ""P2_R02-011"", ""P2_R02-012"", ""P2_R02-013"", ""P2_R02-014"", ""P2_R02-015"", ""P2_R02-016"", ""P2_R02-017"", ""P2_R02-018"", ""P2_R02-019"", ""P2_R02-020"", ""P2_R02-021"", ""P2_R02-022"", ""P2_R02-023"", ""P2_R02-024"", ""P2_R02-025"", ""P2_R02-026"", ""P2_R02-027"", ""P2_R02-028"", ""P2_R02-029"", ""P2_R02-030"", ""P2_R02-031"", ""P2_R02-032"", ""P2_R02-033"", ""P2_R02-034"", ""P2_R02-035"", ""P2_R02-036"", ""P2_R02-037"", ""P2_R03-008"", ""P2_R03-009"", ""P2_R03-010"", ""P2_R03-011"", ""P2_R03-012"", ""P2_R03-025"", ""P2_R03-026"", ""P2_R03-027"", ""P2_R03-028"", ""P2_R03-029"", ""P2_R03-030"", ""P2_R03-031"", ""P2_R03-032"", ""P2_R03-033"", ""P2_R03-034"", ""P2_R03-035"", ""P2_R03-036"", ""P2_R03-050"", ""P2_R03-051"", ""P2_R03-052"", ""P2_R03-053"", ""P2_R03-054"", ""P2_R03-055"", ""P2_R03-056"", ""P2_R03-057"", ""P2_R03-058"", ""P2_R03-059"", ""P2_R03-060"", ""P2_R03-072"", ""P2_R03-073"", ""P2_R03-074"", ""P2_R03-075"", ""P2_R03-076"", ""P2_S02-005"", ""P2_S02-006"", ""P2_S02-007"", ""P2_S02-008"", ""P2_S02-009"", ""P2_S02-010"", ""P2_S02-011"", ""P2_S02-012"", ""P2_S02-013"", ""P2_S02-014"", ""P2_S02-026"", ""P2_S02-027"", ""P2_S02-028"", ""P2_S02-029"", ""P2_S02-030"", ""P2_S02-031"", ""P2_S02-032"", ""P2_S02-033"", ""P2_S02-034"", ""P2_S02-035"", ""P2_S02-036"", ""P2_S02-037"", ""P2_S02-038"", ""P2_S02-039"", ""P2_S02-040"", ""P2_S02-041"", ""P2_S02-052"", ""P2_S02-053"", ""P2_S02-054"", ""P2_S02-055"", ""P2_S02-056"", ""P2_S02-057"", ""P2_S02-058"", ""P2_S02-059"", ""P2_S02-060"", ""P2_S02-061"", ""P2_S02-062"", ""P2_S02-063"", ""P2_S02-064"", ""P2_S02-065"", ""P2_S02-066"", ""P2_S02-067"", ""P2_Y04-001"", ""P2_Y04-002"", ""P2_Y04-003"", ""P2_Y04-004"", ""P2_Y04-005"", ""P2_Y04-006"", ""P2_Y04-007"", ""P2_Y04-008"", ""P2_Y04-009"", ""P2_Y04-010"", ""P2_Y04-011"", ""P2_Y04-012"", ""P2_Y04-013"", ""P2_Y04-014"", ""P2_Y04-015"", ""P2_Y04-016"", ""P2_Y04-017"", ""P2_Y04-018"", ""P2_Y04-019"", ""P2_Y04-020"", ""P2_Y04-021"", ""P2_Y04-022"", ""P2_Y04-023"", ""P2_Y04-024"", ""P2_Y04-025"", ""P2_Y04-026""]","[""ZONE_A""]",53,KCS 34 40 10,일반식재기반 식재,2024,2024-12-10,3.1.1 식재구덩이 굴착; 3.1.3 식재; 3.1.7 관수,"[""KCS 34 40 05"", ""KCS 34 30 10""]",관목의 배식 간격·식재·관수. 품셈의 단식/군식 판정과 시방 적용은 서로 다른 정보이다.,MAPPED_NOT_COMPLIANCE_VERIFIED,https://www.kcsc.re.kr/standardCode/viewer/KCS%2034%2040%2010%3A2024-12-10
PK.50.40.B,관목 식재 / B구역,B_shrubs,0C8tSAGf9OcwiEKQo3xru7,PK.50.40,INSTALLATION,B,"[""B""]",221,ea,9.375,"{""crew_landscaper"": 3, ""crew_general"": 1}",23.573333333333334,23.573333333333334,2.9466666666666668,0,0.03,2026_NORM_CONDITIONAL,"[""공통 4-2-2 관목식재(단식) / 인쇄93 / PDF149""]","[{""rate_key"": ""SHRUB_R"", ""quantity"": 43, ""daily_output"": 75, ""hours"": 4.586666666666667, ""status"": ""SPEC_MATCHED""}, {""rate_key"": ""SHRUB_S"", ""quantity"": 133, ""daily_output"": 75, ""hours"": 14.186666666666667, ""status"": ""SPEC_MATCHED""}, {""rate_key"": ""SHRUB_Y"", ""quantity"": 45, ""daily_output"": 75, ""hours"": 4.8, ""status"": ""SPEC_MATCHED""}]",품셈 표상 장비 없음,기존 작업 범위; 세부 내역은 검토서 참조,"[""B_finish""]","{""B_finish"": 0}",[],"[""P2_R03-001"", ""P2_R03-002"", ""P2_R03-003"", ""P2_R03-004"", ""P2_R03-005"", ""P2_R03-006"", ""P2_R03-007"", ""P2_R03-013"", ""P2_R03-014"", ""P2_R03-015"", ""P2_R03-016"", ""P2_R03-017"", ""P2_R03-018"", ""P2_R03-019"", ""P2_R03-020"", ""P2_R03-021"", ""P2_R03-022"", ""P2_R03-023"", ""P2_R03-024"", ""P2_R03-037"", ""P2_R03-038"", ""P2_R03-039"", ""P2_R03-040"", ""P2_R03-041"", ""P2_R03-042"", ""P2_R03-043"", ""P2_R03-044"", ""P2_R03-045"", ""P2_R03-046"", ""P2_R03-047"", ""P2_R03-048"", ""P2_R03-049"", ""P2_R03-061"", ""P2_R03-062"", ""P2_R03-063"", ""P2_R03-064"", ""P2_R03-065"", ""P2_R03-066"", ""P2_R03-067"", ""P2_R03-068"", ""P2_R03-069"", ""P2_R03-070"", ""P2_R03-071"", ""P2_S01-003"", ""P2_S01-004"", ""P2_S01-005"", ""P2_S01-006"", ""P2_S01-007"", ""P2_S01-008"", ""P2_S01-009"", ""P2_S01-010"", ""P2_S01-011"", ""P2_S01-012"", ""P2_S01-013"", ""P2_S01-014"", ""P2_S01-015"", ""P2_S01-016"", ""P2_S01-017"", ""P2_S01-018"", ""P2_S01-019"", ""P2_S01-020"", ""P2_S01-021"", ""P2_S01-022"", ""P2_S01-023"", ""P2_S01-024"", ""P2_S01-025"", ""P2_S01-026"", ""P2_S01-027"", ""P2_S01-028"", ""P2_S01-029"", ""P2_S01-030"", ""P2_S01-031"", ""P2_S01-032"", ""P2_S01-033"", ""P2_S01-034"", ""P2_S01-035"", ""P2_S01-036"", ""P2_S01-037"", ""P2_S01-038"", ""P2_S01-039"", ""P2_S01-040"", ""P2_S01-041"", ""P2_S01-042"", ""P2_S01-043"", ""P2_S01-044"", ""P2_S01-045"", ""P2_S01-046"", ""P2_S01-047"", ""P2_S01-048"", ""P2_S01-049"", ""P2_S01-050"", ""P2_S01-051"", ""P2_S01-052"", ""P2_S01-053"", ""P2_S01-054"", ""P2_S01-055"", ""P2_S01-056"", ""P2_S01-057"", ""P2_S01-058"", ""P2_S01-059"", ""P2_S01-060"", ""P2_S01-061"", ""P2_S01-062"", ""P2_S01-063"", ""P2_S01-064"", ""P2_S01-065"", ""P2_S01-066"", ""P2_S01-067"", ""P2_S01-068"", ""P2_S01-069"", ""P2_S01-070"", ""P2_S01-071"", ""P2_S01-072"", ""P2_S01-073"", ""P2_S01-074"", ""P2_S01-075"", ""P2_S01-076"", ""P2_S01-077"", ""P2_S01-078"", ""P2_S01-079"", ""P2_S01-080"", ""P2_S01-081"", ""P2_S01-082"", ""P2_S01-083"", ""P2_S01-084"", ""P2_S01-085"", ""P2_S01-086"", ""P2_S01-087"", ""P2_S01-088"", ""P2_S01-089"", ""P2_S01-090"", ""P2_S01-091"", ""P2_S01-092"", ""P2_S01-093"", ""P2_S01-094"", ""P2_S01-095"", ""P2_S02-001"", ""P2_S02-002"", ""P2_S02-003"", ""P2_S02-004"", ""P2_S02-015"", ""P2_S02-016"", ""P2_S02-017"", ""P2_S02-018"", ""P2_S02-019"", ""P2_S02-020"", ""P2_S02-021"", ""P2_S02-022"", ""P2_S02-023"", ""P2_S02-024"", ""P2_S02-025"", ""P2_S02-042"", ""P2_S02-043"", ""P2_S02-044"", ""P2_S02-045"", ""P2_S02-046"", ""P2_S02-047"", ""P2_S02-048"", ""P2_S02-049"", ""P2_S02-050"", ""P2_S02-051"", ""P2_S02-068"", ""P2_S02-069"", ""P2_S02-070"", ""P2_S02-071"", ""P2_S02-072"", ""P2_S02-073"", ""P2_S02-074"", ""P2_S02-075"", ""P2_S02-076"", ""P2_S02-077"", ""P2_S02-078"", ""P2_S02-079"", ""P2_S02-080"", ""P2_S02-081"", ""P2_S02-082"", ""P2_Y05-004"", ""P2_Y05-005"", ""P2_Y05-006"", ""P2_Y05-007"", ""P2_Y05-008"", ""P2_Y05-009"", ""P2_Y05-010"", ""P2_Y05-011"", ""P2_Y05-012"", ""P2_Y05-013"", ""P2_Y05-014"", ""P2_Y05-015"", ""P2_Y05-016"", ""P2_Y05-017"", ""P2_Y05-018"", ""P2_Y05-019"", ""P2_Y05-020"", ""P2_Y05-021"", ""P2_Y05-022"", ""P2_Y05-023"", ""P2_Y05-024"", ""P2_Y05-025"", ""P2_Y05-026"", ""P2_Y05-027"", ""P2_Y05-028"", ""P2_Y05-029"", ""P2_Y05-030"", ""P2_Y05-031"", ""P2_Y05-032"", ""P2_Y05-033"", ""P2_Y05-034"", ""P2_Y05-035"", ""P2_Y05-036"", ""P2_Y05-037"", ""P2_Y05-038"", ""P2_Y05-039"", ""P2_Y05-040"", ""P2_Y05-041"", ""P2_Y05-042"", ""P2_Y05-043"", ""P2_Y05-044"", ""P2_Y05-045"", ""P2_Y05-046"", ""P2_Y05-047"", ""P2_Y05-048""]","[""ZONE_B""]",53,KCS 34 40 10,일반식재기반 식재,2024,2024-12-10,3.1.1 식재구덩이 굴착; 3.1.3 식재; 3.1.7 관수,"[""KCS 34 40 05"", ""KCS 34 30 10""]",관목의 배식 간격·식재·관수. 품셈의 단식/군식 판정과 시방 적용은 서로 다른 정보이다.,MAPPED_NOT_COMPLIANCE_VERIFIED,https://www.kcsc.re.kr/standardCode/viewer/KCS%2034%2040%2010%3A2024-12-10
PK.50.40.C,관목 식재 / C구역,C_shrubs,2hEwCNlHLLfwqMtDdNdGi_,PK.50.40,INSTALLATION,C,"[""C""]",181,ea,11.419078061911172,"{""crew_landscaper"": 3, ""crew_general"": 1}",15.850666666666665,15.850666666666665,1.9813333333333332,0,0.03,2026_NORM_CONDITIONAL,"[""공통 4-2-2 관목식재(단식) / 인쇄93 / PDF149""]","[{""rate_key"": ""SHRUB_B"", ""quantity"": 81, ""daily_output"": 125, ""hours"": 5.184, ""status"": ""SPEC_MATCHED""}, {""rate_key"": ""SHRUB_R"", ""quantity"": 47, ""daily_output"": 75, ""hours"": 5.013333333333334, ""status"": ""SPEC_MATCHED""}, {""rate_key"": ""SHRUB_Y"", ""quantity"": 53, ""daily_output"": 75, ""hours"": 5.653333333333333, ""status"": ""SPEC_MATCHED""}]",품셈 표상 장비 없음,기존 작업 범위; 세부 내역은 검토서 참조,"[""C_finish""]","{""C_finish"": 0}",[],"[""P2_B01-001"", ""P2_B01-002"", ""P2_B01-003"", ""P2_B01-004"", ""P2_B01-005"", ""P2_B01-006"", ""P2_B01-007"", ""P2_B01-008"", ""P2_B01-009"", ""P2_B01-010"", ""P2_B01-011"", ""P2_B01-012"", ""P2_B01-013"", ""P2_B01-014"", ""P2_B01-015"", ""P2_B01-016"", ""P2_B01-017"", ""P2_B01-018"", ""P2_B01-019"", ""P2_B01-020"", ""P2_B01-021"", ""P2_B01-022"", ""P2_B01-023"", ""P2_B01-024"", ""P2_B01-025"", ""P2_B01-026"", ""P2_B01-027"", ""P2_B01-028"", ""P2_B01-029"", ""P2_B01-030"", ""P2_B01-031"", ""P2_B01-032"", ""P2_B01-033"", ""P2_B01-034"", ""P2_B01-035"", ""P2_B01-036"", ""P2_B01-037"", ""P2_B01-038"", ""P2_B01-039"", ""P2_B01-040"", ""P2_B01-041"", ""P2_B01-042"", ""P2_B01-043"", ""P2_B01-044"", ""P2_B01-045"", ""P2_B01-046"", ""P2_B01-047"", ""P2_B01-048"", ""P2_B01-049"", ""P2_B01-050"", ""P2_B01-051"", ""P2_B01-052"", ""P2_B01-053"", ""P2_B01-054"", ""P2_B01-055"", ""P2_B01-056"", ""P2_B01-057"", ""P2_B01-058"", ""P2_B01-059"", ""P2_B01-060"", ""P2_B01-061"", ""P2_B01-062"", ""P2_B01-063"", ""P2_B01-064"", ""P2_B01-065"", ""P2_B01-066"", ""P2_B01-067"", ""P2_B01-068"", ""P2_B01-069"", ""P2_B01-070"", ""P2_B01-071"", ""P2_B01-072"", ""P2_B01-073"", ""P2_B01-074"", ""P2_B01-075"", ""P2_B01-076"", ""P2_B01-077"", ""P2_B01-078"", ""P2_B01-079"", ""P2_B01-080"", ""P2_B01-081"", ""P2_R01-001"", ""P2_R01-002"", ""P2_R01-003"", ""P2_R01-004"", ""P2_R01-005"", ""P2_R01-006"", ""P2_R01-007"", ""P2_R01-008"", ""P2_R01-009"", ""P2_R01-010"", ""P2_R01-011"", ""P2_R01-012"", ""P2_R01-013"", ""P2_R01-014"", ""P2_R01-015"", ""P2_R01-016"", ""P2_R01-017"", ""P2_R01-018"", ""P2_R01-019"", ""P2_R01-020"", ""P2_R01-021"", ""P2_R01-022"", ""P2_R01-023"", ""P2_R01-024"", ""P2_R01-025"", ""P2_R01-026"", ""P2_R01-027"", ""P2_R01-028"", ""P2_R01-029"", ""P2_R01-030"", ""P2_R01-031"", ""P2_R01-032"", ""P2_R01-033"", ""P2_R01-034"", ""P2_R01-035"", ""P2_R01-036"", ""P2_R01-037"", ""P2_R01-038"", ""P2_R01-039"", ""P2_R01-040"", ""P2_R01-041"", ""P2_R01-042"", ""P2_R01-043"", ""P2_R01-044"", ""P2_R01-045"", ""P2_R01-046"", ""P2_R01-047"", ""P2_Y01-001"", ""P2_Y01-002"", ""P2_Y01-003"", ""P2_Y01-004"", ""P2_Y01-005"", ""P2_Y01-006"", ""P2_Y01-007"", ""P2_Y01-008"", ""P2_Y01-009"", ""P2_Y01-010"", ""P2_Y01-011"", ""P2_Y01-012"", ""P2_Y01-013"", ""P2_Y01-014"", ""P2_Y01-015"", ""P2_Y01-016"", ""P2_Y01-017"", ""P2_Y01-018"", ""P2_Y01-019"", ""P2_Y01-020"", ""P2_Y01-021"", ""P2_Y01-022"", ""P2_Y01-023"", ""P2_Y01-024"", ""P2_Y01-025"", ""P2_Y01-026"", ""P2_Y01-027"", ""P2_Y01-028"", ""P2_Y03-001"", ""P2_Y03-002"", ""P2_Y03-003"", ""P2_Y03-004"", ""P2_Y03-005"", ""P2_Y03-006"", ""P2_Y03-007"", ""P2_Y03-008"", ""P2_Y03-009"", ""P2_Y03-010"", ""P2_Y03-011"", ""P2_Y03-012"", ""P2_Y03-013"", ""P2_Y03-014"", ""P2_Y03-015"", ""P2_Y03-016"", ""P2_Y03-017"", ""P2_Y03-018"", ""P2_Y03-019"", ""P2_Y03-020"", ""P2_Y03-021"", ""P2_Y03-022"", ""P2_Y03-023"", ""P2_Y03-024"", ""P2_Y03-025""]","[""ZONE_C""]",53,KCS 34 40 10,일반식재기반 식재,2024,2024-12-10,3.1.1 식재구덩이 굴착; 3.1.3 식재; 3.1.7 관수,"[""KCS 34 40 05"", ""KCS 34 30 10""]",관목의 배식 간격·식재·관수. 품셈의 단식/군식 판정과 시방 적용은 서로 다른 정보이다.,MAPPED_NOT_COMPLIANCE_VERIFIED,https://www.kcsc.re.kr/standardCode/viewer/KCS%2034%2040%2010%3A2024-12-10
PK.50.40.D,관목 식재 / D구역,D_shrubs,2lNFjVF3XTvO7rdvjQNo6m,PK.50.40,INSTALLATION,D,"[""D""]",137,ea,13.240979381443298,"{""crew_landscaper"": 3, ""crew_general"": 1}",10.346666666666668,10.346666666666668,1.2933333333333334,0,0.03,2026_NORM_CONDITIONAL,"[""공통 4-2-2 관목식재(단식) / 인쇄93 / PDF149""]","[{""rate_key"": ""SHRUB_B"", ""quantity"": 100, ""daily_output"": 125, ""hours"": 6.4, ""status"": ""SPEC_MATCHED""}, {""rate_key"": ""SHRUB_S"", ""quantity"": 2, ""daily_output"": 75, ""hours"": 0.21333333333333335, ""status"": ""SPEC_MATCHED""}, {""rate_key"": ""SHRUB_Y"", ""quantity"": 35, ""daily_output"": 75, ""hours"": 3.7333333333333334, ""status"": ""SPEC_MATCHED""}]",품셈 표상 장비 없음,기존 작업 범위; 세부 내역은 검토서 참조,"[""D_finish""]","{""D_finish"": 0}",[],"[""P2_B02-001"", ""P2_B02-002"", ""P2_B02-003"", ""P2_B02-004"", ""P2_B02-005"", ""P2_B02-006"", ""P2_B02-007"", ""P2_B02-008"", ""P2_B02-009"", ""P2_B02-010"", ""P2_B02-011"", ""P2_B02-012"", ""P2_B02-013"", ""P2_B02-014"", ""P2_B02-015"", ""P2_B02-016"", ""P2_B02-017"", ""P2_B02-018"", ""P2_B02-019"", ""P2_B02-020"", ""P2_B02-021"", ""P2_B02-022"", ""P2_B02-023"", ""P2_B02-024"", ""P2_B02-025"", ""P2_B02-026"", ""P2_B02-027"", ""P2_B02-028"", ""P2_B02-029"", ""P2_B02-030"", ""P2_B02-031"", ""P2_B02-032"", ""P2_B02-033"", ""P2_B02-034"", ""P2_B02-035"", ""P2_B02-036"", ""P2_B02-037"", ""P2_B02-038"", ""P2_B02-039"", ""P2_B02-040"", ""P2_B02-041"", ""P2_B02-042"", ""P2_B02-043"", ""P2_B02-044"", ""P2_B02-045"", ""P2_B02-046"", ""P2_B02-047"", ""P2_B02-048"", ""P2_B02-049"", ""P2_B02-050"", ""P2_B02-051"", ""P2_B02-052"", ""P2_B02-053"", ""P2_B02-054"", ""P2_B02-055"", ""P2_B02-056"", ""P2_B02-057"", ""P2_B02-058"", ""P2_B02-059"", ""P2_B02-060"", ""P2_B02-061"", ""P2_B02-062"", ""P2_B02-063"", ""P2_B02-064"", ""P2_B02-065"", ""P2_B02-066"", ""P2_B02-067"", ""P2_B02-068"", ""P2_B02-069"", ""P2_B02-070"", ""P2_B02-071"", ""P2_B02-072"", ""P2_B02-073"", ""P2_B02-074"", ""P2_B02-075"", ""P2_B02-076"", ""P2_B02-077"", ""P2_B02-078"", ""P2_B02-079"", ""P2_B02-080"", ""P2_B02-081"", ""P2_B02-082"", ""P2_B02-083"", ""P2_B02-084"", ""P2_B02-085"", ""P2_B02-086"", ""P2_B02-087"", ""P2_B02-088"", ""P2_B02-089"", ""P2_B02-090"", ""P2_B02-091"", ""P2_B02-092"", ""P2_B02-093"", ""P2_B02-094"", ""P2_B02-095"", ""P2_B02-096"", ""P2_B02-097"", ""P2_B02-098"", ""P2_B02-099"", ""P2_B02-100"", ""P2_S01-001"", ""P2_S01-002"", ""P2_Y02-001"", ""P2_Y02-002"", ""P2_Y02-003"", ""P2_Y02-004"", ""P2_Y02-005"", ""P2_Y02-006"", ""P2_Y02-007"", ""P2_Y02-008"", ""P2_Y02-009"", ""P2_Y02-010"", ""P2_Y02-011"", ""P2_Y02-012"", ""P2_Y02-013"", ""P2_Y02-014"", ""P2_Y02-015"", ""P2_Y02-016"", ""P2_Y02-017"", ""P2_Y02-018"", ""P2_Y02-019"", ""P2_Y02-020"", ""P2_Y02-021"", ""P2_Y02-022"", ""P2_Y02-023"", ""P2_Y02-024"", ""P2_Y02-025"", ""P2_Y02-026"", ""P2_Y02-027"", ""P2_Y02-028"", ""P2_Y02-029"", ""P2_Y02-030"", ""P2_Y02-031"", ""P2_Y02-032"", ""P2_Y05-001"", ""P2_Y05-002"", ""P2_Y05-003""]","[""ZONE_D""]",53,KCS 34 40 10,일반식재기반 식재,2024,2024-12-10,3.1.1 식재구덩이 굴착; 3.1.3 식재; 3.1.7 관수,"[""KCS 34 40 05"", ""KCS 34 30 10""]",관목의 배식 간격·식재·관수. 품셈의 단식/군식 판정과 시방 적용은 서로 다른 정보이다.,MAPPED_NOT_COMPLIANCE_VERIFIED,https://www.kcsc.re.kr/standardCode/viewer/KCS%2034%2040%2010%3A2024-12-10
PK.50.50.A,평떼 잔디붙임 / A구역,A_turf,2vCwpNLMPUVeYPeZCgPZF8,PK.50.50,INSTALLATION,A,"[""A""]",286.0040716133794,m2,18.75,"{""crew_landscaper"": 1, ""crew_general"": 4}",15.253550486046901,15.253550486046901,1.9066938107558626,0,0.03,2026_NORM_CONDITIONAL,"[""공통 4-1-1 잔디붙임 / 인쇄91 / PDF147""]","[{""rate_key"": ""TURF"", ""quantity"": 286.0040716133794, ""daily_output"": 150, ""hours"": 15.253550486046901, ""status"": ""CONDITIONAL_METHOD""}]",품셈 표상 장비 없음,기존 작업 범위; 세부 내역은 검토서 참조,"[""A_finish""]","{""A_finish"": 0}",[],"[""lawn_A""]","[""ZONE_A""]",54,KCS 34 40 25,잔디식재,2024,2024-12-10,2.1.1 잔디; 3.1.1 잔디식재 시공일반,"[""KCS 34 40 05"", ""KCS 34 30 10""]",300×300mm 평떼 전면붙임. 반입 후 1일 이내 식재 조건을 고려한 반입 분할 계획은 아직 모델화하지 않았다.,MAPPED_NOT_COMPLIANCE_VERIFIED,https://www.kcsc.re.kr/standardCode/viewer/KCS%2034%2040%2025%3A2024-12-10
PK.50.50.B,평떼 잔디붙임 / B구역,B_turf,2T1IF9gVHSD82oYe08_sRB,PK.50.50,INSTALLATION,B,"[""B""]",275.21423617506696,m2,18.75,"{""crew_landscaper"": 1, ""crew_general"": 4}",14.678092596003571,14.678092596003571,1.8347615745004464,0,0.03,2026_NORM_CONDITIONAL,"[""공통 4-1-1 잔디붙임 / 인쇄91 / PDF147""]","[{""rate_key"": ""TURF"", ""quantity"": 275.21423617506696, ""daily_output"": 150, ""hours"": 14.678092596003571, ""status"": ""CONDITIONAL_METHOD""}]",품셈 표상 장비 없음,기존 작업 범위; 세부 내역은 검토서 참조,"[""B_finish""]","{""B_finish"": 0}",[],"[""lawn_B""]","[""ZONE_B""]",54,KCS 34 40 25,잔디식재,2024,2024-12-10,2.1.1 잔디; 3.1.1 잔디식재 시공일반,"[""KCS 34 40 05"", ""KCS 34 30 10""]",300×300mm 평떼 전면붙임. 반입 후 1일 이내 식재 조건을 고려한 반입 분할 계획은 아직 모델화하지 않았다.,MAPPED_NOT_COMPLIANCE_VERIFIED,https://www.kcsc.re.kr/standardCode/viewer/KCS%2034%2040%2025%3A2024-12-10
PK.50.50.C,평떼 잔디붙임 / C구역,C_turf,18Tkd5H2bNbfp2DnQiAhYt,PK.50.50,INSTALLATION,C,"[""C""]",266.1614251909143,m2,18.75,"{""crew_landscaper"": 1, ""crew_general"": 4}",14.195276010182097,14.195276010182097,1.774409501272762,0,0.03,2026_NORM_CONDITIONAL,"[""공통 4-1-1 잔디붙임 / 인쇄91 / PDF147""]","[{""rate_key"": ""TURF"", ""quantity"": 266.1614251909143, ""daily_output"": 150, ""hours"": 14.195276010182097, ""status"": ""CONDITIONAL_METHOD""}]",품셈 표상 장비 없음,기존 작업 범위; 세부 내역은 검토서 참조,"[""C_finish""]","{""C_finish"": 0}",[],"[""lawn_C""]","[""ZONE_C""]",54,KCS 34 40 25,잔디식재,2024,2024-12-10,2.1.1 잔디; 3.1.1 잔디식재 시공일반,"[""KCS 34 40 05"", ""KCS 34 30 10""]",300×300mm 평떼 전면붙임. 반입 후 1일 이내 식재 조건을 고려한 반입 분할 계획은 아직 모델화하지 않았다.,MAPPED_NOT_COMPLIANCE_VERIFIED,https://www.kcsc.re.kr/standardCode/viewer/KCS%2034%2040%2025%3A2024-12-10
PK.50.50.D,평떼 잔디붙임 / D구역,D_turf,1xqy6j7lDSUQrwc6EQSc0d,PK.50.50,INSTALLATION,D,"[""D""]",274.6088946778756,m2,18.75,"{""crew_landscaper"": 1, ""crew_general"": 4}",14.645807716153364,14.645807716153364,1.8307259645191705,0,0.03,2026_NORM_CONDITIONAL,"[""공통 4-1-1 잔디붙임 / 인쇄91 / PDF147""]","[{""rate_key"": ""TURF"", ""quantity"": 274.6088946778756, ""daily_output"": 150, ""hours"": 14.645807716153364, ""status"": ""CONDITIONAL_METHOD""}]",품셈 표상 장비 없음,기존 작업 범위; 세부 내역은 검토서 참조,"[""D_finish""]","{""D_finish"": 0}",[],"[""lawn_D""]","[""ZONE_D""]",54,KCS 34 40 25,잔디식재,2024,2024-12-10,2.1.1 잔디; 3.1.1 잔디식재 시공일반,"[""KCS 34 40 05"", ""KCS 34 30 10""]",300×300mm 평떼 전면붙임. 반입 후 1일 이내 식재 조건을 고려한 반입 분할 계획은 아직 모델화하지 않았다.,MAPPED_NOT_COMPLIANCE_VERIFIED,https://www.kcsc.re.kr/standardCode/viewer/KCS%2034%2040%2025%3A2024-12-10
PK.50.60.A,수목 하부 멀칭 / A구역,A_mulch,0qcn$1YPnK4RH8XJ8hOzYX,PK.50.60,CONSTRUCTION,A,"[""A""]",7.057234103728366,m2,25,"{""crew_landscaper"": 1, ""crew_general"": 2}",,0.28228936414913464,0.03528617051864183,0.2,0.03,ASSUMED_NOT_VERIFIED,[],[],기존 합성모델 장비 가정,기존 작업 범위; 세부 내역은 검토서 참조,"[""A_finish""]","{""A_finish"": 0}",[],"[""green_A""]","[""ZONE_A""]",55,KCS 34 40 10,일반식재기반 식재,2024,2024-12-10,2.2.1 멀칭재,"[""KCS 34 40 05""]",수목 하부 멀칭재 품질 기준. 두께·시공 범위는 설계 가정이며 해당 조항이 수치를 확정하지 않는다.,MAPPED_NOT_COMPLIANCE_VERIFIED,https://www.kcsc.re.kr/standardCode/viewer/KCS%2034%2040%2010%3A2024-12-10
PK.50.60.B,수목 하부 멀칭 / B구역,B_mulch,34hj5tkgTNLQ5jAjR8d_3I,PK.50.60,CONSTRUCTION,B,"[""B""]",10.585851155592552,m2,25,"{""crew_landscaper"": 1, ""crew_general"": 2}",,0.42343404622370207,0.05292925577796276,0.2,0.03,ASSUMED_NOT_VERIFIED,[],[],기존 합성모델 장비 가정,기존 작업 범위; 세부 내역은 검토서 참조,"[""B_finish""]","{""B_finish"": 0}",[],"[""green_B""]","[""ZONE_B""]",55,KCS 34 40 10,일반식재기반 식재,2024,2024-12-10,2.2.1 멀칭재,"[""KCS 34 40 05""]",수목 하부 멀칭재 품질 기준. 두께·시공 범위는 설계 가정이며 해당 조항이 수치를 확정하지 않는다.,MAPPED_NOT_COMPLIANCE_VERIFIED,https://www.kcsc.re.kr/standardCode/viewer/KCS%2034%2040%2010%3A2024-12-10
PK.50.60.C,수목 하부 멀칭 / C구역,C_mulch,18HPlXDF9SXuOM7vaDyxua,PK.50.60,CONSTRUCTION,C,"[""C""]",3.52861705186418,m2,25,"{""crew_landscaper"": 1, ""crew_general"": 2}",,0.1411446820745672,0.0176430852593209,0.2,0.03,ASSUMED_NOT_VERIFIED,[],[],기존 합성모델 장비 가정,기존 작업 범위; 세부 내역은 검토서 참조,"[""C_finish""]","{""C_finish"": 0}",[],"[""green_C""]","[""ZONE_C""]",55,KCS 34 40 10,일반식재기반 식재,2024,2024-12-10,2.2.1 멀칭재,"[""KCS 34 40 05""]",수목 하부 멀칭재 품질 기준. 두께·시공 범위는 설계 가정이며 해당 조항이 수치를 확정하지 않는다.,MAPPED_NOT_COMPLIANCE_VERIFIED,https://www.kcsc.re.kr/standardCode/viewer/KCS%2034%2040%2010%3A2024-12-10
PK.50.60.D,수목 하부 멀칭 / D구역,D_mulch,3jIwiso2zK08gyhvYvk2yk,PK.50.60,CONSTRUCTION,D,"[""D""]",7.057234103728366,m2,25,"{""crew_landscaper"": 1, ""crew_general"": 2}",,0.28228936414913464,0.03528617051864183,0.2,0.03,ASSUMED_NOT_VERIFIED,[],[],기존 합성모델 장비 가정,기존 작업 범위; 세부 내역은 검토서 참조,"[""D_finish""]","{""D_finish"": 0}",[],"[""green_D""]","[""ZONE_D""]",55,KCS 34 40 10,일반식재기반 식재,2024,2024-12-10,2.2.1 멀칭재,"[""KCS 34 40 05""]",수목 하부 멀칭재 품질 기준. 두께·시공 범위는 설계 가정이며 해당 조항이 수치를 확정하지 않는다.,MAPPED_NOT_COMPLIANCE_VERIFIED,https://www.kcsc.re.kr/standardCode/viewer/KCS%2034%2040%2010%3A2024-12-10
PK.60.10.A,벤치 설치 / A구역,A_bench,1JxWIS5BLTD9df1rvsFUAo,PK.60.10,INSTALLATION,A,"[""A""]",3,ea,0.5,"{""crew_landscaper"": 1, ""crew_general"": 2}",,6.0,0.75,0.2,0.03,ASSUMED_NOT_VERIFIED,[],[],기존 합성모델 장비 가정,기존 작업 범위; 세부 내역은 검토서 참조,"[""A_foundation"", ""A_finish""]","{""A_foundation"": 24.0, ""A_finish"": 0.0}",[],"[""BENCH03"", ""BENCH04"", ""BENCH05""]","[""ZONE_A""]",60,KCS 34 50 20,옥외시설물,2024,2024-12-10,2.1.11 옥외용 벤치; 3.2.2 의자,"[""KCS 34 50 05"", ""KCS 34 50 15""]",벤치 높이·기초·앵커·체결·마감 확인. 재료별 관련 시방을 함께 검토한다.,MAPPED_NOT_COMPLIANCE_VERIFIED,https://www.kcsc.re.kr/standardCode/viewer/KCS%2034%2050%2020%3A2024-12-10
PK.60.10.C,벤치 설치 / C구역,C_bench,2ZZuVLGG5HL9UR2dcuTRnL,PK.60.10,INSTALLATION,C,"[""C""]",1,ea,0.5,"{""crew_landscaper"": 1, ""crew_general"": 2}",,2.0,0.25,0.2,0.03,ASSUMED_NOT_VERIFIED,[],[],기존 합성모델 장비 가정,기존 작업 범위; 세부 내역은 검토서 참조,"[""C_foundation"", ""C_finish""]","{""C_foundation"": 24.0, ""C_finish"": 0.0}",[],"[""BENCH06""]","[""ZONE_C""]",60,KCS 34 50 20,옥외시설물,2024,2024-12-10,2.1.11 옥외용 벤치; 3.2.2 의자,"[""KCS 34 50 05"", ""KCS 34 50 15""]",벤치 높이·기초·앵커·체결·마감 확인. 재료별 관련 시방을 함께 검토한다.,MAPPED_NOT_COMPLIANCE_VERIFIED,https://www.kcsc.re.kr/standardCode/viewer/KCS%2034%2050%2020%3A2024-12-10
PK.60.10.D,벤치 설치 / D구역,D_bench,1cV9jjJRHIjuIqr2q2nErS,PK.60.10,INSTALLATION,D,"[""D""]",2,ea,0.5,"{""crew_landscaper"": 1, ""crew_general"": 2}",,4.0,0.5,0.2,0.03,ASSUMED_NOT_VERIFIED,[],[],기존 합성모델 장비 가정,기존 작업 범위; 세부 내역은 검토서 참조,"[""D_foundation"", ""D_finish""]","{""D_foundation"": 24.0, ""D_finish"": 0.0}",[],"[""BENCH01"", ""BENCH02""]","[""ZONE_D""]",60,KCS 34 50 20,옥외시설물,2024,2024-12-10,2.1.11 옥외용 벤치; 3.2.2 의자,"[""KCS 34 50 05"", ""KCS 34 50 15""]",벤치 높이·기초·앵커·체결·마감 확인. 재료별 관련 시방을 함께 검토한다.,MAPPED_NOT_COMPLIANCE_VERIFIED,https://www.kcsc.re.kr/standardCode/viewer/KCS%2034%2050%2020%3A2024-12-10
PK.60.20.D,퍼걸러 설치 / D구역,D_pergola,3Rvg5nVnXUWut1Q3eG$WzC,PK.60.20,INSTALLATION,D,"[""D""]",1,ea,0.0625,"{""excavator"": 1, ""crew_landscaper"": 1, ""crew_general"": 2}",,16.0,2.0,0.2,0.1,ASSUMED_NOT_VERIFIED,[],[],기존 합성모델 장비 가정,기존 작업 범위; 세부 내역은 검토서 참조,"[""D_foundation""]","{""D_foundation"": 24.0}",[],"[""PERGOLA01""]","[""ZONE_D""]",60,KCS 34 50 20,옥외시설물,2024,2024-12-10,3.2.4 퍼걸러,"[""KCS 34 50 05"", ""KCS 34 50 15""]",4.0×4.0m 퍼걸러의 수직·접합·배수·재료별 방부 등. 구조안전·제품 상세는 별도 검토한다.,MAPPED_NOT_COMPLIANCE_VERIFIED,https://www.kcsc.re.kr/standardCode/viewer/KCS%2034%2050%2020%3A2024-12-10
PK.70.10.A,구역 마무리 검사 / A구역,A_check,0QpginrLjSj9CDjtEXJ5e4,PK.70.10,INSPECTION,A,"[""A""]",1,ea,1,"{""inspector"": 1}",,1.0,0.125,0.2,0.03,ASSUMED_NOT_VERIFIED,[],[],기존 합성모델 장비 가정,기존 작업 범위; 세부 내역은 검토서 참조,"[""A_shrubs"", ""A_turf"", ""A_mulch"", ""A_bench""]","{""A_shrubs"": 0, ""A_turf"": 0, ""A_mulch"": 0, ""A_bench"": 0}","[""BENCH03"", ""BENCH04"", ""BENCH05"", ""CHAMBER_A"", ""CURB_A"", ""P2_D02"", ""P2_I04"", ""P2_I07"", ""P2_N02"", ""P2_R02-001"", ""P2_R02-002"", ""P2_R02-003"", ""P2_R02-004"", ""P2_R02-005"", ""P2_R02-006"", ""P2_R02-007"", ""P2_R02-008"", ""P2_R02-009"", ""P2_R02-010"", ""P2_R02-011"", ""P2_R02-012"", ""P2_R02-013"", ""P2_R02-014"", ""P2_R02-015"", ""P2_R02-016"", ""P2_R02-017"", ""P2_R02-018"", ""P2_R02-019"", ""P2_R02-020"", ""P2_R02-021"", ""P2_R02-022"", ""P2_R02-023"", ""P2_R02-024"", ""P2_R02-025"", ""P2_R02-026"", ""P2_R02-027"", ""P2_R02-028"", ""P2_R02-029"", ""P2_R02-030"", ""P2_R02-031"", ""P2_R02-032"", ""P2_R02-033"", ""P2_R02-034"", ""P2_R02-035"", ""P2_R02-036"", ""P2_R02-037"", ""P2_R03-008"", ""P2_R03-009"", ""P2_R03-010"", ""P2_R03-011"", ""P2_R03-012"", ""P2_R03-025"", ""P2_R03-026"", ""P2_R03-027"", ""P2_R03-028"", ""P2_R03-029"", ""P2_R03-030"", ""P2_R03-031"", ""P2_R03-032"", ""P2_R03-033"", ""P2_R03-034"", ""P2_R03-035"", ""P2_R03-036"", ""P2_R03-050"", ""P2_R03-051"", ""P2_R03-052"", ""P2_R03-053"", ""P2_R03-054"", ""P2_R03-055"", ""P2_R03-056"", ""P2_R03-057"", ""P2_R03-058"", ""P2_R03-059"", ""P2_R03-060"", ""P2_R03-072"", ""P2_R03-073"", ""P2_R03-074"", ""P2_R03-075"", ""P2_R03-076"", ""P2_S02-005"", ""P2_S02-006"", ""P2_S02-007"", ""P2_S02-008"", ""P2_S02-009"", ""P2_S02-010"", ""P2_S02-011"", ""P2_S02-012"", ""P2_S02-013"", ""P2_S02-014"", ""P2_S02-026"", ""P2_S02-027"", ""P2_S02-028"", ""P2_S02-029"", ""P2_S02-030"", ""P2_S02-031"", ""P2_S02-032"", ""P2_S02-033"", ""P2_S02-034"", ""P2_S02-035"", ""P2_S02-036"", ""P2_S02-037"", ""P2_S02-038"", ""P2_S02-039"", ""P2_S02-040"", ""P2_S02-041"", ""P2_S02-052"", ""P2_S02-053"", ""P2_S02-054"", ""P2_S02-055"", ""P2_S02-056"", ""P2_S02-057"", ""P2_S02-058"", ""P2_S02-059"", ""P2_S02-060"", ""P2_S02-061"", ""P2_S02-062"", ""P2_S02-063"", ""P2_S02-064"", ""P2_S02-065"", ""P2_S02-066"", ""P2_S02-067"", ""P2_Y04-001"", ""P2_Y04-002"", ""P2_Y04-003"", ""P2_Y04-004"", ""P2_Y04-005"", ""P2_Y04-006"", ""P2_Y04-007"", ""P2_Y04-008"", ""P2_Y04-009"", ""P2_Y04-010"", ""P2_Y04-011"", ""P2_Y04-012"", ""P2_Y04-013"", ""P2_Y04-014"", ""P2_Y04-015"", ""P2_Y04-016"", ""P2_Y04-017"", ""P2_Y04-018"", ""P2_Y04-019"", ""P2_Y04-020"", ""P2_Y04-021"", ""P2_Y04-022"", ""P2_Y04-023"", ""P2_Y04-024"", ""P2_Y04-025"", ""P2_Y04-026"", ""PIPE_A"", ""green_A"", ""lawn_A"", ""plaza_A"", ""shrub_A"", ""walkway_A""]",[],"[""ZONE_A""]",70,KCS 34 10 10,조경공사 일반,2024,2024-12-10,1.6.2 품질시험·검사; 3.1.1 시공 확인 및 검사,"[""KCS 34 40 05"", ""KCS 34 60 05"", ""KCS 34 50 05""]",구역 종합검사 공통 기준. 해당 구역의 식재·포장·시설물 세부 기준을 함께 대조한다.,MAPPED_NOT_COMPLIANCE_VERIFIED,https://www.kcsc.re.kr/standardCode/viewer/KCS%2034%2010%2010%3A2024-12-10
PK.70.10.B,구역 마무리 검사 / B구역,B_check,3n7dHmu61RGOxSFzmYZMsK,PK.70.10,INSPECTION,B,"[""B""]",1,ea,1,"{""inspector"": 1}",,1.0,0.125,0.2,0.03,ASSUMED_NOT_VERIFIED,[],[],기존 합성모델 장비 가정,기존 작업 범위; 세부 내역은 검토서 참조,"[""B_shrubs"", ""B_turf"", ""B_mulch""]","{""B_shrubs"": 0, ""B_turf"": 0, ""B_mulch"": 0}","[""CHAMBER_B"", ""CURB_B"", ""P2_D01"", ""P2_I05"", ""P2_N03"", ""P2_R03-001"", ""P2_R03-002"", ""P2_R03-003"", ""P2_R03-004"", ""P2_R03-005"", ""P2_R03-006"", ""P2_R03-007"", ""P2_R03-013"", ""P2_R03-014"", ""P2_R03-015"", ""P2_R03-016"", ""P2_R03-017"", ""P2_R03-018"", ""P2_R03-019"", ""P2_R03-020"", ""P2_R03-021"", ""P2_R03-022"", ""P2_R03-023"", ""P2_R03-024"", ""P2_R03-037"", ""P2_R03-038"", ""P2_R03-039"", ""P2_R03-040"", ""P2_R03-041"", ""P2_R03-042"", ""P2_R03-043"", ""P2_R03-044"", ""P2_R03-045"", ""P2_R03-046"", ""P2_R03-047"", ""P2_R03-048"", ""P2_R03-049"", ""P2_R03-061"", ""P2_R03-062"", ""P2_R03-063"", ""P2_R03-064"", ""P2_R03-065"", ""P2_R03-066"", ""P2_R03-067"", ""P2_R03-068"", ""P2_R03-069"", ""P2_R03-070"", ""P2_R03-071"", ""P2_S01-003"", ""P2_S01-004"", ""P2_S01-005"", ""P2_S01-006"", ""P2_S01-007"", ""P2_S01-008"", ""P2_S01-009"", ""P2_S01-010"", ""P2_S01-011"", ""P2_S01-012"", ""P2_S01-013"", ""P2_S01-014"", ""P2_S01-015"", ""P2_S01-016"", ""P2_S01-017"", ""P2_S01-018"", ""P2_S01-019"", ""P2_S01-020"", ""P2_S01-021"", ""P2_S01-022"", ""P2_S01-023"", ""P2_S01-024"", ""P2_S01-025"", ""P2_S01-026"", ""P2_S01-027"", ""P2_S01-028"", ""P2_S01-029"", ""P2_S01-030"", ""P2_S01-031"", ""P2_S01-032"", ""P2_S01-033"", ""P2_S01-034"", ""P2_S01-035"", ""P2_S01-036"", ""P2_S01-037"", ""P2_S01-038"", ""P2_S01-039"", ""P2_S01-040"", ""P2_S01-041"", ""P2_S01-042"", ""P2_S01-043"", ""P2_S01-044"", ""P2_S01-045"", ""P2_S01-046"", ""P2_S01-047"", ""P2_S01-048"", ""P2_S01-049"", ""P2_S01-050"", ""P2_S01-051"", ""P2_S01-052"", ""P2_S01-053"", ""P2_S01-054"", ""P2_S01-055"", ""P2_S01-056"", ""P2_S01-057"", ""P2_S01-058"", ""P2_S01-059"", ""P2_S01-060"", ""P2_S01-061"", ""P2_S01-062"", ""P2_S01-063"", ""P2_S01-064"", ""P2_S01-065"", ""P2_S01-066"", ""P2_S01-067"", ""P2_S01-068"", ""P2_S01-069"", ""P2_S01-070"", ""P2_S01-071"", ""P2_S01-072"", ""P2_S01-073"", ""P2_S01-074"", ""P2_S01-075"", ""P2_S01-076"", ""P2_S01-077"", ""P2_S01-078"", ""P2_S01-079"", ""P2_S01-080"", ""P2_S01-081"", ""P2_S01-082"", ""P2_S01-083"", ""P2_S01-084"", ""P2_S01-085"", ""P2_S01-086"", ""P2_S01-087"", ""P2_S01-088"", ""P2_S01-089"", ""P2_S01-090"", ""P2_S01-091"", ""P2_S01-092"", ""P2_S01-093"", ""P2_S01-094"", ""P2_S01-095"", ""P2_S02-001"", ""P2_S02-002"", ""P2_S02-003"", ""P2_S02-004"", ""P2_S02-015"", ""P2_S02-016"", ""P2_S02-017"", ""P2_S02-018"", ""P2_S02-019"", ""P2_S02-020"", ""P2_S02-021"", ""P2_S02-022"", ""P2_S02-023"", ""P2_S02-024"", ""P2_S02-025"", ""P2_S02-042"", ""P2_S02-043"", ""P2_S02-044"", ""P2_S02-045"", ""P2_S02-046"", ""P2_S02-047"", ""P2_S02-048"", ""P2_S02-049"", ""P2_S02-050"", ""P2_S02-051"", ""P2_S02-068"", ""P2_S02-069"", ""P2_S02-070"", ""P2_S02-071"", ""P2_S02-072"", ""P2_S02-073"", ""P2_S02-074"", ""P2_S02-075"", ""P2_S02-076"", ""P2_S02-077"", ""P2_S02-078"", ""P2_S02-079"", ""P2_S02-080"", ""P2_S02-081"", ""P2_S02-082"", ""P2_T01"", ""P2_T02"", ""P2_T03"", ""P2_Y05-004"", ""P2_Y05-005"", ""P2_Y05-006"", ""P2_Y05-007"", ""P2_Y05-008"", ""P2_Y05-009"", ""P2_Y05-010"", ""P2_Y05-011"", ""P2_Y05-012"", ""P2_Y05-013"", ""P2_Y05-014"", ""P2_Y05-015"", ""P2_Y05-016"", ""P2_Y05-017"", ""P2_Y05-018"", ""P2_Y05-019"", ""P2_Y05-020"", ""P2_Y05-021"", ""P2_Y05-022"", ""P2_Y05-023"", ""P2_Y05-024"", ""P2_Y05-025"", ""P2_Y05-026"", ""P2_Y05-027"", ""P2_Y05-028"", ""P2_Y05-029"", ""P2_Y05-030"", ""P2_Y05-031"", ""P2_Y05-032"", ""P2_Y05-033"", ""P2_Y05-034"", ""P2_Y05-035"", ""P2_Y05-036"", ""P2_Y05-037"", ""P2_Y05-038"", ""P2_Y05-039"", ""P2_Y05-040"", ""P2_Y05-041"", ""P2_Y05-042"", ""P2_Y05-043"", ""P2_Y05-044"", ""P2_Y05-045"", ""P2_Y05-046"", ""P2_Y05-047"", ""P2_Y05-048"", ""PIPE_B"", ""green_B"", ""lawn_B"", ""shrub_B"", ""walkway_B""]",[],"[""ZONE_B""]",70,KCS 34 10 10,조경공사 일반,2024,2024-12-10,1.6.2 품질시험·검사; 3.1.1 시공 확인 및 검사,"[""KCS 34 40 05"", ""KCS 34 60 05"", ""KCS 34 50 05""]",구역 종합검사 공통 기준. 해당 구역의 식재·포장·시설물 세부 기준을 함께 대조한다.,MAPPED_NOT_COMPLIANCE_VERIFIED,https://www.kcsc.re.kr/standardCode/viewer/KCS%2034%2010%2010%3A2024-12-10
PK.70.10.C,구역 마무리 검사 / C구역,C_check,0TLh3R24LJzPazNU4Uoi5b,PK.70.10,INSPECTION,C,"[""C""]",1,ea,1,"{""inspector"": 1}",,1.0,0.125,0.2,0.03,ASSUMED_NOT_VERIFIED,[],[],기존 합성모델 장비 가정,기존 작업 범위; 세부 내역은 검토서 참조,"[""C_shrubs"", ""C_turf"", ""C_mulch"", ""C_bench""]","{""C_shrubs"": 0, ""C_turf"": 0, ""C_mulch"": 0, ""C_bench"": 0}","[""BENCH06"", ""CHAMBER_C"", ""CURB_C"", ""P2_B01-001"", ""P2_B01-002"", ""P2_B01-003"", ""P2_B01-004"", ""P2_B01-005"", ""P2_B01-006"", ""P2_B01-007"", ""P2_B01-008"", ""P2_B01-009"", ""P2_B01-010"", ""P2_B01-011"", ""P2_B01-012"", ""P2_B01-013"", ""P2_B01-014"", ""P2_B01-015"", ""P2_B01-016"", ""P2_B01-017"", ""P2_B01-018"", ""P2_B01-019"", ""P2_B01-020"", ""P2_B01-021"", ""P2_B01-022"", ""P2_B01-023"", ""P2_B01-024"", ""P2_B01-025"", ""P2_B01-026"", ""P2_B01-027"", ""P2_B01-028"", ""P2_B01-029"", ""P2_B01-030"", ""P2_B01-031"", ""P2_B01-032"", ""P2_B01-033"", ""P2_B01-034"", ""P2_B01-035"", ""P2_B01-036"", ""P2_B01-037"", ""P2_B01-038"", ""P2_B01-039"", ""P2_B01-040"", ""P2_B01-041"", ""P2_B01-042"", ""P2_B01-043"", ""P2_B01-044"", ""P2_B01-045"", ""P2_B01-046"", ""P2_B01-047"", ""P2_B01-048"", ""P2_B01-049"", ""P2_B01-050"", ""P2_B01-051"", ""P2_B01-052"", ""P2_B01-053"", ""P2_B01-054"", ""P2_B01-055"", ""P2_B01-056"", ""P2_B01-057"", ""P2_B01-058"", ""P2_B01-059"", ""P2_B01-060"", ""P2_B01-061"", ""P2_B01-062"", ""P2_B01-063"", ""P2_B01-064"", ""P2_B01-065"", ""P2_B01-066"", ""P2_B01-067"", ""P2_B01-068"", ""P2_B01-069"", ""P2_B01-070"", ""P2_B01-071"", ""P2_B01-072"", ""P2_B01-073"", ""P2_B01-074"", ""P2_B01-075"", ""P2_B01-076"", ""P2_B01-077"", ""P2_B01-078"", ""P2_B01-079"", ""P2_B01-080"", ""P2_B01-081"", ""P2_I01"", ""P2_N01"", ""P2_R01-001"", ""P2_R01-002"", ""P2_R01-003"", ""P2_R01-004"", ""P2_R01-005"", ""P2_R01-006"", ""P2_R01-007"", ""P2_R01-008"", ""P2_R01-009"", ""P2_R01-010"", ""P2_R01-011"", ""P2_R01-012"", ""P2_R01-013"", ""P2_R01-014"", ""P2_R01-015"", ""P2_R01-016"", ""P2_R01-017"", ""P2_R01-018"", ""P2_R01-019"", ""P2_R01-020"", ""P2_R01-021"", ""P2_R01-022"", ""P2_R01-023"", ""P2_R01-024"", ""P2_R01-025"", ""P2_R01-026"", ""P2_R01-027"", ""P2_R01-028"", ""P2_R01-029"", ""P2_R01-030"", ""P2_R01-031"", ""P2_R01-032"", ""P2_R01-033"", ""P2_R01-034"", ""P2_R01-035"", ""P2_R01-036"", ""P2_R01-037"", ""P2_R01-038"", ""P2_R01-039"", ""P2_R01-040"", ""P2_R01-041"", ""P2_R01-042"", ""P2_R01-043"", ""P2_R01-044"", ""P2_R01-045"", ""P2_R01-046"", ""P2_R01-047"", ""P2_Y01-001"", ""P2_Y01-002"", ""P2_Y01-003"", ""P2_Y01-004"", ""P2_Y01-005"", ""P2_Y01-006"", ""P2_Y01-007"", ""P2_Y01-008"", ""P2_Y01-009"", ""P2_Y01-010"", ""P2_Y01-011"", ""P2_Y01-012"", ""P2_Y01-013"", ""P2_Y01-014"", ""P2_Y01-015"", ""P2_Y01-016"", ""P2_Y01-017"", ""P2_Y01-018"", ""P2_Y01-019"", ""P2_Y01-020"", ""P2_Y01-021"", ""P2_Y01-022"", ""P2_Y01-023"", ""P2_Y01-024"", ""P2_Y01-025"", ""P2_Y01-026"", ""P2_Y01-027"", ""P2_Y01-028"", ""P2_Y03-001"", ""P2_Y03-002"", ""P2_Y03-003"", ""P2_Y03-004"", ""P2_Y03-005"", ""P2_Y03-006"", ""P2_Y03-007"", ""P2_Y03-008"", ""P2_Y03-009"", ""P2_Y03-010"", ""P2_Y03-011"", ""P2_Y03-012"", ""P2_Y03-013"", ""P2_Y03-014"", ""P2_Y03-015"", ""P2_Y03-016"", ""P2_Y03-017"", ""P2_Y03-018"", ""P2_Y03-019"", ""P2_Y03-020"", ""P2_Y03-021"", ""P2_Y03-022"", ""P2_Y03-023"", ""P2_Y03-024"", ""P2_Y03-025"", ""PIPE_C"", ""green_C"", ""lawn_C"", ""plaza_C"", ""shrub_C"", ""walkway_C""]",[],"[""ZONE_C""]",70,KCS 34 10 10,조경공사 일반,2024,2024-12-10,1.6.2 품질시험·검사; 3.1.1 시공 확인 및 검사,"[""KCS 34 40 05"", ""KCS 34 60 05"", ""KCS 34 50 05""]",구역 종합검사 공통 기준. 해당 구역의 식재·포장·시설물 세부 기준을 함께 대조한다.,MAPPED_NOT_COMPLIANCE_VERIFIED,https://www.kcsc.re.kr/standardCode/viewer/KCS%2034%2010%2010%3A2024-12-10
PK.70.10.D,구역 마무리 검사 / D구역,D_check,164omsjYPJa9_Pi5RLjGJg,PK.70.10,INSPECTION,D,"[""D""]",1,ea,1,"{""inspector"": 1}",,1.0,0.125,0.2,0.03,ASSUMED_NOT_VERIFIED,[],[],기존 합성모델 장비 가정,기존 작업 범위; 세부 내역은 검토서 참조,"[""D_shrubs"", ""D_turf"", ""D_mulch"", ""D_bench"", ""D_pergola""]","{""D_shrubs"": 0, ""D_turf"": 0, ""D_mulch"": 0, ""D_bench"": 0, ""D_pergola"": 0}","[""BENCH01"", ""BENCH02"", ""CHAMBER_D"", ""CURB_D"", ""P2_B02-001"", ""P2_B02-002"", ""P2_B02-003"", ""P2_B02-004"", ""P2_B02-005"", ""P2_B02-006"", ""P2_B02-007"", ""P2_B02-008"", ""P2_B02-009"", ""P2_B02-010"", ""P2_B02-011"", ""P2_B02-012"", ""P2_B02-013"", ""P2_B02-014"", ""P2_B02-015"", ""P2_B02-016"", ""P2_B02-017"", ""P2_B02-018"", ""P2_B02-019"", ""P2_B02-020"", ""P2_B02-021"", ""P2_B02-022"", ""P2_B02-023"", ""P2_B02-024"", ""P2_B02-025"", ""P2_B02-026"", ""P2_B02-027"", ""P2_B02-028"", ""P2_B02-029"", ""P2_B02-030"", ""P2_B02-031"", ""P2_B02-032"", ""P2_B02-033"", ""P2_B02-034"", ""P2_B02-035"", ""P2_B02-036"", ""P2_B02-037"", ""P2_B02-038"", ""P2_B02-039"", ""P2_B02-040"", ""P2_B02-041"", ""P2_B02-042"", ""P2_B02-043"", ""P2_B02-044"", ""P2_B02-045"", ""P2_B02-046"", ""P2_B02-047"", ""P2_B02-048"", ""P2_B02-049"", ""P2_B02-050"", ""P2_B02-051"", ""P2_B02-052"", ""P2_B02-053"", ""P2_B02-054"", ""P2_B02-055"", ""P2_B02-056"", ""P2_B02-057"", ""P2_B02-058"", ""P2_B02-059"", ""P2_B02-060"", ""P2_B02-061"", ""P2_B02-062"", ""P2_B02-063"", ""P2_B02-064"", ""P2_B02-065"", ""P2_B02-066"", ""P2_B02-067"", ""P2_B02-068"", ""P2_B02-069"", ""P2_B02-070"", ""P2_B02-071"", ""P2_B02-072"", ""P2_B02-073"", ""P2_B02-074"", ""P2_B02-075"", ""P2_B02-076"", ""P2_B02-077"", ""P2_B02-078"", ""P2_B02-079"", ""P2_B02-080"", ""P2_B02-081"", ""P2_B02-082"", ""P2_B02-083"", ""P2_B02-084"", ""P2_B02-085"", ""P2_B02-086"", ""P2_B02-087"", ""P2_B02-088"", ""P2_B02-089"", ""P2_B02-090"", ""P2_B02-091"", ""P2_B02-092"", ""P2_B02-093"", ""P2_B02-094"", ""P2_B02-095"", ""P2_B02-096"", ""P2_B02-097"", ""P2_B02-098"", ""P2_B02-099"", ""P2_B02-100"", ""P2_D03"", ""P2_I02"", ""P2_I03"", ""P2_I06"", ""P2_S01-001"", ""P2_S01-002"", ""P2_Y02-001"", ""P2_Y02-002"", ""P2_Y02-003"", ""P2_Y02-004"", ""P2_Y02-005"", ""P2_Y02-006"", ""P2_Y02-007"", ""P2_Y02-008"", ""P2_Y02-009"", ""P2_Y02-010"", ""P2_Y02-011"", ""P2_Y02-012"", ""P2_Y02-013"", ""P2_Y02-014"", ""P2_Y02-015"", ""P2_Y02-016"", ""P2_Y02-017"", ""P2_Y02-018"", ""P2_Y02-019"", ""P2_Y02-020"", ""P2_Y02-021"", ""P2_Y02-022"", ""P2_Y02-023"", ""P2_Y02-024"", ""P2_Y02-025"", ""P2_Y02-026"", ""P2_Y02-027"", ""P2_Y02-028"", ""P2_Y02-029"", ""P2_Y02-030"", ""P2_Y02-031"", ""P2_Y02-032"", ""P2_Y05-001"", ""P2_Y05-002"", ""P2_Y05-003"", ""PERGOLA01"", ""PIPE_D"", ""green_D"", ""lawn_D"", ""plaza_D"", ""shrub_D"", ""walkway_D""]",[],"[""ZONE_D""]",70,KCS 34 10 10,조경공사 일반,2024,2024-12-10,1.6.2 품질시험·검사; 3.1.1 시공 확인 및 검사,"[""KCS 34 40 05"", ""KCS 34 60 05"", ""KCS 34 50 05""]",구역 종합검사 공통 기준. 해당 구역의 식재·포장·시설물 세부 기준을 함께 대조한다.,MAPPED_NOT_COMPLIANCE_VERIFIED,https://www.kcsc.re.kr/standardCode/viewer/KCS%2034%2010%2010%3A2024-12-10
PK.70.20.SITE,임시동선 복구 / 전체,RESTORE,0dt$1QUmrUhvcqPNX1gO8o,PK.70.20,RENOVATION,SITE,"[""SITE""]",1,ea,0.25,"{""earth_crew"": 1}",,4.0,0.5,0.2,0.03,ASSUMED_NOT_VERIFIED,[],[],기존 합성모델 장비 가정,기존 작업 범위; 세부 내역은 검토서 참조,"[""A_check"", ""B_check"", ""C_check"", ""D_check""]","{""A_check"": 0, ""B_check"": 0, ""C_check"": 0, ""D_check"": 0}","[""ACCESS_A"", ""ACCESS_B"", ""ACCESS_C"", ""ACCESS_D"", ""ACCESS_trunk""]",[],"[""TERRAIN""]",71,KCS 34 10 10,조경공사 일반,2024,2024-12-10,1.7.4 자연환경 보전; 3.1.1 시공 확인 및 검사,"[""KCS 34 20 10"", ""KCS 34 60 05""]",임시동선 복구의 공통 기준. 실제 훼손 피복·식재 복구 범위에 따라 세부 기준을 확정한다.,MAPPED_NOT_COMPLIANCE_VERIFIED,https://www.kcsc.re.kr/standardCode/viewer/KCS%2034%2010%2010%3A2024-12-10
PK.70.30.SITE,준공검사 / 전체,HANDOVER,3be2cWMYLN3BQh0uKZC07h,PK.70.30,INSPECTION,SITE,"[""SITE""]",1,ea,0.5,"{""inspector"": 1}",,2.0,0.25,0.2,0.03,ASSUMED_NOT_VERIFIED,[],[],기존 합성모델 장비 가정,기존 작업 범위; 세부 내역은 검토서 참조,"[""RESTORE""]","{""RESTORE"": 0}","[""TERRAIN""]",[],"[""TERRAIN""]",72,KCS 34 10 10,조경공사 일반,2024,2024-12-10,1.5 공사기록서류; 3.1.2 기성 및 준공 검사,"[""KCS 34 40 05"", ""KCS 34 50 05"", ""KCS 34 60 05"", ""KCS 34 50 65""]",준공 검사·기록서류. 현재 작업은 계획이며 실적 또는 준공 인증이 아니다.,MAPPED_NOT_COMPLIANCE_VERIFIED,https://www.kcsc.re.kr/standardCode/viewer/KCS%2034%2010%2010%3A2024-12-10
