task_id,task_guid,wbs_code,wbs_name,kcs_code,kcs_title,role,clauses,edition,revision_date,checked_on,source_url,application_note,status
SITE_strip,0wh5VStxDOpRBQl4$02gXs,PK.10.10.SITE,표토 제거 / 전체,KCS 34 20 10,조경 토공사,PRIMARY,3.4.1 표토 채취; 3.4.2 표토 보관,2024,2024-12-10,2026-09-25,https://www.kcsc.re.kr/standardCode/viewer/KCS%2034%2020%2010%3A2024-12-10,표토 제거·분리 적치의 시공 및 품질 항목. 재사용 여부는 설계조건에 따른다.,MAPPED_NOT_COMPLIANCE_VERIFIED
SITE_strip,0wh5VStxDOpRBQl4$02gXs,PK.10.10.SITE,표토 제거 / 전체,KCS 34 10 10,조경공사 일반,RELATED,,2024,2024-12-10,2026-09-25,https://www.kcsc.re.kr/standardCode/viewer/KCS%2034%2010%2010%3A2024-12-10,,MAPPED_NOT_COMPLIANCE_VERIFIED
SITE_grade,2Qw50kcy1Qd8IPt09I0Com,PK.10.20.SITE,일반토공·정지 / 전체,KCS 34 20 10,조경 토공사,PRIMARY,3.3 지형변경 및 대지조형; 3.5 시공허용오차; 3.6.3 다짐도 검사,2024,2024-12-10,2026-09-25,https://www.kcsc.re.kr/standardCode/viewer/KCS%2034%2020%2010%3A2024-12-10,전면 정지와 계획고·다짐 관리. 측량값·다짐 시험 성적은 현재 없다.,MAPPED_NOT_COMPLIANCE_VERIFIED
SITE_grade,2Qw50kcy1Qd8IPt09I0Com,PK.10.20.SITE,일반토공·정지 / 전체,KCS 34 10 10,조경공사 일반,RELATED,,2024,2024-12-10,2026-09-25,https://www.kcsc.re.kr/standardCode/viewer/KCS%2034%2010%2010%3A2024-12-10,,MAPPED_NOT_COMPLIANCE_VERIFIED
SITE_grade,2Qw50kcy1Qd8IPt09I0Com,PK.10.20.SITE,일반토공·정지 / 전체,KCS 34 30 10,식재기반 조성,RELATED,,2024,2024-12-10,2026-09-25,https://www.kcsc.re.kr/standardCode/viewer/KCS%2034%2030%2010%3A2024-12-10,,MAPPED_NOT_COMPLIANCE_VERIFIED
SITE_survey,3VwCg$IGbHHgVNMMSF_X$y,PK.20.05.SITE,배수 기준고·관저고 측량 / 전체,KCS 34 50 65,조경 급․배수 및 관수,PRIMARY,3.1.10 배수관 설치; 3.3.1 배수공사,2024,2024-12-10,2026-09-25,https://www.kcsc.re.kr/standardCode/viewer/KCS%2034%2050%2065%3A2024-12-10,관저고·구배 기준 설정에 관련되는 시공 항목. 독립 측량작업 자체의 전용 시방코드는 아니다.,MAPPED_NOT_COMPLIANCE_VERIFIED
SITE_survey,3VwCg$IGbHHgVNMMSF_X$y,PK.20.05.SITE,배수 기준고·관저고 측량 / 전체,KCS 34 20 10,조경 토공사,RELATED,,2024,2024-12-10,2026-09-25,https://www.kcsc.re.kr/standardCode/viewer/KCS%2034%2020%2010%3A2024-12-10,,MAPPED_NOT_COMPLIANCE_VERIFIED
SITE_survey,3VwCg$IGbHHgVNMMSF_X$y,PK.20.05.SITE,배수 기준고·관저고 측량 / 전체,KCS 34 10 10,조경공사 일반,RELATED,,2024,2024-12-10,2026-09-25,https://www.kcsc.re.kr/standardCode/viewer/KCS%2034%2010%2010%3A2024-12-10,,MAPPED_NOT_COMPLIANCE_VERIFIED
A_trench,1awomNFVnRZwldlF77MUPX,PK.20.10.A,관로·집수정 굴착 / A구역,KCS 34 20 10,조경 토공사,PRIMARY,3.2.1 준비배수; 3.3.1 땅깎기,2024,2024-12-10,2026-09-25,https://www.kcsc.re.kr/standardCode/viewer/KCS%2034%2020%2010%3A2024-12-10,관로·집수정 굴착의 토공 기준. 흙막이 등은 지반·굴착 상세 확정 후 추가 검토한다.,MAPPED_NOT_COMPLIANCE_VERIFIED
A_trench,1awomNFVnRZwldlF77MUPX,PK.20.10.A,관로·집수정 굴착 / A구역,KCS 34 50 65,조경 급․배수 및 관수,RELATED,,2024,2024-12-10,2026-09-25,https://www.kcsc.re.kr/standardCode/viewer/KCS%2034%2050%2065%3A2024-12-10,,MAPPED_NOT_COMPLIANCE_VERIFIED
B_trench,3VQFKE61PQGAfmUUqZompD,PK.20.10.B,관로·집수정 굴착 / B구역,KCS 34 20 10,조경 토공사,PRIMARY,3.2.1 준비배수; 3.3.1 땅깎기,2024,2024-12-10,2026-09-25,https://www.kcsc.re.kr/standardCode/viewer/KCS%2034%2020%2010%3A2024-12-10,관로·집수정 굴착의 토공 기준. 흙막이 등은 지반·굴착 상세 확정 후 추가 검토한다.,MAPPED_NOT_COMPLIANCE_VERIFIED
B_trench,3VQFKE61PQGAfmUUqZompD,PK.20.10.B,관로·집수정 굴착 / B구역,KCS 34 50 65,조경 급․배수 및 관수,RELATED,,2024,2024-12-10,2026-09-25,https://www.kcsc.re.kr/standardCode/viewer/KCS%2034%2050%2065%3A2024-12-10,,MAPPED_NOT_COMPLIANCE_VERIFIED
C_trench,3nDxESg1nV2esLD9_Z00Ou,PK.20.10.C,관로·집수정 굴착 / C구역,KCS 34 20 10,조경 토공사,PRIMARY,3.2.1 준비배수; 3.3.1 땅깎기,2024,2024-12-10,2026-09-25,https://www.kcsc.re.kr/standardCode/viewer/KCS%2034%2020%2010%3A2024-12-10,관로·집수정 굴착의 토공 기준. 흙막이 등은 지반·굴착 상세 확정 후 추가 검토한다.,MAPPED_NOT_COMPLIANCE_VERIFIED
C_trench,3nDxESg1nV2esLD9_Z00Ou,PK.20.10.C,관로·집수정 굴착 / C구역,KCS 34 50 65,조경 급․배수 및 관수,RELATED,,2024,2024-12-10,2026-09-25,https://www.kcsc.re.kr/standardCode/viewer/KCS%2034%2050%2065%3A2024-12-10,,MAPPED_NOT_COMPLIANCE_VERIFIED
D_trench,3OJwMFDGDPRRu_rQF61JFL,PK.20.10.D,관로·집수정 굴착 / D구역,KCS 34 20 10,조경 토공사,PRIMARY,3.2.1 준비배수; 3.3.1 땅깎기,2024,2024-12-10,2026-09-25,https://www.kcsc.re.kr/standardCode/viewer/KCS%2034%2020%2010%3A2024-12-10,관로·집수정 굴착의 토공 기준. 흙막이 등은 지반·굴착 상세 확정 후 추가 검토한다.,MAPPED_NOT_COMPLIANCE_VERIFIED
D_trench,3OJwMFDGDPRRu_rQF61JFL,PK.20.10.D,관로·집수정 굴착 / D구역,KCS 34 50 65,조경 급․배수 및 관수,RELATED,,2024,2024-12-10,2026-09-25,https://www.kcsc.re.kr/standardCode/viewer/KCS%2034%2050%2065%3A2024-12-10,,MAPPED_NOT_COMPLIANCE_VERIFIED
SITE_drainage,1QNME35wzTeRhIdKsqH3PQ,PK.20.30.SITE,집수정·우수관 연계 시공 / 전체,KCS 34 50 65,조경 급․배수 및 관수,PRIMARY,3.1.9 배수구조물; 3.1.10 배수관 설치; 3.3.1 배수공사,2024,2024-12-10,2026-09-25,https://www.kcsc.re.kr/standardCode/viewer/KCS%2034%2050%2065%3A2024-12-10,집수정 접속부·관 기초·하류부터 부설·관저고와 구배 확인. DN200과 매설깊이는 별도 설계 검증 대상이다.,MAPPED_NOT_COMPLIANCE_VERIFIED
SITE_drainage,1QNME35wzTeRhIdKsqH3PQ,PK.20.30.SITE,집수정·우수관 연계 시공 / 전체,KCS 34 50 05,조경시설물공통,RELATED,,2024,2024-12-10,2026-09-25,https://www.kcsc.re.kr/standardCode/viewer/KCS%2034%2050%2005%3A2024-12-10,,MAPPED_NOT_COMPLIANCE_VERIFIED
SITE_drainage,1QNME35wzTeRhIdKsqH3PQ,PK.20.30.SITE,집수정·우수관 연계 시공 / 전체,KCS 34 20 10,조경 토공사,RELATED,,2024,2024-12-10,2026-09-25,https://www.kcsc.re.kr/standardCode/viewer/KCS%2034%2020%2010%3A2024-12-10,,MAPPED_NOT_COMPLIANCE_VERIFIED
SITE_draincheck,3NBhirqOPNgO5G87SYJ2x7,PK.20.40.SITE,관망 전체 관저고·구배 검사 / 전체,KCS 34 50 65,조경 급․배수 및 관수,PRIMARY,3.3.1 배수공사; 1.8.1 관매설공사,2024,2024-12-10,2026-09-25,https://www.kcsc.re.kr/standardCode/viewer/KCS%2034%2050%2065%3A2024-12-10,되메우기 전 관저고·접속부 검사에 연결. 1.8.1의 되메우기 후 수량검측·승인은 별도로 확인해야 한다.,MAPPED_NOT_COMPLIANCE_VERIFIED
SITE_draincheck,3NBhirqOPNgO5G87SYJ2x7,PK.20.40.SITE,관망 전체 관저고·구배 검사 / 전체,KCS 34 10 10,조경공사 일반,RELATED,,2024,2024-12-10,2026-09-25,https://www.kcsc.re.kr/standardCode/viewer/KCS%2034%2010%2010%3A2024-12-10,,MAPPED_NOT_COMPLIANCE_VERIFIED
A_backfill,3TE4OM_MnK6egz$zYtXsmN,PK.20.50.A,되메우기·다짐 / A구역,KCS 34 20 10,조경 토공사,PRIMARY,3.3.3 흙쌓기; 3.6.3 다짐도 검사,2024,2024-12-10,2026-09-25,https://www.kcsc.re.kr/standardCode/viewer/KCS%2034%2020%2010%3A2024-12-10,관로 검사 후 되메우기·다짐. 매설 완료 후 접속부 확인·승인도 필요하다.,MAPPED_NOT_COMPLIANCE_VERIFIED
A_backfill,3TE4OM_MnK6egz$zYtXsmN,PK.20.50.A,되메우기·다짐 / A구역,KCS 34 50 65,조경 급․배수 및 관수,RELATED,,2024,2024-12-10,2026-09-25,https://www.kcsc.re.kr/standardCode/viewer/KCS%2034%2050%2065%3A2024-12-10,,MAPPED_NOT_COMPLIANCE_VERIFIED
B_backfill,13T0myAS9R8wqFPwu8ct82,PK.20.50.B,되메우기·다짐 / B구역,KCS 34 20 10,조경 토공사,PRIMARY,3.3.3 흙쌓기; 3.6.3 다짐도 검사,2024,2024-12-10,2026-09-25,https://www.kcsc.re.kr/standardCode/viewer/KCS%2034%2020%2010%3A2024-12-10,관로 검사 후 되메우기·다짐. 매설 완료 후 접속부 확인·승인도 필요하다.,MAPPED_NOT_COMPLIANCE_VERIFIED
B_backfill,13T0myAS9R8wqFPwu8ct82,PK.20.50.B,되메우기·다짐 / B구역,KCS 34 50 65,조경 급․배수 및 관수,RELATED,,2024,2024-12-10,2026-09-25,https://www.kcsc.re.kr/standardCode/viewer/KCS%2034%2050%2065%3A2024-12-10,,MAPPED_NOT_COMPLIANCE_VERIFIED
C_backfill,1r0fUENpbL7O6nViXdNDBw,PK.20.50.C,되메우기·다짐 / C구역,KCS 34 20 10,조경 토공사,PRIMARY,3.3.3 흙쌓기; 3.6.3 다짐도 검사,2024,2024-12-10,2026-09-25,https://www.kcsc.re.kr/standardCode/viewer/KCS%2034%2020%2010%3A2024-12-10,관로 검사 후 되메우기·다짐. 매설 완료 후 접속부 확인·승인도 필요하다.,MAPPED_NOT_COMPLIANCE_VERIFIED
C_backfill,1r0fUENpbL7O6nViXdNDBw,PK.20.50.C,되메우기·다짐 / C구역,KCS 34 50 65,조경 급․배수 및 관수,RELATED,,2024,2024-12-10,2026-09-25,https://www.kcsc.re.kr/standardCode/viewer/KCS%2034%2050%2065%3A2024-12-10,,MAPPED_NOT_COMPLIANCE_VERIFIED
D_backfill,2RyHpbymTUXgigqCmoLPK4,PK.20.50.D,되메우기·다짐 / D구역,KCS 34 20 10,조경 토공사,PRIMARY,3.3.3 흙쌓기; 3.6.3 다짐도 검사,2024,2024-12-10,2026-09-25,https://www.kcsc.re.kr/standardCode/viewer/KCS%2034%2020%2010%3A2024-12-10,관로 검사 후 되메우기·다짐. 매설 완료 후 접속부 확인·승인도 필요하다.,MAPPED_NOT_COMPLIANCE_VERIFIED
D_backfill,2RyHpbymTUXgigqCmoLPK4,PK.20.50.D,되메우기·다짐 / D구역,KCS 34 50 65,조경 급․배수 및 관수,RELATED,,2024,2024-12-10,2026-09-25,https://www.kcsc.re.kr/standardCode/viewer/KCS%2034%2050%2065%3A2024-12-10,,MAPPED_NOT_COMPLIANCE_VERIFIED
A_foundation,1BmVQr1c5M_gfXjzhM7L$0,PK.30.10.A,휴게시설 기초 / A구역,KCS 34 50 05,조경시설물공통,PRIMARY,3.2.1 토공; 3.2.2 기초; 3.2.5 콘크리트 공사,2024,2024-12-10,2026-09-25,https://www.kcsc.re.kr/standardCode/viewer/KCS%2034%2050%2005%3A2024-12-10,벤치·퍼걸러 기초. 콘크리트 강도·양생·앵커 상세는 미확정이다.,MAPPED_NOT_COMPLIANCE_VERIFIED
A_foundation,1BmVQr1c5M_gfXjzhM7L$0,PK.30.10.A,휴게시설 기초 / A구역,KCS 34 50 20,옥외시설물,RELATED,,2024,2024-12-10,2026-09-25,https://www.kcsc.re.kr/standardCode/viewer/KCS%2034%2050%2020%3A2024-12-10,,MAPPED_NOT_COMPLIANCE_VERIFIED
C_foundation,3MzvogOPfP49hPGElBmD2e,PK.30.10.C,휴게시설 기초 / C구역,KCS 34 50 05,조경시설물공통,PRIMARY,3.2.1 토공; 3.2.2 기초; 3.2.5 콘크리트 공사,2024,2024-12-10,2026-09-25,https://www.kcsc.re.kr/standardCode/viewer/KCS%2034%2050%2005%3A2024-12-10,벤치·퍼걸러 기초. 콘크리트 강도·양생·앵커 상세는 미확정이다.,MAPPED_NOT_COMPLIANCE_VERIFIED
C_foundation,3MzvogOPfP49hPGElBmD2e,PK.30.10.C,휴게시설 기초 / C구역,KCS 34 50 20,옥외시설물,RELATED,,2024,2024-12-10,2026-09-25,https://www.kcsc.re.kr/standardCode/viewer/KCS%2034%2050%2020%3A2024-12-10,,MAPPED_NOT_COMPLIANCE_VERIFIED
D_foundation,3eeK9C23XMD84XUyOI3f1f,PK.30.10.D,휴게시설 기초 / D구역,KCS 34 50 05,조경시설물공통,PRIMARY,3.2.1 토공; 3.2.2 기초; 3.2.5 콘크리트 공사,2024,2024-12-10,2026-09-25,https://www.kcsc.re.kr/standardCode/viewer/KCS%2034%2050%2005%3A2024-12-10,벤치·퍼걸러 기초. 콘크리트 강도·양생·앵커 상세는 미확정이다.,MAPPED_NOT_COMPLIANCE_VERIFIED
D_foundation,3eeK9C23XMD84XUyOI3f1f,PK.30.10.D,휴게시설 기초 / D구역,KCS 34 50 20,옥외시설물,RELATED,,2024,2024-12-10,2026-09-25,https://www.kcsc.re.kr/standardCode/viewer/KCS%2034%2050%2020%3A2024-12-10,,MAPPED_NOT_COMPLIANCE_VERIFIED
A_curb,3joyYSC8HKEPbgAZ4qajEA,PK.30.20.A,화강석 경계석 설치 / A구역,KCS 34 60 25,조경포장경계,PRIMARY,3.1.1 토공 및 기초; 3.1.2 경계블록,2024,2024-12-10,2026-09-25,https://www.kcsc.re.kr/standardCode/viewer/KCS%2034%2060%2025%3A2024-12-10,화강석 경계석 선형·높이·기초·줄눈·뒤채움. 기초 콘크리트 물량과 강도 확보 대기는 현재 미확정이다.,MAPPED_NOT_COMPLIANCE_VERIFIED
A_curb,3joyYSC8HKEPbgAZ4qajEA,PK.30.20.A,화강석 경계석 설치 / A구역,KCS 34 60 05,조경포장공통,RELATED,,2024,2024-12-10,2026-09-25,https://www.kcsc.re.kr/standardCode/viewer/KCS%2034%2060%2005%3A2024-12-10,,MAPPED_NOT_COMPLIANCE_VERIFIED
A_curb,3joyYSC8HKEPbgAZ4qajEA,PK.30.20.A,화강석 경계석 설치 / A구역,KCS 34 50 05,조경시설물공통,RELATED,,2024,2024-12-10,2026-09-25,https://www.kcsc.re.kr/standardCode/viewer/KCS%2034%2050%2005%3A2024-12-10,,MAPPED_NOT_COMPLIANCE_VERIFIED
B_curb,3S9A7ncEzPFhZ7Ppmow_zB,PK.30.20.B,화강석 경계석 설치 / B구역,KCS 34 60 25,조경포장경계,PRIMARY,3.1.1 토공 및 기초; 3.1.2 경계블록,2024,2024-12-10,2026-09-25,https://www.kcsc.re.kr/standardCode/viewer/KCS%2034%2060%2025%3A2024-12-10,화강석 경계석 선형·높이·기초·줄눈·뒤채움. 기초 콘크리트 물량과 강도 확보 대기는 현재 미확정이다.,MAPPED_NOT_COMPLIANCE_VERIFIED
B_curb,3S9A7ncEzPFhZ7Ppmow_zB,PK.30.20.B,화강석 경계석 설치 / B구역,KCS 34 60 05,조경포장공통,RELATED,,2024,2024-12-10,2026-09-25,https://www.kcsc.re.kr/standardCode/viewer/KCS%2034%2060%2005%3A2024-12-10,,MAPPED_NOT_COMPLIANCE_VERIFIED
B_curb,3S9A7ncEzPFhZ7Ppmow_zB,PK.30.20.B,화강석 경계석 설치 / B구역,KCS 34 50 05,조경시설물공통,RELATED,,2024,2024-12-10,2026-09-25,https://www.kcsc.re.kr/standardCode/viewer/KCS%2034%2050%2005%3A2024-12-10,,MAPPED_NOT_COMPLIANCE_VERIFIED
C_curb,0$9KHyMNTPFwSkfydDXBB$,PK.30.20.C,화강석 경계석 설치 / C구역,KCS 34 60 25,조경포장경계,PRIMARY,3.1.1 토공 및 기초; 3.1.2 경계블록,2024,2024-12-10,2026-09-25,https://www.kcsc.re.kr/standardCode/viewer/KCS%2034%2060%2025%3A2024-12-10,화강석 경계석 선형·높이·기초·줄눈·뒤채움. 기초 콘크리트 물량과 강도 확보 대기는 현재 미확정이다.,MAPPED_NOT_COMPLIANCE_VERIFIED
C_curb,0$9KHyMNTPFwSkfydDXBB$,PK.30.20.C,화강석 경계석 설치 / C구역,KCS 34 60 05,조경포장공통,RELATED,,2024,2024-12-10,2026-09-25,https://www.kcsc.re.kr/standardCode/viewer/KCS%2034%2060%2005%3A2024-12-10,,MAPPED_NOT_COMPLIANCE_VERIFIED
C_curb,0$9KHyMNTPFwSkfydDXBB$,PK.30.20.C,화강석 경계석 설치 / C구역,KCS 34 50 05,조경시설물공통,RELATED,,2024,2024-12-10,2026-09-25,https://www.kcsc.re.kr/standardCode/viewer/KCS%2034%2050%2005%3A2024-12-10,,MAPPED_NOT_COMPLIANCE_VERIFIED
D_curb,0DGSQDY45Gceiff83hevpq,PK.30.20.D,화강석 경계석 설치 / D구역,KCS 34 60 25,조경포장경계,PRIMARY,3.1.1 토공 및 기초; 3.1.2 경계블록,2024,2024-12-10,2026-09-25,https://www.kcsc.re.kr/standardCode/viewer/KCS%2034%2060%2025%3A2024-12-10,화강석 경계석 선형·높이·기초·줄눈·뒤채움. 기초 콘크리트 물량과 강도 확보 대기는 현재 미확정이다.,MAPPED_NOT_COMPLIANCE_VERIFIED
D_curb,0DGSQDY45Gceiff83hevpq,PK.30.20.D,화강석 경계석 설치 / D구역,KCS 34 60 05,조경포장공통,RELATED,,2024,2024-12-10,2026-09-25,https://www.kcsc.re.kr/standardCode/viewer/KCS%2034%2060%2005%3A2024-12-10,,MAPPED_NOT_COMPLIANCE_VERIFIED
D_curb,0DGSQDY45Gceiff83hevpq,PK.30.20.D,화강석 경계석 설치 / D구역,KCS 34 50 05,조경시설물공통,RELATED,,2024,2024-12-10,2026-09-25,https://www.kcsc.re.kr/standardCode/viewer/KCS%2034%2050%2005%3A2024-12-10,,MAPPED_NOT_COMPLIANCE_VERIFIED
A_subbase,0f3W6sURTVEen7o62Sslid,PK.40.10.A,쇄석 포장기층 / A구역,KCS 34 60 05,조경포장공통,PRIMARY,3.3.3 원지반 정지 및 다짐; 3.3.4 쇄석기층,2024,2024-12-10,2026-09-25,https://www.kcsc.re.kr/standardCode/viewer/KCS%2034%2060%2005%3A2024-12-10,블록포장 하부의 쇄석기층. 두께·다짐도·계획고를 검측한다.,MAPPED_NOT_COMPLIANCE_VERIFIED
A_subbase,0f3W6sURTVEen7o62Sslid,PK.40.10.A,쇄석 포장기층 / A구역,KCS 34 60 15,친환경블록포장,RELATED,,2024,2024-12-10,2026-09-25,https://www.kcsc.re.kr/standardCode/viewer/KCS%2034%2060%2015%3A2024-12-10,,MAPPED_NOT_COMPLIANCE_VERIFIED
B_subbase,0YMNSLFZLNwOb8tVCDs4aE,PK.40.10.B,쇄석 포장기층 / B구역,KCS 34 60 05,조경포장공통,PRIMARY,3.3.3 원지반 정지 및 다짐; 3.3.4 쇄석기층,2024,2024-12-10,2026-09-25,https://www.kcsc.re.kr/standardCode/viewer/KCS%2034%2060%2005%3A2024-12-10,블록포장 하부의 쇄석기층. 두께·다짐도·계획고를 검측한다.,MAPPED_NOT_COMPLIANCE_VERIFIED
B_subbase,0YMNSLFZLNwOb8tVCDs4aE,PK.40.10.B,쇄석 포장기층 / B구역,KCS 34 60 15,친환경블록포장,RELATED,,2024,2024-12-10,2026-09-25,https://www.kcsc.re.kr/standardCode/viewer/KCS%2034%2060%2015%3A2024-12-10,,MAPPED_NOT_COMPLIANCE_VERIFIED
C_subbase,28ZYQISCHUhR9PyPT7JVT2,PK.40.10.C,쇄석 포장기층 / C구역,KCS 34 60 05,조경포장공통,PRIMARY,3.3.3 원지반 정지 및 다짐; 3.3.4 쇄석기층,2024,2024-12-10,2026-09-25,https://www.kcsc.re.kr/standardCode/viewer/KCS%2034%2060%2005%3A2024-12-10,블록포장 하부의 쇄석기층. 두께·다짐도·계획고를 검측한다.,MAPPED_NOT_COMPLIANCE_VERIFIED
C_subbase,28ZYQISCHUhR9PyPT7JVT2,PK.40.10.C,쇄석 포장기층 / C구역,KCS 34 60 15,친환경블록포장,RELATED,,2024,2024-12-10,2026-09-25,https://www.kcsc.re.kr/standardCode/viewer/KCS%2034%2060%2015%3A2024-12-10,,MAPPED_NOT_COMPLIANCE_VERIFIED
D_subbase,3v5$yVh5XHqRQZyLa758Ke,PK.40.10.D,쇄석 포장기층 / D구역,KCS 34 60 05,조경포장공통,PRIMARY,3.3.3 원지반 정지 및 다짐; 3.3.4 쇄석기층,2024,2024-12-10,2026-09-25,https://www.kcsc.re.kr/standardCode/viewer/KCS%2034%2060%2005%3A2024-12-10,블록포장 하부의 쇄석기층. 두께·다짐도·계획고를 검측한다.,MAPPED_NOT_COMPLIANCE_VERIFIED
D_subbase,3v5$yVh5XHqRQZyLa758Ke,PK.40.10.D,쇄석 포장기층 / D구역,KCS 34 60 15,친환경블록포장,RELATED,,2024,2024-12-10,2026-09-25,https://www.kcsc.re.kr/standardCode/viewer/KCS%2034%2060%2015%3A2024-12-10,,MAPPED_NOT_COMPLIANCE_VERIFIED
A_pavecheck,1tCdFKdqzKCBAYvGGCw_gZ,PK.40.20.A,포장 기층 검사 / A구역,KCS 34 60 05,조경포장공통,PRIMARY,3.4 시공허용오차; 3.6 현장품질관리,2024,2024-12-10,2026-09-25,https://www.kcsc.re.kr/standardCode/viewer/KCS%2034%2060%2005%3A2024-12-10,포장 기층 검사. 시험·검측을 통과했다는 의미가 아닌 기준 연결이다.,MAPPED_NOT_COMPLIANCE_VERIFIED
A_pavecheck,1tCdFKdqzKCBAYvGGCw_gZ,PK.40.20.A,포장 기층 검사 / A구역,KCS 34 60 15,친환경블록포장,RELATED,,2024,2024-12-10,2026-09-25,https://www.kcsc.re.kr/standardCode/viewer/KCS%2034%2060%2015%3A2024-12-10,,MAPPED_NOT_COMPLIANCE_VERIFIED
A_pavecheck,1tCdFKdqzKCBAYvGGCw_gZ,PK.40.20.A,포장 기층 검사 / A구역,KCS 34 10 10,조경공사 일반,RELATED,,2024,2024-12-10,2026-09-25,https://www.kcsc.re.kr/standardCode/viewer/KCS%2034%2010%2010%3A2024-12-10,,MAPPED_NOT_COMPLIANCE_VERIFIED
B_pavecheck,0wE8rrGgXG193rmP_zS3MK,PK.40.20.B,포장 기층 검사 / B구역,KCS 34 60 05,조경포장공통,PRIMARY,3.4 시공허용오차; 3.6 현장품질관리,2024,2024-12-10,2026-09-25,https://www.kcsc.re.kr/standardCode/viewer/KCS%2034%2060%2005%3A2024-12-10,포장 기층 검사. 시험·검측을 통과했다는 의미가 아닌 기준 연결이다.,MAPPED_NOT_COMPLIANCE_VERIFIED
B_pavecheck,0wE8rrGgXG193rmP_zS3MK,PK.40.20.B,포장 기층 검사 / B구역,KCS 34 60 15,친환경블록포장,RELATED,,2024,2024-12-10,2026-09-25,https://www.kcsc.re.kr/standardCode/viewer/KCS%2034%2060%2015%3A2024-12-10,,MAPPED_NOT_COMPLIANCE_VERIFIED
B_pavecheck,0wE8rrGgXG193rmP_zS3MK,PK.40.20.B,포장 기층 검사 / B구역,KCS 34 10 10,조경공사 일반,RELATED,,2024,2024-12-10,2026-09-25,https://www.kcsc.re.kr/standardCode/viewer/KCS%2034%2010%2010%3A2024-12-10,,MAPPED_NOT_COMPLIANCE_VERIFIED
C_pavecheck,3tcJijSsfR58MsDa6mzsFa,PK.40.20.C,포장 기층 검사 / C구역,KCS 34 60 05,조경포장공통,PRIMARY,3.4 시공허용오차; 3.6 현장품질관리,2024,2024-12-10,2026-09-25,https://www.kcsc.re.kr/standardCode/viewer/KCS%2034%2060%2005%3A2024-12-10,포장 기층 검사. 시험·검측을 통과했다는 의미가 아닌 기준 연결이다.,MAPPED_NOT_COMPLIANCE_VERIFIED
C_pavecheck,3tcJijSsfR58MsDa6mzsFa,PK.40.20.C,포장 기층 검사 / C구역,KCS 34 60 15,친환경블록포장,RELATED,,2024,2024-12-10,2026-09-25,https://www.kcsc.re.kr/standardCode/viewer/KCS%2034%2060%2015%3A2024-12-10,,MAPPED_NOT_COMPLIANCE_VERIFIED
C_pavecheck,3tcJijSsfR58MsDa6mzsFa,PK.40.20.C,포장 기층 검사 / C구역,KCS 34 10 10,조경공사 일반,RELATED,,2024,2024-12-10,2026-09-25,https://www.kcsc.re.kr/standardCode/viewer/KCS%2034%2010%2010%3A2024-12-10,,MAPPED_NOT_COMPLIANCE_VERIFIED
D_pavecheck,1mFe$AFOnLlP1bScivpQVV,PK.40.20.D,포장 기층 검사 / D구역,KCS 34 60 05,조경포장공통,PRIMARY,3.4 시공허용오차; 3.6 현장품질관리,2024,2024-12-10,2026-09-25,https://www.kcsc.re.kr/standardCode/viewer/KCS%2034%2060%2005%3A2024-12-10,포장 기층 검사. 시험·검측을 통과했다는 의미가 아닌 기준 연결이다.,MAPPED_NOT_COMPLIANCE_VERIFIED
D_pavecheck,1mFe$AFOnLlP1bScivpQVV,PK.40.20.D,포장 기층 검사 / D구역,KCS 34 60 15,친환경블록포장,RELATED,,2024,2024-12-10,2026-09-25,https://www.kcsc.re.kr/standardCode/viewer/KCS%2034%2060%2015%3A2024-12-10,,MAPPED_NOT_COMPLIANCE_VERIFIED
D_pavecheck,1mFe$AFOnLlP1bScivpQVV,PK.40.20.D,포장 기층 검사 / D구역,KCS 34 10 10,조경공사 일반,RELATED,,2024,2024-12-10,2026-09-25,https://www.kcsc.re.kr/standardCode/viewer/KCS%2034%2010%2010%3A2024-12-10,,MAPPED_NOT_COMPLIANCE_VERIFIED
A_finish,3l7YMsKq9LKQ4fikZrT1Lj,PK.40.30.A,모래·콘크리트블록 포장 / A구역,KCS 34 60 15,친환경블록포장,PRIMARY,2.1.1 소형고압블록; 3.2.2 소형고압블록포장,2024,2024-12-10,2026-09-25,https://www.kcsc.re.kr/standardCode/viewer/KCS%2034%2060%2015%3A2024-12-10,200×200mm 콘크리트블록을 소형고압블록 계열로 잠정 매칭. 제품 KS·물성은 자재 승인 시 확정한다.,MAPPED_NOT_COMPLIANCE_VERIFIED
A_finish,3l7YMsKq9LKQ4fikZrT1Lj,PK.40.30.A,모래·콘크리트블록 포장 / A구역,KCS 34 60 05,조경포장공통,RELATED,,2024,2024-12-10,2026-09-25,https://www.kcsc.re.kr/standardCode/viewer/KCS%2034%2060%2005%3A2024-12-10,,MAPPED_NOT_COMPLIANCE_VERIFIED
A_finish,3l7YMsKq9LKQ4fikZrT1Lj,PK.40.30.A,모래·콘크리트블록 포장 / A구역,KCS 34 60 25,조경포장경계,RELATED,,2024,2024-12-10,2026-09-25,https://www.kcsc.re.kr/standardCode/viewer/KCS%2034%2060%2025%3A2024-12-10,,MAPPED_NOT_COMPLIANCE_VERIFIED
B_finish,0DRinPDDjLLRxqR$W4uAZ_,PK.40.30.B,모래·콘크리트블록 포장 / B구역,KCS 34 60 15,친환경블록포장,PRIMARY,2.1.1 소형고압블록; 3.2.2 소형고압블록포장,2024,2024-12-10,2026-09-25,https://www.kcsc.re.kr/standardCode/viewer/KCS%2034%2060%2015%3A2024-12-10,200×200mm 콘크리트블록을 소형고압블록 계열로 잠정 매칭. 제품 KS·물성은 자재 승인 시 확정한다.,MAPPED_NOT_COMPLIANCE_VERIFIED
B_finish,0DRinPDDjLLRxqR$W4uAZ_,PK.40.30.B,모래·콘크리트블록 포장 / B구역,KCS 34 60 05,조경포장공통,RELATED,,2024,2024-12-10,2026-09-25,https://www.kcsc.re.kr/standardCode/viewer/KCS%2034%2060%2005%3A2024-12-10,,MAPPED_NOT_COMPLIANCE_VERIFIED
B_finish,0DRinPDDjLLRxqR$W4uAZ_,PK.40.30.B,모래·콘크리트블록 포장 / B구역,KCS 34 60 25,조경포장경계,RELATED,,2024,2024-12-10,2026-09-25,https://www.kcsc.re.kr/standardCode/viewer/KCS%2034%2060%2025%3A2024-12-10,,MAPPED_NOT_COMPLIANCE_VERIFIED
C_finish,2ciU9Q1aXTmBj9GQHLSb_L,PK.40.30.C,모래·콘크리트블록 포장 / C구역,KCS 34 60 15,친환경블록포장,PRIMARY,2.1.1 소형고압블록; 3.2.2 소형고압블록포장,2024,2024-12-10,2026-09-25,https://www.kcsc.re.kr/standardCode/viewer/KCS%2034%2060%2015%3A2024-12-10,200×200mm 콘크리트블록을 소형고압블록 계열로 잠정 매칭. 제품 KS·물성은 자재 승인 시 확정한다.,MAPPED_NOT_COMPLIANCE_VERIFIED
C_finish,2ciU9Q1aXTmBj9GQHLSb_L,PK.40.30.C,모래·콘크리트블록 포장 / C구역,KCS 34 60 05,조경포장공통,RELATED,,2024,2024-12-10,2026-09-25,https://www.kcsc.re.kr/standardCode/viewer/KCS%2034%2060%2005%3A2024-12-10,,MAPPED_NOT_COMPLIANCE_VERIFIED
C_finish,2ciU9Q1aXTmBj9GQHLSb_L,PK.40.30.C,모래·콘크리트블록 포장 / C구역,KCS 34 60 25,조경포장경계,RELATED,,2024,2024-12-10,2026-09-25,https://www.kcsc.re.kr/standardCode/viewer/KCS%2034%2060%2025%3A2024-12-10,,MAPPED_NOT_COMPLIANCE_VERIFIED
D_finish,3yndDAaojVGfVpR1$YFOQp,PK.40.30.D,모래·콘크리트블록 포장 / D구역,KCS 34 60 15,친환경블록포장,PRIMARY,2.1.1 소형고압블록; 3.2.2 소형고압블록포장,2024,2024-12-10,2026-09-25,https://www.kcsc.re.kr/standardCode/viewer/KCS%2034%2060%2015%3A2024-12-10,200×200mm 콘크리트블록을 소형고압블록 계열로 잠정 매칭. 제품 KS·물성은 자재 승인 시 확정한다.,MAPPED_NOT_COMPLIANCE_VERIFIED
D_finish,3yndDAaojVGfVpR1$YFOQp,PK.40.30.D,모래·콘크리트블록 포장 / D구역,KCS 34 60 05,조경포장공통,RELATED,,2024,2024-12-10,2026-09-25,https://www.kcsc.re.kr/standardCode/viewer/KCS%2034%2060%2005%3A2024-12-10,,MAPPED_NOT_COMPLIANCE_VERIFIED
D_finish,3yndDAaojVGfVpR1$YFOQp,PK.40.30.D,모래·콘크리트블록 포장 / D구역,KCS 34 60 25,조경포장경계,RELATED,,2024,2024-12-10,2026-09-25,https://www.kcsc.re.kr/standardCode/viewer/KCS%2034%2060%2025%3A2024-12-10,,MAPPED_NOT_COMPLIANCE_VERIFIED
A_soil,3dyUbdsNrVCwHVzxa3$Rzk,PK.50.20.A,식재기반 정비 / A구역,KCS 34 30 10,식재기반 조성,PRIMARY,2.1 토양 관련 재료; 3.1.1 일반식재기반 조성,2024,2024-12-10,2026-09-25,https://www.kcsc.re.kr/standardCode/viewer/KCS%2034%2030%2010%3A2024-12-10,식재용 토양·유효토심·배수 기반 검토. 토양 시험 및 현장 적합성은 미확인이다.,MAPPED_NOT_COMPLIANCE_VERIFIED
A_soil,3dyUbdsNrVCwHVzxa3$Rzk,PK.50.20.A,식재기반 정비 / A구역,KCS 34 20 10,조경 토공사,RELATED,,2024,2024-12-10,2026-09-25,https://www.kcsc.re.kr/standardCode/viewer/KCS%2034%2020%2010%3A2024-12-10,,MAPPED_NOT_COMPLIANCE_VERIFIED
A_soil,3dyUbdsNrVCwHVzxa3$Rzk,PK.50.20.A,식재기반 정비 / A구역,KCS 34 40 05,식재공통,RELATED,,2024,2024-12-10,2026-09-25,https://www.kcsc.re.kr/standardCode/viewer/KCS%2034%2040%2005%3A2024-12-10,,MAPPED_NOT_COMPLIANCE_VERIFIED
B_soil,0hBqgI0_nK_8KlMb1sbLCd,PK.50.20.B,식재기반 정비 / B구역,KCS 34 30 10,식재기반 조성,PRIMARY,2.1 토양 관련 재료; 3.1.1 일반식재기반 조성,2024,2024-12-10,2026-09-25,https://www.kcsc.re.kr/standardCode/viewer/KCS%2034%2030%2010%3A2024-12-10,식재용 토양·유효토심·배수 기반 검토. 토양 시험 및 현장 적합성은 미확인이다.,MAPPED_NOT_COMPLIANCE_VERIFIED
B_soil,0hBqgI0_nK_8KlMb1sbLCd,PK.50.20.B,식재기반 정비 / B구역,KCS 34 20 10,조경 토공사,RELATED,,2024,2024-12-10,2026-09-25,https://www.kcsc.re.kr/standardCode/viewer/KCS%2034%2020%2010%3A2024-12-10,,MAPPED_NOT_COMPLIANCE_VERIFIED
B_soil,0hBqgI0_nK_8KlMb1sbLCd,PK.50.20.B,식재기반 정비 / B구역,KCS 34 40 05,식재공통,RELATED,,2024,2024-12-10,2026-09-25,https://www.kcsc.re.kr/standardCode/viewer/KCS%2034%2040%2005%3A2024-12-10,,MAPPED_NOT_COMPLIANCE_VERIFIED
C_soil,3phl_q9RzUouelbUOY22gM,PK.50.20.C,식재기반 정비 / C구역,KCS 34 30 10,식재기반 조성,PRIMARY,2.1 토양 관련 재료; 3.1.1 일반식재기반 조성,2024,2024-12-10,2026-09-25,https://www.kcsc.re.kr/standardCode/viewer/KCS%2034%2030%2010%3A2024-12-10,식재용 토양·유효토심·배수 기반 검토. 토양 시험 및 현장 적합성은 미확인이다.,MAPPED_NOT_COMPLIANCE_VERIFIED
C_soil,3phl_q9RzUouelbUOY22gM,PK.50.20.C,식재기반 정비 / C구역,KCS 34 20 10,조경 토공사,RELATED,,2024,2024-12-10,2026-09-25,https://www.kcsc.re.kr/standardCode/viewer/KCS%2034%2020%2010%3A2024-12-10,,MAPPED_NOT_COMPLIANCE_VERIFIED
C_soil,3phl_q9RzUouelbUOY22gM,PK.50.20.C,식재기반 정비 / C구역,KCS 34 40 05,식재공통,RELATED,,2024,2024-12-10,2026-09-25,https://www.kcsc.re.kr/standardCode/viewer/KCS%2034%2040%2005%3A2024-12-10,,MAPPED_NOT_COMPLIANCE_VERIFIED
D_soil,13wPMcmMfMEgX3OeQq2Yv5,PK.50.20.D,식재기반 정비 / D구역,KCS 34 30 10,식재기반 조성,PRIMARY,2.1 토양 관련 재료; 3.1.1 일반식재기반 조성,2024,2024-12-10,2026-09-25,https://www.kcsc.re.kr/standardCode/viewer/KCS%2034%2030%2010%3A2024-12-10,식재용 토양·유효토심·배수 기반 검토. 토양 시험 및 현장 적합성은 미확인이다.,MAPPED_NOT_COMPLIANCE_VERIFIED
D_soil,13wPMcmMfMEgX3OeQq2Yv5,PK.50.20.D,식재기반 정비 / D구역,KCS 34 20 10,조경 토공사,RELATED,,2024,2024-12-10,2026-09-25,https://www.kcsc.re.kr/standardCode/viewer/KCS%2034%2020%2010%3A2024-12-10,,MAPPED_NOT_COMPLIANCE_VERIFIED
D_soil,13wPMcmMfMEgX3OeQq2Yv5,PK.50.20.D,식재기반 정비 / D구역,KCS 34 40 05,식재공통,RELATED,,2024,2024-12-10,2026-09-25,https://www.kcsc.re.kr/standardCode/viewer/KCS%2034%2040%2005%3A2024-12-10,,MAPPED_NOT_COMPLIANCE_VERIFIED
A_trees,0So0jbh9rNau6qaei8hHvw,PK.50.30.A,교목 식재(구덩이 포함) / A구역,KCS 34 40 10,일반식재기반 식재,PRIMARY,3.1.1 식재구덩이 굴착; 3.1.3 식재; 3.1.5 지주세우기; 3.1.7 관수,2024,2024-12-10,2026-09-25,https://www.kcsc.re.kr/standardCode/viewer/KCS%2034%2040%2010%3A2024-12-10,신규 교목의 굴착·식재·지주·관수. 규격·분 상태·식재시기를 함께 확인한다.,MAPPED_NOT_COMPLIANCE_VERIFIED
A_trees,0So0jbh9rNau6qaei8hHvw,PK.50.30.A,교목 식재(구덩이 포함) / A구역,KCS 34 40 05,식재공통,RELATED,,2024,2024-12-10,2026-09-25,https://www.kcsc.re.kr/standardCode/viewer/KCS%2034%2040%2005%3A2024-12-10,,MAPPED_NOT_COMPLIANCE_VERIFIED
A_trees,0So0jbh9rNau6qaei8hHvw,PK.50.30.A,교목 식재(구덩이 포함) / A구역,KCS 34 30 10,식재기반 조성,RELATED,,2024,2024-12-10,2026-09-25,https://www.kcsc.re.kr/standardCode/viewer/KCS%2034%2030%2010%3A2024-12-10,,MAPPED_NOT_COMPLIANCE_VERIFIED
B_trees,24LdlA5grQvwnUaOYHVOox,PK.50.30.B,교목 식재(구덩이 포함) / B구역,KCS 34 40 10,일반식재기반 식재,PRIMARY,3.1.1 식재구덩이 굴착; 3.1.3 식재; 3.1.5 지주세우기; 3.1.7 관수,2024,2024-12-10,2026-09-25,https://www.kcsc.re.kr/standardCode/viewer/KCS%2034%2040%2010%3A2024-12-10,신규 교목의 굴착·식재·지주·관수. 규격·분 상태·식재시기를 함께 확인한다.,MAPPED_NOT_COMPLIANCE_VERIFIED
B_trees,24LdlA5grQvwnUaOYHVOox,PK.50.30.B,교목 식재(구덩이 포함) / B구역,KCS 34 40 05,식재공통,RELATED,,2024,2024-12-10,2026-09-25,https://www.kcsc.re.kr/standardCode/viewer/KCS%2034%2040%2005%3A2024-12-10,,MAPPED_NOT_COMPLIANCE_VERIFIED
B_trees,24LdlA5grQvwnUaOYHVOox,PK.50.30.B,교목 식재(구덩이 포함) / B구역,KCS 34 30 10,식재기반 조성,RELATED,,2024,2024-12-10,2026-09-25,https://www.kcsc.re.kr/standardCode/viewer/KCS%2034%2030%2010%3A2024-12-10,,MAPPED_NOT_COMPLIANCE_VERIFIED
C_trees,2fkikDmWfJ1vR$Sq8fBH35,PK.50.30.C,교목 식재(구덩이 포함) / C구역,KCS 34 40 10,일반식재기반 식재,PRIMARY,3.1.1 식재구덩이 굴착; 3.1.3 식재; 3.1.5 지주세우기; 3.1.7 관수,2024,2024-12-10,2026-09-25,https://www.kcsc.re.kr/standardCode/viewer/KCS%2034%2040%2010%3A2024-12-10,신규 교목의 굴착·식재·지주·관수. 규격·분 상태·식재시기를 함께 확인한다.,MAPPED_NOT_COMPLIANCE_VERIFIED
C_trees,2fkikDmWfJ1vR$Sq8fBH35,PK.50.30.C,교목 식재(구덩이 포함) / C구역,KCS 34 40 05,식재공통,RELATED,,2024,2024-12-10,2026-09-25,https://www.kcsc.re.kr/standardCode/viewer/KCS%2034%2040%2005%3A2024-12-10,,MAPPED_NOT_COMPLIANCE_VERIFIED
C_trees,2fkikDmWfJ1vR$Sq8fBH35,PK.50.30.C,교목 식재(구덩이 포함) / C구역,KCS 34 30 10,식재기반 조성,RELATED,,2024,2024-12-10,2026-09-25,https://www.kcsc.re.kr/standardCode/viewer/KCS%2034%2030%2010%3A2024-12-10,,MAPPED_NOT_COMPLIANCE_VERIFIED
D_trees,1EdgMDHArHZvmYZkI7HuMq,PK.50.30.D,교목 식재(구덩이 포함) / D구역,KCS 34 40 10,일반식재기반 식재,PRIMARY,3.1.1 식재구덩이 굴착; 3.1.3 식재; 3.1.5 지주세우기; 3.1.7 관수,2024,2024-12-10,2026-09-25,https://www.kcsc.re.kr/standardCode/viewer/KCS%2034%2040%2010%3A2024-12-10,신규 교목의 굴착·식재·지주·관수. 규격·분 상태·식재시기를 함께 확인한다.,MAPPED_NOT_COMPLIANCE_VERIFIED
D_trees,1EdgMDHArHZvmYZkI7HuMq,PK.50.30.D,교목 식재(구덩이 포함) / D구역,KCS 34 40 05,식재공통,RELATED,,2024,2024-12-10,2026-09-25,https://www.kcsc.re.kr/standardCode/viewer/KCS%2034%2040%2005%3A2024-12-10,,MAPPED_NOT_COMPLIANCE_VERIFIED
D_trees,1EdgMDHArHZvmYZkI7HuMq,PK.50.30.D,교목 식재(구덩이 포함) / D구역,KCS 34 30 10,식재기반 조성,RELATED,,2024,2024-12-10,2026-09-25,https://www.kcsc.re.kr/standardCode/viewer/KCS%2034%2030%2010%3A2024-12-10,,MAPPED_NOT_COMPLIANCE_VERIFIED
A_shrubs,3z0rsh1xfHIhyJPLV9W5WU,PK.50.40.A,관목 식재 / A구역,KCS 34 40 10,일반식재기반 식재,PRIMARY,3.1.1 식재구덩이 굴착; 3.1.3 식재; 3.1.7 관수,2024,2024-12-10,2026-09-25,https://www.kcsc.re.kr/standardCode/viewer/KCS%2034%2040%2010%3A2024-12-10,관목의 배식 간격·식재·관수. 품셈의 단식/군식 판정과 시방 적용은 서로 다른 정보이다.,MAPPED_NOT_COMPLIANCE_VERIFIED
A_shrubs,3z0rsh1xfHIhyJPLV9W5WU,PK.50.40.A,관목 식재 / A구역,KCS 34 40 05,식재공통,RELATED,,2024,2024-12-10,2026-09-25,https://www.kcsc.re.kr/standardCode/viewer/KCS%2034%2040%2005%3A2024-12-10,,MAPPED_NOT_COMPLIANCE_VERIFIED
A_shrubs,3z0rsh1xfHIhyJPLV9W5WU,PK.50.40.A,관목 식재 / A구역,KCS 34 30 10,식재기반 조성,RELATED,,2024,2024-12-10,2026-09-25,https://www.kcsc.re.kr/standardCode/viewer/KCS%2034%2030%2010%3A2024-12-10,,MAPPED_NOT_COMPLIANCE_VERIFIED
B_shrubs,0C8tSAGf9OcwiEKQo3xru7,PK.50.40.B,관목 식재 / B구역,KCS 34 40 10,일반식재기반 식재,PRIMARY,3.1.1 식재구덩이 굴착; 3.1.3 식재; 3.1.7 관수,2024,2024-12-10,2026-09-25,https://www.kcsc.re.kr/standardCode/viewer/KCS%2034%2040%2010%3A2024-12-10,관목의 배식 간격·식재·관수. 품셈의 단식/군식 판정과 시방 적용은 서로 다른 정보이다.,MAPPED_NOT_COMPLIANCE_VERIFIED
B_shrubs,0C8tSAGf9OcwiEKQo3xru7,PK.50.40.B,관목 식재 / B구역,KCS 34 40 05,식재공통,RELATED,,2024,2024-12-10,2026-09-25,https://www.kcsc.re.kr/standardCode/viewer/KCS%2034%2040%2005%3A2024-12-10,,MAPPED_NOT_COMPLIANCE_VERIFIED
B_shrubs,0C8tSAGf9OcwiEKQo3xru7,PK.50.40.B,관목 식재 / B구역,KCS 34 30 10,식재기반 조성,RELATED,,2024,2024-12-10,2026-09-25,https://www.kcsc.re.kr/standardCode/viewer/KCS%2034%2030%2010%3A2024-12-10,,MAPPED_NOT_COMPLIANCE_VERIFIED
C_shrubs,2hEwCNlHLLfwqMtDdNdGi_,PK.50.40.C,관목 식재 / C구역,KCS 34 40 10,일반식재기반 식재,PRIMARY,3.1.1 식재구덩이 굴착; 3.1.3 식재; 3.1.7 관수,2024,2024-12-10,2026-09-25,https://www.kcsc.re.kr/standardCode/viewer/KCS%2034%2040%2010%3A2024-12-10,관목의 배식 간격·식재·관수. 품셈의 단식/군식 판정과 시방 적용은 서로 다른 정보이다.,MAPPED_NOT_COMPLIANCE_VERIFIED
C_shrubs,2hEwCNlHLLfwqMtDdNdGi_,PK.50.40.C,관목 식재 / C구역,KCS 34 40 05,식재공통,RELATED,,2024,2024-12-10,2026-09-25,https://www.kcsc.re.kr/standardCode/viewer/KCS%2034%2040%2005%3A2024-12-10,,MAPPED_NOT_COMPLIANCE_VERIFIED
C_shrubs,2hEwCNlHLLfwqMtDdNdGi_,PK.50.40.C,관목 식재 / C구역,KCS 34 30 10,식재기반 조성,RELATED,,2024,2024-12-10,2026-09-25,https://www.kcsc.re.kr/standardCode/viewer/KCS%2034%2030%2010%3A2024-12-10,,MAPPED_NOT_COMPLIANCE_VERIFIED
D_shrubs,2lNFjVF3XTvO7rdvjQNo6m,PK.50.40.D,관목 식재 / D구역,KCS 34 40 10,일반식재기반 식재,PRIMARY,3.1.1 식재구덩이 굴착; 3.1.3 식재; 3.1.7 관수,2024,2024-12-10,2026-09-25,https://www.kcsc.re.kr/standardCode/viewer/KCS%2034%2040%2010%3A2024-12-10,관목의 배식 간격·식재·관수. 품셈의 단식/군식 판정과 시방 적용은 서로 다른 정보이다.,MAPPED_NOT_COMPLIANCE_VERIFIED
D_shrubs,2lNFjVF3XTvO7rdvjQNo6m,PK.50.40.D,관목 식재 / D구역,KCS 34 40 05,식재공통,RELATED,,2024,2024-12-10,2026-09-25,https://www.kcsc.re.kr/standardCode/viewer/KCS%2034%2040%2005%3A2024-12-10,,MAPPED_NOT_COMPLIANCE_VERIFIED
D_shrubs,2lNFjVF3XTvO7rdvjQNo6m,PK.50.40.D,관목 식재 / D구역,KCS 34 30 10,식재기반 조성,RELATED,,2024,2024-12-10,2026-09-25,https://www.kcsc.re.kr/standardCode/viewer/KCS%2034%2030%2010%3A2024-12-10,,MAPPED_NOT_COMPLIANCE_VERIFIED
A_turf,2vCwpNLMPUVeYPeZCgPZF8,PK.50.50.A,평떼 잔디붙임 / A구역,KCS 34 40 25,잔디식재,PRIMARY,2.1.1 잔디; 3.1.1 잔디식재 시공일반,2024,2024-12-10,2026-09-25,https://www.kcsc.re.kr/standardCode/viewer/KCS%2034%2040%2025%3A2024-12-10,300×300mm 평떼 전면붙임. 반입 후 1일 이내 식재 조건을 고려한 반입 분할 계획은 아직 모델화하지 않았다.,MAPPED_NOT_COMPLIANCE_VERIFIED
A_turf,2vCwpNLMPUVeYPeZCgPZF8,PK.50.50.A,평떼 잔디붙임 / A구역,KCS 34 40 05,식재공통,RELATED,,2024,2024-12-10,2026-09-25,https://www.kcsc.re.kr/standardCode/viewer/KCS%2034%2040%2005%3A2024-12-10,,MAPPED_NOT_COMPLIANCE_VERIFIED
A_turf,2vCwpNLMPUVeYPeZCgPZF8,PK.50.50.A,평떼 잔디붙임 / A구역,KCS 34 30 10,식재기반 조성,RELATED,,2024,2024-12-10,2026-09-25,https://www.kcsc.re.kr/standardCode/viewer/KCS%2034%2030%2010%3A2024-12-10,,MAPPED_NOT_COMPLIANCE_VERIFIED
B_turf,2T1IF9gVHSD82oYe08_sRB,PK.50.50.B,평떼 잔디붙임 / B구역,KCS 34 40 25,잔디식재,PRIMARY,2.1.1 잔디; 3.1.1 잔디식재 시공일반,2024,2024-12-10,2026-09-25,https://www.kcsc.re.kr/standardCode/viewer/KCS%2034%2040%2025%3A2024-12-10,300×300mm 평떼 전면붙임. 반입 후 1일 이내 식재 조건을 고려한 반입 분할 계획은 아직 모델화하지 않았다.,MAPPED_NOT_COMPLIANCE_VERIFIED
B_turf,2T1IF9gVHSD82oYe08_sRB,PK.50.50.B,평떼 잔디붙임 / B구역,KCS 34 40 05,식재공통,RELATED,,2024,2024-12-10,2026-09-25,https://www.kcsc.re.kr/standardCode/viewer/KCS%2034%2040%2005%3A2024-12-10,,MAPPED_NOT_COMPLIANCE_VERIFIED
B_turf,2T1IF9gVHSD82oYe08_sRB,PK.50.50.B,평떼 잔디붙임 / B구역,KCS 34 30 10,식재기반 조성,RELATED,,2024,2024-12-10,2026-09-25,https://www.kcsc.re.kr/standardCode/viewer/KCS%2034%2030%2010%3A2024-12-10,,MAPPED_NOT_COMPLIANCE_VERIFIED
C_turf,18Tkd5H2bNbfp2DnQiAhYt,PK.50.50.C,평떼 잔디붙임 / C구역,KCS 34 40 25,잔디식재,PRIMARY,2.1.1 잔디; 3.1.1 잔디식재 시공일반,2024,2024-12-10,2026-09-25,https://www.kcsc.re.kr/standardCode/viewer/KCS%2034%2040%2025%3A2024-12-10,300×300mm 평떼 전면붙임. 반입 후 1일 이내 식재 조건을 고려한 반입 분할 계획은 아직 모델화하지 않았다.,MAPPED_NOT_COMPLIANCE_VERIFIED
C_turf,18Tkd5H2bNbfp2DnQiAhYt,PK.50.50.C,평떼 잔디붙임 / C구역,KCS 34 40 05,식재공통,RELATED,,2024,2024-12-10,2026-09-25,https://www.kcsc.re.kr/standardCode/viewer/KCS%2034%2040%2005%3A2024-12-10,,MAPPED_NOT_COMPLIANCE_VERIFIED
C_turf,18Tkd5H2bNbfp2DnQiAhYt,PK.50.50.C,평떼 잔디붙임 / C구역,KCS 34 30 10,식재기반 조성,RELATED,,2024,2024-12-10,2026-09-25,https://www.kcsc.re.kr/standardCode/viewer/KCS%2034%2030%2010%3A2024-12-10,,MAPPED_NOT_COMPLIANCE_VERIFIED
D_turf,1xqy6j7lDSUQrwc6EQSc0d,PK.50.50.D,평떼 잔디붙임 / D구역,KCS 34 40 25,잔디식재,PRIMARY,2.1.1 잔디; 3.1.1 잔디식재 시공일반,2024,2024-12-10,2026-09-25,https://www.kcsc.re.kr/standardCode/viewer/KCS%2034%2040%2025%3A2024-12-10,300×300mm 평떼 전면붙임. 반입 후 1일 이내 식재 조건을 고려한 반입 분할 계획은 아직 모델화하지 않았다.,MAPPED_NOT_COMPLIANCE_VERIFIED
D_turf,1xqy6j7lDSUQrwc6EQSc0d,PK.50.50.D,평떼 잔디붙임 / D구역,KCS 34 40 05,식재공통,RELATED,,2024,2024-12-10,2026-09-25,https://www.kcsc.re.kr/standardCode/viewer/KCS%2034%2040%2005%3A2024-12-10,,MAPPED_NOT_COMPLIANCE_VERIFIED
D_turf,1xqy6j7lDSUQrwc6EQSc0d,PK.50.50.D,평떼 잔디붙임 / D구역,KCS 34 30 10,식재기반 조성,RELATED,,2024,2024-12-10,2026-09-25,https://www.kcsc.re.kr/standardCode/viewer/KCS%2034%2030%2010%3A2024-12-10,,MAPPED_NOT_COMPLIANCE_VERIFIED
A_mulch,0qcn$1YPnK4RH8XJ8hOzYX,PK.50.60.A,수목 하부 멀칭 / A구역,KCS 34 40 10,일반식재기반 식재,PRIMARY,2.2.1 멀칭재,2024,2024-12-10,2026-09-25,https://www.kcsc.re.kr/standardCode/viewer/KCS%2034%2040%2010%3A2024-12-10,수목 하부 멀칭재 품질 기준. 두께·시공 범위는 설계 가정이며 해당 조항이 수치를 확정하지 않는다.,MAPPED_NOT_COMPLIANCE_VERIFIED
A_mulch,0qcn$1YPnK4RH8XJ8hOzYX,PK.50.60.A,수목 하부 멀칭 / A구역,KCS 34 40 05,식재공통,RELATED,,2024,2024-12-10,2026-09-25,https://www.kcsc.re.kr/standardCode/viewer/KCS%2034%2040%2005%3A2024-12-10,,MAPPED_NOT_COMPLIANCE_VERIFIED
B_mulch,34hj5tkgTNLQ5jAjR8d_3I,PK.50.60.B,수목 하부 멀칭 / B구역,KCS 34 40 10,일반식재기반 식재,PRIMARY,2.2.1 멀칭재,2024,2024-12-10,2026-09-25,https://www.kcsc.re.kr/standardCode/viewer/KCS%2034%2040%2010%3A2024-12-10,수목 하부 멀칭재 품질 기준. 두께·시공 범위는 설계 가정이며 해당 조항이 수치를 확정하지 않는다.,MAPPED_NOT_COMPLIANCE_VERIFIED
B_mulch,34hj5tkgTNLQ5jAjR8d_3I,PK.50.60.B,수목 하부 멀칭 / B구역,KCS 34 40 05,식재공통,RELATED,,2024,2024-12-10,2026-09-25,https://www.kcsc.re.kr/standardCode/viewer/KCS%2034%2040%2005%3A2024-12-10,,MAPPED_NOT_COMPLIANCE_VERIFIED
C_mulch,18HPlXDF9SXuOM7vaDyxua,PK.50.60.C,수목 하부 멀칭 / C구역,KCS 34 40 10,일반식재기반 식재,PRIMARY,2.2.1 멀칭재,2024,2024-12-10,2026-09-25,https://www.kcsc.re.kr/standardCode/viewer/KCS%2034%2040%2010%3A2024-12-10,수목 하부 멀칭재 품질 기준. 두께·시공 범위는 설계 가정이며 해당 조항이 수치를 확정하지 않는다.,MAPPED_NOT_COMPLIANCE_VERIFIED
C_mulch,18HPlXDF9SXuOM7vaDyxua,PK.50.60.C,수목 하부 멀칭 / C구역,KCS 34 40 05,식재공통,RELATED,,2024,2024-12-10,2026-09-25,https://www.kcsc.re.kr/standardCode/viewer/KCS%2034%2040%2005%3A2024-12-10,,MAPPED_NOT_COMPLIANCE_VERIFIED
D_mulch,3jIwiso2zK08gyhvYvk2yk,PK.50.60.D,수목 하부 멀칭 / D구역,KCS 34 40 10,일반식재기반 식재,PRIMARY,2.2.1 멀칭재,2024,2024-12-10,2026-09-25,https://www.kcsc.re.kr/standardCode/viewer/KCS%2034%2040%2010%3A2024-12-10,수목 하부 멀칭재 품질 기준. 두께·시공 범위는 설계 가정이며 해당 조항이 수치를 확정하지 않는다.,MAPPED_NOT_COMPLIANCE_VERIFIED
D_mulch,3jIwiso2zK08gyhvYvk2yk,PK.50.60.D,수목 하부 멀칭 / D구역,KCS 34 40 05,식재공통,RELATED,,2024,2024-12-10,2026-09-25,https://www.kcsc.re.kr/standardCode/viewer/KCS%2034%2040%2005%3A2024-12-10,,MAPPED_NOT_COMPLIANCE_VERIFIED
A_bench,1JxWIS5BLTD9df1rvsFUAo,PK.60.10.A,벤치 설치 / A구역,KCS 34 50 20,옥외시설물,PRIMARY,2.1.11 옥외용 벤치; 3.2.2 의자,2024,2024-12-10,2026-09-25,https://www.kcsc.re.kr/standardCode/viewer/KCS%2034%2050%2020%3A2024-12-10,벤치 높이·기초·앵커·체결·마감 확인. 재료별 관련 시방을 함께 검토한다.,MAPPED_NOT_COMPLIANCE_VERIFIED
A_bench,1JxWIS5BLTD9df1rvsFUAo,PK.60.10.A,벤치 설치 / A구역,KCS 34 50 05,조경시설물공통,RELATED,,2024,2024-12-10,2026-09-25,https://www.kcsc.re.kr/standardCode/viewer/KCS%2034%2050%2005%3A2024-12-10,,MAPPED_NOT_COMPLIANCE_VERIFIED
A_bench,1JxWIS5BLTD9df1rvsFUAo,PK.60.10.A,벤치 설치 / A구역,KCS 34 50 15,현장제작설치 시설,RELATED,,2024,2024-12-10,2026-09-25,https://www.kcsc.re.kr/standardCode/viewer/KCS%2034%2050%2015%3A2024-12-10,,MAPPED_NOT_COMPLIANCE_VERIFIED
C_bench,2ZZuVLGG5HL9UR2dcuTRnL,PK.60.10.C,벤치 설치 / C구역,KCS 34 50 20,옥외시설물,PRIMARY,2.1.11 옥외용 벤치; 3.2.2 의자,2024,2024-12-10,2026-09-25,https://www.kcsc.re.kr/standardCode/viewer/KCS%2034%2050%2020%3A2024-12-10,벤치 높이·기초·앵커·체결·마감 확인. 재료별 관련 시방을 함께 검토한다.,MAPPED_NOT_COMPLIANCE_VERIFIED
C_bench,2ZZuVLGG5HL9UR2dcuTRnL,PK.60.10.C,벤치 설치 / C구역,KCS 34 50 05,조경시설물공통,RELATED,,2024,2024-12-10,2026-09-25,https://www.kcsc.re.kr/standardCode/viewer/KCS%2034%2050%2005%3A2024-12-10,,MAPPED_NOT_COMPLIANCE_VERIFIED
C_bench,2ZZuVLGG5HL9UR2dcuTRnL,PK.60.10.C,벤치 설치 / C구역,KCS 34 50 15,현장제작설치 시설,RELATED,,2024,2024-12-10,2026-09-25,https://www.kcsc.re.kr/standardCode/viewer/KCS%2034%2050%2015%3A2024-12-10,,MAPPED_NOT_COMPLIANCE_VERIFIED
D_bench,1cV9jjJRHIjuIqr2q2nErS,PK.60.10.D,벤치 설치 / D구역,KCS 34 50 20,옥외시설물,PRIMARY,2.1.11 옥외용 벤치; 3.2.2 의자,2024,2024-12-10,2026-09-25,https://www.kcsc.re.kr/standardCode/viewer/KCS%2034%2050%2020%3A2024-12-10,벤치 높이·기초·앵커·체결·마감 확인. 재료별 관련 시방을 함께 검토한다.,MAPPED_NOT_COMPLIANCE_VERIFIED
D_bench,1cV9jjJRHIjuIqr2q2nErS,PK.60.10.D,벤치 설치 / D구역,KCS 34 50 05,조경시설물공통,RELATED,,2024,2024-12-10,2026-09-25,https://www.kcsc.re.kr/standardCode/viewer/KCS%2034%2050%2005%3A2024-12-10,,MAPPED_NOT_COMPLIANCE_VERIFIED
D_bench,1cV9jjJRHIjuIqr2q2nErS,PK.60.10.D,벤치 설치 / D구역,KCS 34 50 15,현장제작설치 시설,RELATED,,2024,2024-12-10,2026-09-25,https://www.kcsc.re.kr/standardCode/viewer/KCS%2034%2050%2015%3A2024-12-10,,MAPPED_NOT_COMPLIANCE_VERIFIED
D_pergola,3Rvg5nVnXUWut1Q3eG$WzC,PK.60.20.D,퍼걸러 설치 / D구역,KCS 34 50 20,옥외시설물,PRIMARY,3.2.4 퍼걸러,2024,2024-12-10,2026-09-25,https://www.kcsc.re.kr/standardCode/viewer/KCS%2034%2050%2020%3A2024-12-10,4.0×4.0m 퍼걸러의 수직·접합·배수·재료별 방부 등. 구조안전·제품 상세는 별도 검토한다.,MAPPED_NOT_COMPLIANCE_VERIFIED
D_pergola,3Rvg5nVnXUWut1Q3eG$WzC,PK.60.20.D,퍼걸러 설치 / D구역,KCS 34 50 05,조경시설물공통,RELATED,,2024,2024-12-10,2026-09-25,https://www.kcsc.re.kr/standardCode/viewer/KCS%2034%2050%2005%3A2024-12-10,,MAPPED_NOT_COMPLIANCE_VERIFIED
D_pergola,3Rvg5nVnXUWut1Q3eG$WzC,PK.60.20.D,퍼걸러 설치 / D구역,KCS 34 50 15,현장제작설치 시설,RELATED,,2024,2024-12-10,2026-09-25,https://www.kcsc.re.kr/standardCode/viewer/KCS%2034%2050%2015%3A2024-12-10,,MAPPED_NOT_COMPLIANCE_VERIFIED
A_check,0QpginrLjSj9CDjtEXJ5e4,PK.70.10.A,구역 마무리 검사 / A구역,KCS 34 10 10,조경공사 일반,PRIMARY,1.6.2 품질시험·검사; 3.1.1 시공 확인 및 검사,2024,2024-12-10,2026-09-25,https://www.kcsc.re.kr/standardCode/viewer/KCS%2034%2010%2010%3A2024-12-10,구역 종합검사 공통 기준. 해당 구역의 식재·포장·시설물 세부 기준을 함께 대조한다.,MAPPED_NOT_COMPLIANCE_VERIFIED
A_check,0QpginrLjSj9CDjtEXJ5e4,PK.70.10.A,구역 마무리 검사 / A구역,KCS 34 40 05,식재공통,RELATED,,2024,2024-12-10,2026-09-25,https://www.kcsc.re.kr/standardCode/viewer/KCS%2034%2040%2005%3A2024-12-10,,MAPPED_NOT_COMPLIANCE_VERIFIED
A_check,0QpginrLjSj9CDjtEXJ5e4,PK.70.10.A,구역 마무리 검사 / A구역,KCS 34 60 05,조경포장공통,RELATED,,2024,2024-12-10,2026-09-25,https://www.kcsc.re.kr/standardCode/viewer/KCS%2034%2060%2005%3A2024-12-10,,MAPPED_NOT_COMPLIANCE_VERIFIED
A_check,0QpginrLjSj9CDjtEXJ5e4,PK.70.10.A,구역 마무리 검사 / A구역,KCS 34 50 05,조경시설물공통,RELATED,,2024,2024-12-10,2026-09-25,https://www.kcsc.re.kr/standardCode/viewer/KCS%2034%2050%2005%3A2024-12-10,,MAPPED_NOT_COMPLIANCE_VERIFIED
B_check,3n7dHmu61RGOxSFzmYZMsK,PK.70.10.B,구역 마무리 검사 / B구역,KCS 34 10 10,조경공사 일반,PRIMARY,1.6.2 품질시험·검사; 3.1.1 시공 확인 및 검사,2024,2024-12-10,2026-09-25,https://www.kcsc.re.kr/standardCode/viewer/KCS%2034%2010%2010%3A2024-12-10,구역 종합검사 공통 기준. 해당 구역의 식재·포장·시설물 세부 기준을 함께 대조한다.,MAPPED_NOT_COMPLIANCE_VERIFIED
B_check,3n7dHmu61RGOxSFzmYZMsK,PK.70.10.B,구역 마무리 검사 / B구역,KCS 34 40 05,식재공통,RELATED,,2024,2024-12-10,2026-09-25,https://www.kcsc.re.kr/standardCode/viewer/KCS%2034%2040%2005%3A2024-12-10,,MAPPED_NOT_COMPLIANCE_VERIFIED
B_check,3n7dHmu61RGOxSFzmYZMsK,PK.70.10.B,구역 마무리 검사 / B구역,KCS 34 60 05,조경포장공통,RELATED,,2024,2024-12-10,2026-09-25,https://www.kcsc.re.kr/standardCode/viewer/KCS%2034%2060%2005%3A2024-12-10,,MAPPED_NOT_COMPLIANCE_VERIFIED
B_check,3n7dHmu61RGOxSFzmYZMsK,PK.70.10.B,구역 마무리 검사 / B구역,KCS 34 50 05,조경시설물공통,RELATED,,2024,2024-12-10,2026-09-25,https://www.kcsc.re.kr/standardCode/viewer/KCS%2034%2050%2005%3A2024-12-10,,MAPPED_NOT_COMPLIANCE_VERIFIED
C_check,0TLh3R24LJzPazNU4Uoi5b,PK.70.10.C,구역 마무리 검사 / C구역,KCS 34 10 10,조경공사 일반,PRIMARY,1.6.2 품질시험·검사; 3.1.1 시공 확인 및 검사,2024,2024-12-10,2026-09-25,https://www.kcsc.re.kr/standardCode/viewer/KCS%2034%2010%2010%3A2024-12-10,구역 종합검사 공통 기준. 해당 구역의 식재·포장·시설물 세부 기준을 함께 대조한다.,MAPPED_NOT_COMPLIANCE_VERIFIED
C_check,0TLh3R24LJzPazNU4Uoi5b,PK.70.10.C,구역 마무리 검사 / C구역,KCS 34 40 05,식재공통,RELATED,,2024,2024-12-10,2026-09-25,https://www.kcsc.re.kr/standardCode/viewer/KCS%2034%2040%2005%3A2024-12-10,,MAPPED_NOT_COMPLIANCE_VERIFIED
C_check,0TLh3R24LJzPazNU4Uoi5b,PK.70.10.C,구역 마무리 검사 / C구역,KCS 34 60 05,조경포장공통,RELATED,,2024,2024-12-10,2026-09-25,https://www.kcsc.re.kr/standardCode/viewer/KCS%2034%2060%2005%3A2024-12-10,,MAPPED_NOT_COMPLIANCE_VERIFIED
C_check,0TLh3R24LJzPazNU4Uoi5b,PK.70.10.C,구역 마무리 검사 / C구역,KCS 34 50 05,조경시설물공통,RELATED,,2024,2024-12-10,2026-09-25,https://www.kcsc.re.kr/standardCode/viewer/KCS%2034%2050%2005%3A2024-12-10,,MAPPED_NOT_COMPLIANCE_VERIFIED
D_check,164omsjYPJa9_Pi5RLjGJg,PK.70.10.D,구역 마무리 검사 / D구역,KCS 34 10 10,조경공사 일반,PRIMARY,1.6.2 품질시험·검사; 3.1.1 시공 확인 및 검사,2024,2024-12-10,2026-09-25,https://www.kcsc.re.kr/standardCode/viewer/KCS%2034%2010%2010%3A2024-12-10,구역 종합검사 공통 기준. 해당 구역의 식재·포장·시설물 세부 기준을 함께 대조한다.,MAPPED_NOT_COMPLIANCE_VERIFIED
D_check,164omsjYPJa9_Pi5RLjGJg,PK.70.10.D,구역 마무리 검사 / D구역,KCS 34 40 05,식재공통,RELATED,,2024,2024-12-10,2026-09-25,https://www.kcsc.re.kr/standardCode/viewer/KCS%2034%2040%2005%3A2024-12-10,,MAPPED_NOT_COMPLIANCE_VERIFIED
D_check,164omsjYPJa9_Pi5RLjGJg,PK.70.10.D,구역 마무리 검사 / D구역,KCS 34 60 05,조경포장공통,RELATED,,2024,2024-12-10,2026-09-25,https://www.kcsc.re.kr/standardCode/viewer/KCS%2034%2060%2005%3A2024-12-10,,MAPPED_NOT_COMPLIANCE_VERIFIED
D_check,164omsjYPJa9_Pi5RLjGJg,PK.70.10.D,구역 마무리 검사 / D구역,KCS 34 50 05,조경시설물공통,RELATED,,2024,2024-12-10,2026-09-25,https://www.kcsc.re.kr/standardCode/viewer/KCS%2034%2050%2005%3A2024-12-10,,MAPPED_NOT_COMPLIANCE_VERIFIED
RESTORE,0dt$1QUmrUhvcqPNX1gO8o,PK.70.20.SITE,임시동선 복구 / 전체,KCS 34 10 10,조경공사 일반,PRIMARY,1.7.4 자연환경 보전; 3.1.1 시공 확인 및 검사,2024,2024-12-10,2026-09-25,https://www.kcsc.re.kr/standardCode/viewer/KCS%2034%2010%2010%3A2024-12-10,임시동선 복구의 공통 기준. 실제 훼손 피복·식재 복구 범위에 따라 세부 기준을 확정한다.,MAPPED_NOT_COMPLIANCE_VERIFIED
RESTORE,0dt$1QUmrUhvcqPNX1gO8o,PK.70.20.SITE,임시동선 복구 / 전체,KCS 34 20 10,조경 토공사,RELATED,,2024,2024-12-10,2026-09-25,https://www.kcsc.re.kr/standardCode/viewer/KCS%2034%2020%2010%3A2024-12-10,,MAPPED_NOT_COMPLIANCE_VERIFIED
RESTORE,0dt$1QUmrUhvcqPNX1gO8o,PK.70.20.SITE,임시동선 복구 / 전체,KCS 34 60 05,조경포장공통,RELATED,,2024,2024-12-10,2026-09-25,https://www.kcsc.re.kr/standardCode/viewer/KCS%2034%2060%2005%3A2024-12-10,,MAPPED_NOT_COMPLIANCE_VERIFIED
HANDOVER,3be2cWMYLN3BQh0uKZC07h,PK.70.30.SITE,준공검사 / 전체,KCS 34 10 10,조경공사 일반,PRIMARY,1.5 공사기록서류; 3.1.2 기성 및 준공 검사,2024,2024-12-10,2026-09-25,https://www.kcsc.re.kr/standardCode/viewer/KCS%2034%2010%2010%3A2024-12-10,준공 검사·기록서류. 현재 작업은 계획이며 실적 또는 준공 인증이 아니다.,MAPPED_NOT_COMPLIANCE_VERIFIED
HANDOVER,3be2cWMYLN3BQh0uKZC07h,PK.70.30.SITE,준공검사 / 전체,KCS 34 40 05,식재공통,RELATED,,2024,2024-12-10,2026-09-25,https://www.kcsc.re.kr/standardCode/viewer/KCS%2034%2040%2005%3A2024-12-10,,MAPPED_NOT_COMPLIANCE_VERIFIED
HANDOVER,3be2cWMYLN3BQh0uKZC07h,PK.70.30.SITE,준공검사 / 전체,KCS 34 50 05,조경시설물공통,RELATED,,2024,2024-12-10,2026-09-25,https://www.kcsc.re.kr/standardCode/viewer/KCS%2034%2050%2005%3A2024-12-10,,MAPPED_NOT_COMPLIANCE_VERIFIED
HANDOVER,3be2cWMYLN3BQh0uKZC07h,PK.70.30.SITE,준공검사 / 전체,KCS 34 60 05,조경포장공통,RELATED,,2024,2024-12-10,2026-09-25,https://www.kcsc.re.kr/standardCode/viewer/KCS%2034%2060%2005%3A2024-12-10,,MAPPED_NOT_COMPLIANCE_VERIFIED
HANDOVER,3be2cWMYLN3BQh0uKZC07h,PK.70.30.SITE,준공검사 / 전체,KCS 34 50 65,조경 급․배수 및 관수,RELATED,,2024,2024-12-10,2026-09-25,https://www.kcsc.re.kr/standardCode/viewer/KCS%2034%2050%2065%3A2024-12-10,,MAPPED_NOT_COMPLIANCE_VERIFIED
