case_id,tilt,azimuth,albedo,pitch,clearance,bifaciality,sky,slant_length,along_row,annual_front_poa_kwh_m2,annual_rear_poa_kwh_m2,annual_effective_poa_kwh_m2,rear_front_ratio,bifacial_gain_percent,annual_dc_kwh_9kwp,annual_ac_kwh_9kwp,specific_yield_kwh_kwp,periodic_area_productivity_kwh_m2,morning_fraction,midday_fraction,evening_fraction,peak_ac_kw_per_kwp,capacity_factor_dc_basis,runtime_sec,model_version,status
B01,30,180,0.2,2.0,0.8,0.8,haydavies,1.1,2.2,1781.0973384871977,115.16073107941448,1873.225923350729,0.0646571799255104,4.889531422934246,15218.732035120269,14499.32452066552,1611.0360578517243,182.24389794702765,0.1834948459680639,0.65222400862628,0.1642811454056558,0.8333333333333334,0.1839082257821603,0.0238795999903231,0.15.2,SCREENING_NOT_FIELD_VALIDATED
B02,30,180,0.4,2.0,0.8,0.8,haydavies,1.1,2.2,1786.0407484405218,213.2782826202276,1956.663374536704,0.1194140071028341,8.858346766947879,15842.861865686617,15046.711088742126,1671.856787638014,189.1240709997753,0.1842811967332464,0.6482105722724277,0.1675082309943257,0.8333333333333334,0.1908512314655267,0.0184143000515177,0.15.2,SCREENING_NOT_FIELD_VALIDATED
B03,30,180,0.6,2.0,0.8,0.8,haydavies,1.1,2.2,1790.9841583938455,311.3958341610407,2040.1008257226777,0.1738685586366662,12.643117989560505,16462.309019186625,15568.270412078731,1729.8078235643036,195.6796180502606,0.1852715920339556,0.6439893841998593,0.170739023766185,0.8333333333333334,0.1974666465256054,0.0182895000325515,0.15.2,SCREENING_NOT_FIELD_VALIDATED
B04,30,180,0.8,2.0,0.8,0.8,haydavies,1.1,2.2,1795.9275683471694,409.5133857018538,2123.5382769086523,0.2280233306283826,16.228043045215724,17077.073495620294,16061.796928587752,1784.6441031764168,201.8828171014046,0.1864764796632916,0.6395112739125602,0.1740122464241479,0.8333333333333334,0.2037264957963946,0.0186853000195696,0.15.2,SCREENING_NOT_FIELD_VALIDATED
B05,90,90,0.2,2.0,0.8,0.8,haydavies,1.1,2.2,699.6138512550898,610.4640457510498,1187.9850878559296,0.8725728409406025,71.87067363958607,9834.669245054976,9396.724136109822,1044.080459567758,118.1086492723708,0.3157728272119786,0.4553144113304182,0.2289127614576031,0.7917509472375347,0.1191872670739449,0.0192885999567806,0.15.2,SCREENING_NOT_FIELD_VALIDATED
B06,90,90,0.4,2.0,0.8,0.8,haydavies,1.1,2.2,766.5873927434196,677.4375872393797,1308.5374625349236,0.8837056200663623,72.5288016785264,10796.655879083486,10329.865687414209,1147.7628541571344,129.8374269408523,0.2951613531457989,0.4867983356574292,0.2180403111967718,0.7948175874807824,0.1310231568672527,0.0182961999671533,0.15.2,SCREENING_NOT_FIELD_VALIDATED
B07,90,90,0.6,2.0,0.8,0.8,haydavies,1.1,2.2,833.5609342317495,744.4111287277095,1429.0898372139172,0.893049443846352,73.0617594849881,11747.835404537283,11250.74811051983,1250.0831233910922,141.41211803066653,0.2782304654537958,0.5126145860681718,0.2091549484780323,0.8002561933657806,0.1427035528985265,0.0185758000006899,0.15.2,SCREENING_NOT_FIELD_VALIDATED
B08,90,90,0.8,2.0,0.8,0.8,haydavies,1.1,2.2,900.5344757200795,811.3846702160395,1549.6422118929113,0.9010034508309585,73.49923881686597,12688.207821416368,12159.423612303324,1351.0470680337028,152.8333787368442,0.2640910887593843,0.5341327613049379,0.2017761499356776,0.8103987224642735,0.1542291173554455,0.0184116000309586,0.15.2,SCREENING_NOT_FIELD_VALIDATED
C01,30,180,0.2,2.0,0.8,0.0,haydavies,1.1,2.2,1781.0973384871977,115.16073107941448,1781.0973384871977,0.0646571799255104,0.0,14476.19307924382,13823.42386696488,1535.93598521832,173.748414617457,0.1827843242221156,0.6566779373590973,0.1605377384187872,0.8333333333333334,0.1753351581299452,0.0186260000336915,0.15.2,SCREENING_NOT_FIELD_VALIDATED
