family,rain_mode,month_index,year,tmy_month,elapsed_years,clean_ac_kwh_kwp,soiled_ac_kwh_kwp,retained_generation_percent,cumulative_loss_kwh_kwp,optical_domain_valid
tilted,no_rain,1,1,1,0.08333333333333333,119.76920011393244,117.09169756969595,97.76444817057352,2.6775025442364804,True
tilted,no_rain,2,1,2,0.16666666666666666,131.66444503170902,126.78348746309733,96.29288106790243,7.558460112848172,True
tilted,no_rain,3,1,3,0.25,163.32360982814203,153.27326214134268,93.84635956958405,17.608807799647543,True
tilted,no_rain,4,1,4,0.3333333333333333,169.87574470098178,156.3390690807971,92.03142529617034,31.145483419832235,True
tilted,no_rain,5,1,5,0.4166666666666667,135.74334737639018,121.24486874619288,89.3191976546771,45.64396205002943,True
tilted,no_rain,6,1,6,0.5,128.8956656501922,112.67944369653247,87.41910996629734,61.86018400368914,True
tilted,no_rain,7,1,7,0.5833333333333334,105.9175899817975,90.65992305309183,85.59477521030473,77.11785093239486,True
tilted,no_rain,8,1,8,0.6666666666666666,123.17798703686472,103.57046819718832,84.08196195493252,96.72536977207137,True
tilted,no_rain,9,1,9,0.75,133.89577786978487,110.69056879101595,82.66920029297992,119.93057885084029,True
tilted,no_rain,10,1,10,0.8333333333333334,135.3559803110374,110.1016566287004,81.34229191476834,145.18490253317728,True
tilted,no_rain,11,1,11,0.9166666666666666,117.4206741482878,93.91639724071246,79.98284622528027,168.6891794407526,True
tilted,no_rain,12,1,12,1.0,99.36158274899316,78.22938909914774,78.73202794763296,189.82137309059814,True
tilted,no_rain,13,2,1,1.0833333333333333,119.76920011393244,93.0473013192312,77.6888392263774,216.54327188529945,True
tilted,no_rain,14,2,2,1.1666666666666667,131.66444503170902,102.59210447575012,77.91936877950812,245.6156124412585,True
tilted,no_rain,15,2,3,1.25,163.32360982814203,124.69580138980349,76.34891337573005,284.24342087959695,True
tilted,no_rain,16,2,4,1.3333333333333333,169.87574470098178,128.2105300683897,75.47312319016942,325.90863551218894,True
tilted,no_rain,17,2,5,1.4166666666666667,135.74334737639018,100.13442748265103,73.7674658965036,361.5175554059281,True
tilted,no_rain,18,2,6,1.5,128.8956656501922,93.93063658979142,72.87338648353638,396.48258446632923,True
tilted,no_rain,19,2,7,1.5833333333333333,105.9175899817975,76.22831611326615,71.96945863889688,426.1718583348607,True
tilted,no_rain,20,2,8,1.6666666666666667,123.17798703686472,87.98554219333522,71.42959899726475,461.3643031783899,True
tilted,no_rain,21,2,9,1.75,133.89577786978487,94.98033275937362,70.93601775236189,500.27974828880144,True
tilted,no_rain,22,2,10,1.8333333333333333,135.3559803110374,95.31783673173456,70.42011480593739,540.3178918681036,True
tilted,no_rain,23,2,11,1.9166666666666667,117.4206741482878,82.06769726883596,69.89203380419585,575.6708687475559,True
tilted,no_rain,24,2,12,2.0,99.36158274899316,68.92147451260693,69.36430822233991,606.1109769839421,True
tilted,no_rain,25,3,1,2.0833333333333335,119.76920011393244,82.71239031781221,69.05981691380644,643.1677867800627,True
tilted,no_rain,26,3,2,2.1666666666666665,131.66444503170902,NA,NA,NA,False
tilted,no_rain,27,3,3,2.25,163.32360982814203,NA,NA,NA,False
tilted,no_rain,28,3,4,2.3333333333333335,169.87574470098178,NA,NA,NA,False
tilted,no_rain,29,3,5,2.4166666666666665,135.74334737639018,NA,NA,NA,False
tilted,no_rain,30,3,6,2.5,128.8956656501922,NA,NA,NA,False
tilted,no_rain,31,3,7,2.5833333333333335,105.9175899817975,NA,NA,NA,False
tilted,no_rain,32,3,8,2.6666666666666665,123.17798703686472,NA,NA,NA,False
tilted,no_rain,33,3,9,2.75,133.89577786978487,NA,NA,NA,False
tilted,no_rain,34,3,10,2.8333333333333335,135.3559803110374,NA,NA,NA,False
tilted,no_rain,35,3,11,2.9166666666666665,117.4206741482878,NA,NA,NA,False
tilted,no_rain,36,3,12,3.0,99.36158274899316,NA,NA,NA,False
tilted,no_rain,37,4,1,3.0833333333333335,119.76920011393244,NA,NA,NA,False
tilted,no_rain,38,4,2,3.1666666666666665,131.66444503170902,NA,NA,NA,False
tilted,no_rain,39,4,3,3.25,163.32360982814203,NA,NA,NA,False
tilted,no_rain,40,4,4,3.3333333333333335,169.87574470098178,NA,NA,NA,False
tilted,no_rain,41,4,5,3.4166666666666665,135.74334737639018,NA,NA,NA,False
tilted,no_rain,42,4,6,3.5,128.8956656501922,NA,NA,NA,False
tilted,no_rain,43,4,7,3.5833333333333335,105.9175899817975,NA,NA,NA,False
tilted,no_rain,44,4,8,3.6666666666666665,123.17798703686472,NA,NA,NA,False
tilted,no_rain,45,4,9,3.75,133.89577786978487,NA,NA,NA,False
tilted,no_rain,46,4,10,3.8333333333333335,135.3559803110374,NA,NA,NA,False
tilted,no_rain,47,4,11,3.9166666666666665,117.4206741482878,NA,NA,NA,False
tilted,no_rain,48,4,12,4.0,99.36158274899316,NA,NA,NA,False
tilted,no_rain,49,5,1,4.083333333333333,119.76920011393244,NA,NA,NA,False
tilted,no_rain,50,5,2,4.166666666666667,131.66444503170902,NA,NA,NA,False
tilted,no_rain,51,5,3,4.25,163.32360982814203,NA,NA,NA,False
tilted,no_rain,52,5,4,4.333333333333333,169.87574470098178,NA,NA,NA,False
tilted,no_rain,53,5,5,4.416666666666667,135.74334737639018,NA,NA,NA,False
tilted,no_rain,54,5,6,4.5,128.8956656501922,NA,NA,NA,False
tilted,no_rain,55,5,7,4.583333333333333,105.9175899817975,NA,NA,NA,False
tilted,no_rain,56,5,8,4.666666666666667,123.17798703686472,NA,NA,NA,False
tilted,no_rain,57,5,9,4.75,133.89577786978487,NA,NA,NA,False
tilted,no_rain,58,5,10,4.833333333333333,135.3559803110374,NA,NA,NA,False
tilted,no_rain,59,5,11,4.916666666666667,117.4206741482878,NA,NA,NA,False
tilted,no_rain,60,5,12,5.0,99.36158274899316,NA,NA,NA,False
tilted,no_rain,61,6,1,5.083333333333333,119.76920011393244,NA,NA,NA,False
tilted,no_rain,62,6,2,5.166666666666667,131.66444503170902,NA,NA,NA,False
tilted,no_rain,63,6,3,5.25,163.32360982814203,NA,NA,NA,False
tilted,no_rain,64,6,4,5.333333333333333,169.87574470098178,NA,NA,NA,False
tilted,no_rain,65,6,5,5.416666666666667,135.74334737639018,NA,NA,NA,False
tilted,no_rain,66,6,6,5.5,128.8956656501922,NA,NA,NA,False
tilted,no_rain,67,6,7,5.583333333333333,105.9175899817975,NA,NA,NA,False
tilted,no_rain,68,6,8,5.666666666666667,123.17798703686472,NA,NA,NA,False
tilted,no_rain,69,6,9,5.75,133.89577786978487,NA,NA,NA,False
tilted,no_rain,70,6,10,5.833333333333333,135.3559803110374,NA,NA,NA,False
tilted,no_rain,71,6,11,5.916666666666667,117.4206741482878,NA,NA,NA,False
tilted,no_rain,72,6,12,6.0,99.36158274899316,NA,NA,NA,False
tilted,no_rain,73,7,1,6.083333333333333,119.76920011393244,NA,NA,NA,False
tilted,no_rain,74,7,2,6.166666666666667,131.66444503170902,NA,NA,NA,False
tilted,no_rain,75,7,3,6.25,163.32360982814203,NA,NA,NA,False
tilted,no_rain,76,7,4,6.333333333333333,169.87574470098178,NA,NA,NA,False
tilted,no_rain,77,7,5,6.416666666666667,135.74334737639018,NA,NA,NA,False
tilted,no_rain,78,7,6,6.5,128.8956656501922,NA,NA,NA,False
tilted,no_rain,79,7,7,6.583333333333333,105.9175899817975,NA,NA,NA,False
tilted,no_rain,80,7,8,6.666666666666667,123.17798703686472,NA,NA,NA,False
tilted,no_rain,81,7,9,6.75,133.89577786978487,NA,NA,NA,False
tilted,no_rain,82,7,10,6.833333333333333,135.3559803110374,NA,NA,NA,False
tilted,no_rain,83,7,11,6.916666666666667,117.4206741482878,NA,NA,NA,False
tilted,no_rain,84,7,12,7.0,99.36158274899316,NA,NA,NA,False
tilted,no_rain,85,8,1,7.083333333333333,119.76920011393244,NA,NA,NA,False
tilted,no_rain,86,8,2,7.166666666666667,131.66444503170902,NA,NA,NA,False
tilted,no_rain,87,8,3,7.25,163.32360982814203,NA,NA,NA,False
tilted,no_rain,88,8,4,7.333333333333333,169.87574470098178,NA,NA,NA,False
tilted,no_rain,89,8,5,7.416666666666667,135.74334737639018,NA,NA,NA,False
tilted,no_rain,90,8,6,7.5,128.8956656501922,NA,NA,NA,False
tilted,no_rain,91,8,7,7.583333333333333,105.9175899817975,NA,NA,NA,False
tilted,no_rain,92,8,8,7.666666666666667,123.17798703686472,NA,NA,NA,False
tilted,no_rain,93,8,9,7.75,133.89577786978487,NA,NA,NA,False
tilted,no_rain,94,8,10,7.833333333333333,135.3559803110374,NA,NA,NA,False
tilted,no_rain,95,8,11,7.916666666666667,117.4206741482878,NA,NA,NA,False
tilted,no_rain,96,8,12,8.0,99.36158274899316,NA,NA,NA,False
tilted,no_rain,97,9,1,8.083333333333334,119.76920011393244,NA,NA,NA,False
tilted,no_rain,98,9,2,8.166666666666666,131.66444503170902,NA,NA,NA,False
tilted,no_rain,99,9,3,8.25,163.32360982814203,NA,NA,NA,False
tilted,no_rain,100,9,4,8.333333333333334,169.87574470098178,NA,NA,NA,False
tilted,no_rain,101,9,5,8.416666666666666,135.74334737639018,NA,NA,NA,False
tilted,no_rain,102,9,6,8.5,128.8956656501922,NA,NA,NA,False
tilted,no_rain,103,9,7,8.583333333333334,105.9175899817975,NA,NA,NA,False
tilted,no_rain,104,9,8,8.666666666666666,123.17798703686472,NA,NA,NA,False
tilted,no_rain,105,9,9,8.75,133.89577786978487,NA,NA,NA,False
tilted,no_rain,106,9,10,8.833333333333334,135.3559803110374,NA,NA,NA,False
tilted,no_rain,107,9,11,8.916666666666666,117.4206741482878,NA,NA,NA,False
tilted,no_rain,108,9,12,9.0,99.36158274899316,NA,NA,NA,False
tilted,no_rain,109,10,1,9.083333333333334,119.76920011393244,NA,NA,NA,False
tilted,no_rain,110,10,2,9.166666666666666,131.66444503170902,NA,NA,NA,False
tilted,no_rain,111,10,3,9.25,163.32360982814203,NA,NA,NA,False
tilted,no_rain,112,10,4,9.333333333333334,169.87574470098178,NA,NA,NA,False
tilted,no_rain,113,10,5,9.416666666666666,135.74334737639018,NA,NA,NA,False
tilted,no_rain,114,10,6,9.5,128.8956656501922,NA,NA,NA,False
tilted,no_rain,115,10,7,9.583333333333334,105.9175899817975,NA,NA,NA,False
tilted,no_rain,116,10,8,9.666666666666666,123.17798703686472,NA,NA,NA,False
tilted,no_rain,117,10,9,9.75,133.89577786978487,NA,NA,NA,False
tilted,no_rain,118,10,10,9.833333333333334,135.3559803110374,NA,NA,NA,False
tilted,no_rain,119,10,11,9.916666666666666,117.4206741482878,NA,NA,NA,False
tilted,no_rain,120,10,12,10.0,99.36158274899316,NA,NA,NA,False
tilted,periodic_rain,1,1,1,0.08333333333333333,119.76920011393244,117.58356055781258,98.17512385985651,2.1856395561198645,True
tilted,periodic_rain,2,1,2,0.16666666666666666,131.66444503170902,128.51417719313866,97.60735114342245,5.335907394690237,True
tilted,periodic_rain,3,1,3,0.25,163.32360982814203,157.6914199487431,96.55151518796,10.968097274089159,True
tilted,periodic_rain,4,1,4,0.3333333333333333,169.87574470098178,163.1586493443867,96.04587731555283,17.685192630684252,True
tilted,periodic_rain,5,1,5,0.4166666666666667,135.74334737639018,128.8155002376136,94.89636341472632,24.613039769460816,True
tilted,periodic_rain,6,1,6,0.5,128.8956656501922,121.77072804279229,94.47232180270812,31.737977376860712,True
tilted,periodic_rain,7,1,7,0.5833333333333334,105.9175899817975,99.79803093855477,94.22233923157201,37.857536420103415,True
tilted,periodic_rain,8,1,8,0.6666666666666666,123.17798703686472,115.84105256526487,94.04363178186696,45.194470891703304,True
tilted,periodic_rain,9,1,9,0.75,133.89577786978487,125.73028965583836,93.90160889024632,53.35995910564983,True
tilted,periodic_rain,10,1,10,0.8333333333333334,135.3559803110374,126.96780864543565,93.80288063643262,61.74813077125159,True
tilted,periodic_rain,11,1,11,0.9166666666666666,117.4206741482878,110.03163772863894,93.70721001795866,69.13716719090053,True
tilted,periodic_rain,12,1,12,1.0,99.36158274899316,93.09142511314069,93.68955539718795,75.40732482675305,True
tilted,periodic_rain,13,2,1,1.0833333333333333,119.76920011393244,112.27032293503956,93.73889349535654,82.90620200564602,True
tilted,periodic_rain,14,2,2,1.1666666666666667,131.66444503170902,124.81685106006772,94.79920796385676,89.75379597728728,True
tilted,periodic_rain,15,2,3,1.25,163.32360982814203,154.0043476352575,94.29398958136501,99.07305817017186,True
tilted,periodic_rain,16,2,4,1.3333333333333333,169.87574470098178,160.26681718484528,94.34355532448126,108.6819856863084,True
tilted,periodic_rain,17,2,5,1.4166666666666667,135.74334737639018,126.91688727341335,93.49768495210101,117.50844578928525,True
tilted,periodic_rain,18,2,6,1.5,128.8956656501922,120.49299197278569,93.48102697245818,125.9111194666916,True
tilted,periodic_rain,19,2,7,1.5833333333333333,105.9175899817975,98.96841439656902,93.43907316393553,132.86029505191996,True
tilted,periodic_rain,20,2,8,1.6666666666666667,123.17798703686472,115.14642986488532,93.47971389597744,140.89185222389924,True
tilted,periodic_rain,21,2,9,1.75,133.89577786978487,125.15707154244157,93.47350120640714,149.63055855124242,True
tilted,periodic_rain,22,2,10,1.8333333333333333,135.3559803110374,126.48525491579784,93.44637349982222,158.50128394648203,True
tilted,periodic_rain,23,2,11,1.9166666666666667,117.4206741482878,109.74495579233945,93.4630605626954,166.1770023024303,True
tilted,periodic_rain,24,2,12,2.0,99.36158274899316,92.9102392021761,93.50720533194966,172.62834584924744,True
tilted,periodic_rain,25,3,1,2.0833333333333335,119.76920011393244,112.08275200329862,93.5822831718656,180.3147939598814,True
tilted,periodic_rain,26,3,2,2.1666666666666665,131.66444503170902,124.69917610849993,94.70983307488089,187.28006288309027,True
tilted,periodic_rain,27,3,3,2.25,163.32360982814203,153.8783886513021,94.21686724486514,196.7252840599302,True
tilted,periodic_rain,28,3,4,2.3333333333333335,169.87574470098178,160.14522271106335,94.27197684575496,206.45580604984866,True
tilted,periodic_rain,29,3,5,2.4166666666666665,135.74334737639018,126.79765610196466,93.40984921373654,215.40149732427417,True
tilted,periodic_rain,30,3,6,2.5,128.8956656501922,120.4535559715447,93.45043168359253,223.84360700292154,True
tilted,periodic_rain,31,3,7,2.5833333333333335,105.9175899817975,98.93031856674548,93.40310573885526,230.8308784179735,True
tilted,periodic_rain,32,3,8,2.6666666666666665,123.17798703686472,115.12339521057294,93.46101359500119,238.8854702442654,True
tilted,periodic_rain,33,3,9,2.75,133.89577786978487,125.13687778294326,93.45841950643154,247.64437033110696,True
tilted,periodic_rain,34,3,10,2.8333333333333335,135.3559803110374,126.47552119655677,93.43918229983335,256.524829445588,True
tilted,periodic_rain,35,3,11,2.9166666666666665,117.4206741482878,109.77934136655514,93.49234465126422,264.1661622273207,True
tilted,periodic_rain,36,3,12,3.0,99.36158274899316,92.87472200589502,93.47145993086158,270.65302297041853,True
tilted,periodic_rain,37,4,1,3.0833333333333335,119.76920011393244,112.04793136794119,93.55321005847391,278.37429171640935,True
tilted,periodic_rain,38,4,2,3.1666666666666665,131.66444503170902,124.68352223965131,94.69794385995665,285.35521450846704,True
tilted,periodic_rain,39,4,3,3.25,163.32360982814203,153.85781726813067,94.20427177064494,294.8210070684784,True
tilted,periodic_rain,40,4,4,3.3333333333333335,169.87574470098178,160.0963749336962,94.24322184164703,304.60037683576394,True
tilted,periodic_rain,41,4,5,3.4166666666666665,135.74334737639018,126.82924597210878,93.43312097677664,313.514478240045,True
tilted,periodic_rain,42,4,6,3.5,128.8956656501922,120.4427451294392,93.44204440225846,321.967398760798,True
tilted,periodic_rain,43,4,7,3.5833333333333335,105.9175899817975,98.93784052038667,93.41020744277665,328.94714822220857,True
tilted,periodic_rain,44,4,8,3.6666666666666665,123.17798703686472,115.09109431117929,93.43479064707789,337.03404094789414,True
tilted,periodic_rain,45,4,9,3.75,133.89577786978487,125.11142585182148,93.43941074340204,345.8183929658573,True
tilted,periodic_rain,46,4,10,3.8333333333333335,135.3559803110374,126.4861276606059,93.44701827724991,354.68824561628895,True
tilted,periodic_rain,47,4,11,3.9166666666666665,117.4206741482878,109.81923055763414,93.52631583339918,362.28968920694234,True
tilted,periodic_rain,48,4,12,4.0,99.36158274899316,92.88326691551603,93.48005974316791,368.7680050404196,True
tilted,periodic_rain,49,5,1,4.083333333333333,119.76920011393244,112.04498790860359,93.55075244889247,376.4922172457486,True
tilted,periodic_rain,50,5,2,4.166666666666667,131.66444503170902,124.65568603356678,94.67680208088501,383.5009762438912,True
tilted,periodic_rain,51,5,3,4.25,163.32360982814203,153.85023700099583,94.19963051446476,392.9743490710372,True
tilted,periodic_rain,52,5,4,4.333333333333333,169.87574470098178,160.06932658070306,94.2272994078465,402.7807671913163,True
tilted,periodic_rain,53,5,5,4.416666666666667,135.74334737639018,126.90764715955626,93.49087790480499,411.61646740815047,True
tilted,periodic_rain,54,5,6,4.5,128.8956656501922,120.4475587815651,93.44577893600064,420.06457427677793,True
tilted,periodic_rain,55,5,7,4.583333333333333,105.9175899817975,98.93906448783417,93.41136302746065,427.0430997707411,True
tilted,periodic_rain,56,5,8,4.666666666666667,123.17798703686472,115.0878390005486,93.43214787728678,435.13324780705744,True
tilted,periodic_rain,57,5,9,4.75,133.89577786978487,125.0672878175084,93.40644627281506,443.9617378593336,True
tilted,periodic_rain,58,5,10,4.833333333333333,135.3559803110374,126.50017225027705,93.45739431651974,452.8175459200937,True
tilted,periodic_rain,59,5,11,4.916666666666667,117.4206741482878,109.79082486061816,93.50212444016964,460.44739520776346,True
tilted,periodic_rain,60,5,12,5.0,99.36158274899316,92.86378765078628,93.46045532042139,466.94519030597075,True
tilted,periodic_rain,61,6,1,5.083333333333333,119.76920011393244,112.0413286683725,93.54769720578523,474.673061751531,True
tilted,periodic_rain,62,6,2,5.166666666666667,131.66444503170902,124.65857517193781,94.67899640021726,481.67893161130223,True
tilted,periodic_rain,63,6,3,5.25,163.32360982814203,153.85243811869373,94.20097821777611,491.15010332075065,True
tilted,periodic_rain,64,6,4,5.333333333333333,169.87574470098178,160.03966707960308,94.20983988108935,500.98618094212924,True
tilted,periodic_rain,65,6,5,5.416666666666667,135.74334737639018,126.96911870362567,93.53616302945936,509.76040961489383,True
tilted,periodic_rain,66,6,6,5.5,128.8956656501922,120.4378404699056,93.43823926303297,518.2182347951801,True
tilted,periodic_rain,67,6,7,5.583333333333333,105.9175899817975,98.93594707532327,93.40841978402825,525.199877701655,True
tilted,periodic_rain,68,6,8,5.666666666666667,123.17798703686472,115.08849261115637,93.43267850018742,533.2893721273641,True
tilted,periodic_rain,69,6,9,5.75,133.89577786978487,125.07306278049506,93.41075930126041,542.1120872166534,True
tilted,periodic_rain,70,6,10,5.833333333333333,135.3559803110374,126.50674840816436,93.46225273346755,550.9613191195272,True
tilted,periodic_rain,71,6,11,5.916666666666667,117.4206741482878,109.7613345824607,93.47700937557701,558.620658685354,True
tilted,periodic_rain,72,6,12,6.0,99.36158274899316,92.83618859071748,93.4326789310914,565.14605284363,True
tilted,periodic_rain,73,7,1,6.083333333333333,119.76920011393244,112.04508636985489,93.55083465805076,572.8701665877084,True
tilted,periodic_rain,74,7,2,6.166666666666667,131.66444503170902,124.66428686891635,94.68333447111951,579.8703247505014,True
tilted,periodic_rain,75,7,3,6.25,163.32360982814203,153.81435956470244,94.17766342940513,589.3795750139403,True
tilted,periodic_rain,76,7,4,6.333333333333333,169.87574470098178,160.10699866538332,94.24947566658584,599.1483210495386,True
tilted,periodic_rain,77,7,5,6.416666666666667,135.74334737639018,126.96348665143982,93.53201398474026,607.9281817744884,True
tilted,periodic_rain,78,7,6,6.5,128.8956656501922,120.42794200423961,93.43055982275385,616.3959054204413,True
tilted,periodic_rain,79,7,7,6.583333333333333,105.9175899817975,98.93572121956922,93.40820654678024,623.3777741826697,True
tilted,periodic_rain,80,7,8,6.666666666666667,123.17798703686472,115.07197082138754,93.41926555996469,631.4837903981465,True
tilted,periodic_rain,81,7,9,6.75,133.89577786978487,125.08417428213504,93.41905792113982,640.2953939857954,True
tilted,periodic_rain,82,7,10,6.833333333333333,135.3559803110374,126.5424176278915,93.48860488994056,649.1089566689425,True
tilted,periodic_rain,83,7,11,6.916666666666667,117.4206741482878,109.76167409530993,93.47729851788664,656.7679567219202,True
tilted,periodic_rain,84,7,12,7.0,99.36158274899316,92.83136124681651,93.4278205705788,663.2981782240964,True
tilted,periodic_rain,85,8,1,7.083333333333333,119.76920011393244,112.02965326977433,93.53794895783246,671.0377250682538,True
tilted,periodic_rain,86,8,2,7.166666666666667,131.66444503170902,124.64976223027995,94.67230291386583,678.0524078696832,True
tilted,periodic_rain,87,8,3,7.25,163.32360982814203,153.77068718031643,94.1509236430191,687.6053305175078,True
tilted,periodic_rain,88,8,4,7.333333333333333,169.87574470098178,160.16880384899207,94.28585824946579,697.3122713694976,True
tilted,periodic_rain,89,8,5,7.416666666666667,135.74334737639018,126.9657781712175,93.53370211150447,706.0898405746703,True
tilted,periodic_rain,90,8,6,7.5,128.8956656501922,120.41230771229485,93.41843040640312,714.5731985125678,True
tilted,periodic_rain,91,8,7,7.583333333333333,105.9175899817975,98.93964499099269,93.41191109804896,721.5511435033716,True
tilted,periodic_rain,92,8,8,7.666666666666667,123.17798703686472,115.05543955744257,93.40584492828964,729.6736909827937,True
tilted,periodic_rain,93,8,9,7.75,133.89577786978487,125.13225638896157,93.45496802046594,738.4372124636163,True
tilted,periodic_rain,94,8,10,7.833333333333333,135.3559803110374,126.55434731756165,93.4974184566871,747.2388454570912,True
tilted,periodic_rain,95,8,11,7.916666666666667,117.4206741482878,109.75148721084645,93.46862297200225,754.9080323945324,True
tilted,periodic_rain,96,8,12,8.0,99.36158274899316,92.83594101238107,93.43242976201662,761.4336741311448,True
tilted,periodic_rain,97,9,1,8.083333333333334,119.76920011393244,112.03287566940298,93.54063946559704,769.1699985756752,True
tilted,periodic_rain,98,9,2,8.166666666666666,131.66444503170902,124.67800613811318,94.69375434506006,776.1564374692715,True
tilted,periodic_rain,99,9,3,8.25,163.32360982814203,153.8001301956176,94.16895105211944,785.6799171017952,True
tilted,periodic_rain,100,9,4,8.333333333333334,169.87574470098178,160.18386564108613,94.29472460770931,795.3717961616909,True
tilted,periodic_rain,101,9,5,8.416666666666666,135.74334737639018,126.95380827907948,93.52488407926246,804.1613352590011,True
tilted,periodic_rain,102,9,6,8.5,128.8956656501922,120.42327873032441,93.42694195562723,812.6337221788687,True
tilted,periodic_rain,103,9,7,8.583333333333334,105.9175899817975,98.9608193432523,93.43190244439968,819.5904928174135,True
tilted,periodic_rain,104,9,8,8.666666666666666,123.17798703686472,115.04129347763367,93.39436066868353,827.727186376646,True
tilted,periodic_rain,105,9,9,8.75,133.89577786978487,125.2018088888113,93.50691327292743,836.4211553576199,True
tilted,periodic_rain,106,9,10,8.833333333333334,135.3559803110374,126.56404235753645,93.50458108071933,845.2130933111217,True
tilted,periodic_rain,107,9,11,8.916666666666666,117.4206741482878,109.73748173139538,93.45669536253088,852.8962857280143,True
tilted,periodic_rain,108,9,12,9.0,99.36158274899316,92.85221059899763,93.44880388385168,859.4056578780109,True
tilted,periodic_rain,109,10,1,9.083333333333334,119.76920011393244,112.02321800490701,93.5325759029392,867.1516399870362,True
tilted,periodic_rain,110,10,2,9.166666666666666,131.66444503170902,124.65330049359292,94.67499024780183,874.1627845251522,True
tilted,periodic_rain,111,10,3,9.25,163.32360982814203,153.8546493762347,94.20233212952428,883.6317449770594,True
tilted,periodic_rain,112,10,4,9.333333333333334,169.87574470098178,160.18860421219395,94.29751404131336,893.3188854658486,True
tilted,periodic_rain,113,10,5,9.416666666666666,135.74334737639018,126.92953358070007,93.507001288799,902.1326992615393,True
tilted,periodic_rain,114,10,6,9.5,128.8956656501922,120.42712326193498,93.42992462505306,910.6012416497965,True
tilted,periodic_rain,115,10,7,9.583333333333334,105.9175899817975,98.93163524420268,93.40434885386327,917.5871963873917,True
tilted,periodic_rain,116,10,8,9.666666666666666,123.17798703686472,115.07657837175276,93.42300612309295,925.6886050525035,True
tilted,periodic_rain,117,10,9,9.75,133.89577786978487,125.21973155084837,93.52029880481068,934.3646513714411,True
tilted,periodic_rain,118,10,10,9.833333333333334,135.3559803110374,126.54280484108077,93.48889096018908,943.177826841397,True
tilted,periodic_rain,119,10,11,9.916666666666666,117.4206741482878,109.74212351689656,93.46064848708484,950.856377472788,True
tilted,periodic_rain,120,10,12,10.0,99.36158274899316,92.8742325133054,93.47096729318807,957.343727708476,True
vertical,no_rain,1,1,1,0.08333333333333333,69.56648085864542,68.07081792740449,97.8500235849503,1.4956629312409475,True
vertical,no_rain,2,1,2,0.16666666666666666,86.35948664686316,82.78008179361399,95.85522680572906,5.075067784490123,True
vertical,no_rain,3,1,3,0.25,117.8940455033723,110.85756922860924,94.03152530331842,12.11154405925318,True
vertical,no_rain,4,1,4,0.3333333333333333,135.16243765493653,124.88690510732609,92.39764188491229,22.387076606863634,True
vertical,no_rain,5,1,5,0.4166666666666667,109.16480042433065,99.04920355764045,90.73364598536321,32.502673473553806,True
vertical,no_rain,6,1,6,0.5,107.72566212475567,96.00851775147686,89.12316328145718,44.21981784683261,True
vertical,no_rain,7,1,7,0.5833333333333334,86.5766244739394,75.77129642213006,87.51934703222129,55.02514589864193,True
vertical,no_rain,8,1,8,0.6666666666666666,93.00082090321382,80.11962777667893,86.14937696094061,67.90633902517676,True
vertical,no_rain,9,1,9,0.75,97.23695636609904,82.52866672609233,84.87376591197516,82.61462866518349,True
vertical,no_rain,10,1,10,0.8333333333333334,89.63211834617715,74.96255513373376,83.63358639390111,97.28419187762687,True
vertical,no_rain,11,1,11,0.9166666666666666,70.43721622138881,58.00394998348763,82.34844176859204,109.71745811552799,True
vertical,no_rain,12,1,12,1.0,56.477216690959416,45.81330091507762,81.118198805309,120.38137389140974,True
vertical,no_rain,13,2,1,1.0833333333333333,69.56648085864542,55.68619700589776,80.04745434665367,134.26165774415742,True
vertical,no_rain,14,2,2,1.1666666666666667,86.35948664686316,68.36324274462996,79.16124261388615,152.25790164639056,True
vertical,no_rain,15,2,3,1.25,117.8940455033723,92.21631851010972,78.2196574189762,177.93562863965306,True
vertical,no_rain,16,2,4,1.3333333333333333,135.16243765493653,104.5933919238125,77.3834755709531,208.504674370777,True
vertical,no_rain,17,2,5,1.4166666666666667,109.16480042433065,83.36514321474948,76.36632219424556,234.30433158035825,True
vertical,no_rain,18,2,6,1.5,107.72566212475567,81.32224022130683,75.49012799487704,260.7077534838074,True
vertical,no_rain,19,2,7,1.5833333333333333,86.5766244739394,64.52473761769885,74.52905216594759,282.7596403400482,True
vertical,no_rain,20,2,8,1.6666666666666667,93.00082090321382,68.71076560096044,73.88189150767593,307.0496956423013,True
vertical,no_rain,21,2,9,1.75,97.23695636609904,71.28579848128125,73.31142514671976,333.0008535271195,True
vertical,no_rain,22,2,10,1.8333333333333333,89.63211834617715,65.13475134251239,72.66898578805085,357.49822053078407,True
vertical,no_rain,23,2,11,1.9166666666666667,70.43721622138881,50.719327828461985,72.00643431030521,377.2161089237108,True
vertical,no_rain,24,2,12,2.0,56.477216690959416,40.27151050007697,71.30576338497826,393.4218151145931,True
vertical,no_rain,25,3,1,2.0833333333333335,69.56648085864542,49.297903309032634,70.86444894230424,413.6903926642056,True
vertical,no_rain,26,3,2,2.1666666666666665,86.35948664686316,60.93918451272229,70.56455159571723,439.1106947983464,True
vertical,no_rain,27,3,3,2.25,117.8940455033723,82.70608920766128,70.15289776046876,474.29865109405716,True
vertical,no_rain,28,3,4,2.3333333333333335,135.16243765493653,94.36531266723954,69.81622579799118,515.0957760817547,True
vertical,no_rain,29,3,5,2.4166666666666665,109.16480042433065,75.57675383750626,69.23179774408464,548.6838226685799,True
vertical,no_rain,30,3,6,2.5,107.72566212475567,74.14678988735756,68.8292728259021,582.2626949059787,True
vertical,no_rain,31,3,7,2.5833333333333335,86.5766244739394,59.12549499470202,68.29267756044185,609.7138243852171,True
vertical,no_rain,32,3,8,2.6666666666666665,93.00082090321382,NA,NA,NA,False
vertical,no_rain,33,3,9,2.75,97.23695636609904,NA,NA,NA,False
vertical,no_rain,34,3,10,2.8333333333333335,89.63211834617715,NA,NA,NA,False
vertical,no_rain,35,3,11,2.9166666666666665,70.43721622138881,NA,NA,NA,False
vertical,no_rain,36,3,12,3.0,56.477216690959416,NA,NA,NA,False
vertical,no_rain,37,4,1,3.0833333333333335,69.56648085864542,NA,NA,NA,False
vertical,no_rain,38,4,2,3.1666666666666665,86.35948664686316,NA,NA,NA,False
vertical,no_rain,39,4,3,3.25,117.8940455033723,NA,NA,NA,False
vertical,no_rain,40,4,4,3.3333333333333335,135.16243765493653,NA,NA,NA,False
vertical,no_rain,41,4,5,3.4166666666666665,109.16480042433065,NA,NA,NA,False
vertical,no_rain,42,4,6,3.5,107.72566212475567,NA,NA,NA,False
vertical,no_rain,43,4,7,3.5833333333333335,86.5766244739394,NA,NA,NA,False
vertical,no_rain,44,4,8,3.6666666666666665,93.00082090321382,NA,NA,NA,False
vertical,no_rain,45,4,9,3.75,97.23695636609904,NA,NA,NA,False
vertical,no_rain,46,4,10,3.8333333333333335,89.63211834617715,NA,NA,NA,False
vertical,no_rain,47,4,11,3.9166666666666665,70.43721622138881,NA,NA,NA,False
vertical,no_rain,48,4,12,4.0,56.477216690959416,NA,NA,NA,False
vertical,no_rain,49,5,1,4.083333333333333,69.56648085864542,NA,NA,NA,False
vertical,no_rain,50,5,2,4.166666666666667,86.35948664686316,NA,NA,NA,False
vertical,no_rain,51,5,3,4.25,117.8940455033723,NA,NA,NA,False
vertical,no_rain,52,5,4,4.333333333333333,135.16243765493653,NA,NA,NA,False
vertical,no_rain,53,5,5,4.416666666666667,109.16480042433065,NA,NA,NA,False
vertical,no_rain,54,5,6,4.5,107.72566212475567,NA,NA,NA,False
vertical,no_rain,55,5,7,4.583333333333333,86.5766244739394,NA,NA,NA,False
vertical,no_rain,56,5,8,4.666666666666667,93.00082090321382,NA,NA,NA,False
vertical,no_rain,57,5,9,4.75,97.23695636609904,NA,NA,NA,False
vertical,no_rain,58,5,10,4.833333333333333,89.63211834617715,NA,NA,NA,False
vertical,no_rain,59,5,11,4.916666666666667,70.43721622138881,NA,NA,NA,False
vertical,no_rain,60,5,12,5.0,56.477216690959416,NA,NA,NA,False
vertical,no_rain,61,6,1,5.083333333333333,69.56648085864542,NA,NA,NA,False
vertical,no_rain,62,6,2,5.166666666666667,86.35948664686316,NA,NA,NA,False
vertical,no_rain,63,6,3,5.25,117.8940455033723,NA,NA,NA,False
vertical,no_rain,64,6,4,5.333333333333333,135.16243765493653,NA,NA,NA,False
vertical,no_rain,65,6,5,5.416666666666667,109.16480042433065,NA,NA,NA,False
vertical,no_rain,66,6,6,5.5,107.72566212475567,NA,NA,NA,False
vertical,no_rain,67,6,7,5.583333333333333,86.5766244739394,NA,NA,NA,False
vertical,no_rain,68,6,8,5.666666666666667,93.00082090321382,NA,NA,NA,False
vertical,no_rain,69,6,9,5.75,97.23695636609904,NA,NA,NA,False
vertical,no_rain,70,6,10,5.833333333333333,89.63211834617715,NA,NA,NA,False
vertical,no_rain,71,6,11,5.916666666666667,70.43721622138881,NA,NA,NA,False
vertical,no_rain,72,6,12,6.0,56.477216690959416,NA,NA,NA,False
vertical,no_rain,73,7,1,6.083333333333333,69.56648085864542,NA,NA,NA,False
vertical,no_rain,74,7,2,6.166666666666667,86.35948664686316,NA,NA,NA,False
vertical,no_rain,75,7,3,6.25,117.8940455033723,NA,NA,NA,False
vertical,no_rain,76,7,4,6.333333333333333,135.16243765493653,NA,NA,NA,False
vertical,no_rain,77,7,5,6.416666666666667,109.16480042433065,NA,NA,NA,False
vertical,no_rain,78,7,6,6.5,107.72566212475567,NA,NA,NA,False
vertical,no_rain,79,7,7,6.583333333333333,86.5766244739394,NA,NA,NA,False
vertical,no_rain,80,7,8,6.666666666666667,93.00082090321382,NA,NA,NA,False
vertical,no_rain,81,7,9,6.75,97.23695636609904,NA,NA,NA,False
vertical,no_rain,82,7,10,6.833333333333333,89.63211834617715,NA,NA,NA,False
vertical,no_rain,83,7,11,6.916666666666667,70.43721622138881,NA,NA,NA,False
vertical,no_rain,84,7,12,7.0,56.477216690959416,NA,NA,NA,False
vertical,no_rain,85,8,1,7.083333333333333,69.56648085864542,NA,NA,NA,False
vertical,no_rain,86,8,2,7.166666666666667,86.35948664686316,NA,NA,NA,False
vertical,no_rain,87,8,3,7.25,117.8940455033723,NA,NA,NA,False
vertical,no_rain,88,8,4,7.333333333333333,135.16243765493653,NA,NA,NA,False
vertical,no_rain,89,8,5,7.416666666666667,109.16480042433065,NA,NA,NA,False
vertical,no_rain,90,8,6,7.5,107.72566212475567,NA,NA,NA,False
vertical,no_rain,91,8,7,7.583333333333333,86.5766244739394,NA,NA,NA,False
vertical,no_rain,92,8,8,7.666666666666667,93.00082090321382,NA,NA,NA,False
vertical,no_rain,93,8,9,7.75,97.23695636609904,NA,NA,NA,False
vertical,no_rain,94,8,10,7.833333333333333,89.63211834617715,NA,NA,NA,False
vertical,no_rain,95,8,11,7.916666666666667,70.43721622138881,NA,NA,NA,False
vertical,no_rain,96,8,12,8.0,56.477216690959416,NA,NA,NA,False
vertical,no_rain,97,9,1,8.083333333333334,69.56648085864542,NA,NA,NA,False
vertical,no_rain,98,9,2,8.166666666666666,86.35948664686316,NA,NA,NA,False
vertical,no_rain,99,9,3,8.25,117.8940455033723,NA,NA,NA,False
vertical,no_rain,100,9,4,8.333333333333334,135.16243765493653,NA,NA,NA,False
vertical,no_rain,101,9,5,8.416666666666666,109.16480042433065,NA,NA,NA,False
vertical,no_rain,102,9,6,8.5,107.72566212475567,NA,NA,NA,False
vertical,no_rain,103,9,7,8.583333333333334,86.5766244739394,NA,NA,NA,False
vertical,no_rain,104,9,8,8.666666666666666,93.00082090321382,NA,NA,NA,False
vertical,no_rain,105,9,9,8.75,97.23695636609904,NA,NA,NA,False
vertical,no_rain,106,9,10,8.833333333333334,89.63211834617715,NA,NA,NA,False
vertical,no_rain,107,9,11,8.916666666666666,70.43721622138881,NA,NA,NA,False
vertical,no_rain,108,9,12,9.0,56.477216690959416,NA,NA,NA,False
vertical,no_rain,109,10,1,9.083333333333334,69.56648085864542,NA,NA,NA,False
vertical,no_rain,110,10,2,9.166666666666666,86.35948664686316,NA,NA,NA,False
vertical,no_rain,111,10,3,9.25,117.8940455033723,NA,NA,NA,False
vertical,no_rain,112,10,4,9.333333333333334,135.16243765493653,NA,NA,NA,False
vertical,no_rain,113,10,5,9.416666666666666,109.16480042433065,NA,NA,NA,False
vertical,no_rain,114,10,6,9.5,107.72566212475567,NA,NA,NA,False
vertical,no_rain,115,10,7,9.583333333333334,86.5766244739394,NA,NA,NA,False
vertical,no_rain,116,10,8,9.666666666666666,93.00082090321382,NA,NA,NA,False
vertical,no_rain,117,10,9,9.75,97.23695636609904,NA,NA,NA,False
vertical,no_rain,118,10,10,9.833333333333334,89.63211834617715,NA,NA,NA,False
vertical,no_rain,119,10,11,9.916666666666666,70.43721622138881,NA,NA,NA,False
vertical,no_rain,120,10,12,10.0,56.477216690959416,NA,NA,NA,False
vertical,periodic_rain,1,1,1,0.08333333333333333,69.56648085864542,68.16513287332853,97.98559885735152,1.4013479853169037,True
vertical,periodic_rain,2,1,2,0.16666666666666666,86.35948664686316,83.29229294032524,96.44834189545367,4.468541691854817,True
vertical,periodic_rain,3,1,3,0.25,117.8940455033723,112.20978084442604,95.17849723904533,10.152806350801095,True
vertical,periodic_rain,4,1,4,0.3333333333333333,135.16243765493653,127.21887486861351,94.12295092916084,18.096369137124086,True
vertical,periodic_rain,5,1,5,0.4166666666666667,109.16480042433065,101.59232316621178,93.06326102490533,25.66884639524301,True
vertical,periodic_rain,6,1,6,0.5,107.72566212475567,99.21040421372135,92.0954230003498,34.184104306277256,True
vertical,periodic_rain,7,1,7,0.5833333333333334,86.5766244739394,78.94366970035033,91.18358469163154,41.817059079866326,True
vertical,periodic_rain,8,1,8,0.6666666666666666,93.00082090321382,84.08979799887686,90.41833951808803,50.72808198420325,True
vertical,periodic_rain,9,1,9,0.75,97.23695636609904,87.24415128525507,89.72324365725633,60.720887065047236,True
vertical,periodic_rain,10,1,10,0.8333333333333334,89.63211834617715,79.82690931361586,89.06060772245546,70.52609609760857,True
vertical,periodic_rain,11,1,11,0.9166666666666666,70.43721622138881,62.252999184740474,88.38083405947674,78.71031313425692,True
vertical,periodic_rain,12,1,12,1.0,56.477216690959416,49.56474897158033,87.76060839328578,85.62278085363612,True
vertical,periodic_rain,13,2,1,1.0833333333333333,69.56648085864542,60.684499669697985,87.23238393071077,94.50476204258364,True
vertical,periodic_rain,14,2,2,1.1666666666666667,86.35948664686316,74.96948925078688,86.81094823704584,105.89475943865995,True
vertical,periodic_rain,15,2,3,1.25,117.8940455033723,101.79717593905411,86.34632521465407,121.99162900297824,True
vertical,periodic_rain,16,2,4,1.3333333333333333,135.16243765493653,116.1732892256986,85.95086862985087,140.98077743221606,True
vertical,periodic_rain,17,2,5,1.4166666666666667,109.16480042433065,93.23461582780283,85.4072150229688,156.91096202874374,True
vertical,periodic_rain,18,2,6,1.5,107.72566212475567,91.5679590407164,85.00106403121733,173.0686651127829,True
vertical,periodic_rain,19,2,7,1.5833333333333333,86.5766244739394,73.17345632172857,84.51872172927537,186.47183326499373,True
vertical,periodic_rain,20,2,8,1.6666666666666667,93.00082090321382,78.33126920807682,84.2264277318545,201.14138496013058,True
vertical,periodic_rain,21,2,9,1.75,97.23695636609904,81.63584482286804,83.955573964602,216.7424965033618,True
vertical,periodic_rain,22,2,10,1.8333333333333333,89.63211834617715,74.96209131917205,83.63306892921294,231.41252353036685,True
vertical,periodic_rain,23,2,11,1.9166666666666667,70.43721622138881,58.683000170196934,83.3124920578241,243.16673958155894,True
vertical,periodic_rain,24,2,12,2.0,56.477216690959416,46.86600225139914,82.9821386345004,252.77795402111934,True
vertical,periodic_rain,25,3,1,2.0833333333333335,69.56648085864542,57.57770807973856,82.76645213192936,264.766726800026,True
vertical,periodic_rain,26,3,2,2.1666666666666665,86.35948664686316,71.37026894803193,82.64322973557685,279.7559444988572,True
vertical,periodic_rain,27,3,3,2.25,117.8940455033723,97.18389638725587,82.43325264843504,300.4660936149737,True
vertical,periodic_rain,28,3,4,2.3333333333333335,135.16243765493653,111.18695788007021,82.26172878290741,324.4415733898402,True
vertical,periodic_rain,29,3,5,2.4166666666666665,109.16480042433065,89.40197848192636,81.8963421674524,344.20439533224413,True
vertical,periodic_rain,30,3,6,2.5,107.72566212475567,88.03703411873198,81.72336320084757,363.8930233382678,True
vertical,periodic_rain,31,3,7,2.5833333333333335,86.5766244739394,70.48301372397367,81.41113626483543,379.9866340882334,True
vertical,periodic_rain,32,3,8,2.6666666666666665,93.00082090321382,75.62119294125489,81.31239295183646,397.3662620501922,True
vertical,periodic_rain,33,3,9,2.75,97.23695636609904,78.97697598396107,81.22115184952027,415.6262424323301,True
vertical,periodic_rain,34,3,10,2.8333333333333335,89.63211834617715,72.64672218797187,81.04987757557588,432.6116385905358,True
vertical,periodic_rain,35,3,11,2.9166666666666665,70.43721622138881,56.977821243571874,80.89164265732312,446.07103356835285,True
vertical,periodic_rain,36,3,12,3.0,56.477216690959416,45.551648164600735,80.65490977336427,456.9966020947111,True
vertical,periodic_rain,37,4,1,3.0833333333333335,69.56648085864542,56.05866600960583,80.58286881510278,470.5044169437506,True
vertical,periodic_rain,38,4,2,3.1666666666666665,86.35948664686316,69.60027896674313,80.5936691719221,487.2636246238706,True
vertical,periodic_rain,39,4,3,3.25,117.8940455033723,94.90333610740265,80.49883749615496,510.2543340198406,True
vertical,periodic_rain,40,4,4,3.3333333333333335,135.16243765493653,108.70892860991388,80.42835753483729,536.7078430648629,True
vertical,periodic_rain,41,4,5,3.4166666666666665,109.16480042433065,87.51676534069101,80.16939984363795,558.3558781485026,True
vertical,periodic_rain,42,4,6,3.5,107.72566212475567,86.26026395511495,80.07401602713574,579.8212763181431,True
vertical,periodic_rain,43,4,7,3.5833333333333335,86.5766244739394,69.13431644814499,79.85332861869111,597.2635843439382,True
vertical,periodic_rain,44,4,8,3.6666666666666665,93.00082090321382,74.2408499108131,79.82816623530208,616.0235553363384,True
vertical,periodic_rain,45,4,9,3.75,97.23695636609904,77.62068359040639,79.82631963320921,635.6398281120313,True
vertical,periodic_rain,46,4,10,3.8333333333333335,89.63211834617715,71.46995423599043,79.7369911084319,653.801992222217,True
vertical,periodic_rain,47,4,11,3.9166666666666665,70.43721622138881,56.111029437126646,79.66105483323757,668.128179006479,True
vertical,periodic_rain,48,4,12,4.0,56.477216690959416,44.88253769181385,79.4701657084288,679.7228580056234,True
vertical,periodic_rain,49,5,1,4.083333333333333,69.56648085864542,55.279480681950666,79.46281024948637,694.0098581823188,True
vertical,periodic_rain,50,5,2,4.166666666666667,86.35948664686316,68.68131834732132,79.52955837749417,711.6880264818616,True
vertical,periodic_rain,51,5,3,4.25,117.8940455033723,93.71903721615965,79.49429236736037,735.8630347690746,True
vertical,periodic_rain,52,5,4,4.333333333333333,135.16243765493653,107.42544286594232,79.47876993769121,763.6000295580701,True
vertical,periodic_rain,53,5,5,4.416666666666667,109.16480042433065,86.55760001685739,79.2907600988619,786.207229965543,True
vertical,periodic_rain,54,5,6,4.5,107.72566212475567,85.33615275650666,79.21617846050461,808.5967393337912,True
vertical,periodic_rain,55,5,7,4.583333333333333,86.5766244739394,68.42352924125169,79.03233656545248,826.7498345664789,True
vertical,periodic_rain,56,5,8,4.666666666666667,93.00082090321382,73.51925146376024,79.05226077549563,846.231404005932,True
vertical,periodic_rain,57,5,9,4.75,97.23695636609904,76.89441387481168,79.07941254897233,866.5739464972198,True
vertical,periodic_rain,58,5,10,4.833333333333333,89.63211834617715,70.85070892788912,79.04611676614573,885.3553559155085,True
vertical,periodic_rain,59,5,11,4.916666666666667,70.43721622138881,55.63862407869347,78.99037904027554,900.1539480582044,True
vertical,periodic_rain,60,5,12,5.0,56.477216690959416,44.521931886675,78.83166787467033,912.109232862489,True
vertical,periodic_rain,61,6,1,5.083333333333333,69.56648085864542,54.863405217846775,78.86471263269111,926.8123085032884,True
vertical,periodic_rain,62,6,2,5.166666666666667,86.35948664686316,68.19712182056699,78.96888282747118,944.9746733295843,True
vertical,periodic_rain,63,6,3,5.25,117.8940455033723,93.0856887947451,78.95707403821547,969.7830300382125,True
vertical,periodic_rain,64,6,4,5.333333333333333,135.16243765493653,106.72813134644791,78.96286364627422,998.2173363467004,True
vertical,periodic_rain,65,6,5,5.416666666666667,109.16480042433065,86.0417777564202,78.81824308015975,1021.3403590146102,True
vertical,periodic_rain,66,6,6,5.5,107.72566212475567,84.8319401447742,78.74812600040596,1044.234080994592,True
vertical,periodic_rain,67,6,7,5.583333333333333,86.5766244739394,68.04093070280537,78.59041758238854,1062.7697747657248,True
vertical,periodic_rain,68,6,8,5.666666666666667,93.00082090321382,73.13089963597622,78.63468185090939,1082.639696032963,True
vertical,periodic_rain,69,6,9,5.75,97.23695636609904,76.51171461447439,78.68583867064523,1103.3649377845895,True
vertical,periodic_rain,70,6,10,5.833333333333333,89.63211834617715,70.51438535364301,78.670890139294,1122.4826707771247,True
vertical,periodic_rain,71,6,11,5.916666666666667,70.43721622138881,55.380083181959954,78.62332748627757,1137.5398038165522,True
vertical,periodic_rain,72,6,12,6.0,56.477216690959416,44.3210368858366,78.47595806351286,1149.6959836216759,True
vertical,periodic_rain,73,7,1,6.083333333333333,69.56648085864542,54.638537727443136,78.54147148605246,1164.6239267528779,True
vertical,periodic_rain,74,7,2,6.166666666666667,86.35948664686316,67.93284800306401,78.6628668612304,1183.0505653966775,True
vertical,periodic_rain,75,7,3,6.25,117.8940455033723,92.72789912228748,78.6535899471149,1208.2167117777617,True
vertical,periodic_rain,76,7,4,6.333333333333333,135.16243765493653,106.37522215041221,78.70176359350906,1237.0039272822864,True
vertical,periodic_rain,77,7,5,6.416666666666667,109.16480042433065,85.75195464298434,78.55275172002418,1260.4167730636343,True
vertical,periodic_rain,78,7,6,6.5,107.72566212475567,84.557952323325,78.49378751127985,1283.5844828650652,True
vertical,periodic_rain,79,7,7,6.583333333333333,86.5766244739394,67.8308595150407,78.3477756579186,1302.3302478239636,True
vertical,periodic_rain,80,7,8,6.666666666666667,93.00082090321382,72.91374252180064,78.40118163868914,1322.4173262053778,True
vertical,periodic_rain,81,7,9,6.75,97.23695636609904,76.305005061634,78.47325534783727,1343.3492775098434,True
vertical,periodic_rain,82,7,10,6.833333333333333,89.63211834617715,70.33837461822071,78.474519977939,1362.643021237797,True
vertical,periodic_rain,83,7,11,6.916666666666667,70.43721622138881,55.24187794077659,78.42711694787559,1377.8383595184105,True
vertical,periodic_rain,84,7,12,7.0,56.477216690959416,44.21446955287172,78.2872672263776,1390.1011066565,True
vertical,periodic_rain,85,8,1,7.083333333333333,69.56648085864542,54.512000827937676,78.3595779966253,1405.1555866872068,True
vertical,periodic_rain,86,8,2,7.166666666666667,86.35948664686316,67.78209661838568,78.48830423871878,1423.732976715683,True
vertical,periodic_rain,87,8,3,7.25,117.8940455033723,92.52508720620858,78.48156097379996,1449.1019350128465,True
vertical,periodic_rain,88,8,4,7.333333333333333,135.16243765493653,106.18890585578556,78.56391738574658,1478.075466811998,True
vertical,periodic_rain,89,8,5,7.416666666666667,109.16480042433065,85.59412922866572,78.40817634984518,1501.6461380076619,True
vertical,periodic_rain,90,8,6,7.5,107.72566212475567,84.40342575165171,78.35034297947058,1524.9683743807657,True
vertical,periodic_rain,91,8,7,7.583333333333333,86.5766244739394,67.71816836974232,78.21761218020956,1543.826830484961,True
vertical,periodic_rain,92,8,8,7.666666666666667,93.00082090321382,72.78986406996741,78.26798017806746,1564.0377873182074,True
vertical,periodic_rain,93,8,9,7.75,97.23695636609904,76.20625662865046,78.37170092174874,1585.0684870556552,True
vertical,periodic_rain,94,8,10,7.833333333333333,89.63211834617715,70.23929033652391,78.36397446866728,1604.4613150653092,True
vertical,periodic_rain,95,8,11,7.916666666666667,70.43721622138881,55.16449006314154,78.31724906582895,1619.734041223556,True
vertical,periodic_rain,96,8,12,8.0,56.477216690959416,44.15715484083563,78.18578433576398,1632.0541030736797,True
vertical,periodic_rain,97,9,1,8.083333333333334,69.56648085864542,54.44406488865652,78.26192185757294,1647.1765190436686,True
vertical,periodic_rain,98,9,2,8.166666666666666,86.35948664686316,67.70623444188055,78.40045960294027,1665.8297712486517,True
vertical,periodic_rain,99,9,3,8.25,117.8940455033723,92.43259840324335,78.40311018981816,1691.2912183487808,True
vertical,periodic_rain,100,9,4,8.333333333333334,135.16243765493653,106.07859166904646,78.48230137714755,1720.3750643346682,True
vertical,periodic_rain,101,9,5,8.416666666666666,109.16480042433065,85.5051898390981,78.32670376049228,1744.034674919901,True
vertical,periodic_rain,102,9,6,8.5,107.72566212475567,84.32539912447037,78.27791211606964,1767.434937920186,True
vertical,periodic_rain,103,9,7,8.583333333333334,86.5766244739394,67.6638896537415,78.15491775624625,1786.3476727403847,True
vertical,periodic_rain,104,9,8,8.666666666666666,93.00082090321382,72.72088397757327,78.19380869041368,1806.6276096660267,True
vertical,periodic_rain,105,9,9,8.75,97.23695636609904,76.16448840162258,78.32874582670172,1827.7000776305017,True
vertical,periodic_rain,106,9,10,8.833333333333334,89.63211834617715,70.18410619865557,78.30240709874839,1847.1480897780232,True
vertical,periodic_rain,107,9,11,8.916666666666666,70.43721622138881,55.11796585984525,78.25119846673931,1862.467340139567,True
vertical,periodic_rain,108,9,12,9.0,56.477216690959416,44.12847395151563,78.13500122179268,1874.8160828790112,True
vertical,periodic_rain,109,10,1,9.083333333333334,69.56648085864542,54.4030391733409,78.20294846290177,1889.9795245643165,True
vertical,periodic_rain,110,10,2,9.166666666666666,86.35948664686316,67.65176341476058,78.33738485662698,1908.6872477964178,True
vertical,periodic_rain,111,10,3,9.25,117.8940455033723,92.38619951787572,78.3637537616207,1934.1950937819138,True
vertical,periodic_rain,112,10,4,9.333333333333334,135.16243765493653,106.01619668859823,78.4361384183176,1963.341334748252,True
vertical,periodic_rain,113,10,5,9.416666666666666,109.16480042433065,85.45185968774712,78.27785087829612,1987.0542754848364,True
vertical,periodic_rain,114,10,6,9.5,107.72566212475567,84.2802797019255,78.23602848160878,2010.499657907665,True
vertical,periodic_rain,115,10,7,9.583333333333334,86.5766244739394,67.61739557033398,78.10121494247865,2029.45888681127,True
vertical,periodic_rain,116,10,8,9.666666666666666,93.00082090321382,72.69563899894544,78.16666379170994,2049.7640687155404,True
vertical,periodic_rain,117,10,9,9.75,97.23695636609904,76.13482923243436,78.29824387528672,2070.866195849205,True
vertical,periodic_rain,118,10,10,9.833333333333334,89.63211834617715,70.14692908510185,78.26092965267249,2090.3513851102825,True
vertical,periodic_rain,119,10,11,9.916666666666666,70.43721622138881,55.09547725501909,78.21927130375279,2105.6931240766476,True
vertical,periodic_rain,120,10,12,10.0,56.477216690959416,44.11517123514746,78.1114470929818,2118.0551695324584,True
