object_id,ifc_guid,ifc_class,name,specification,primary_wbs
ZONE_A,05s0DvC$jRV929XyJ91g6F,IfcBuildingElementProxy,공사구역,,PK.20.10.A
ZONE_B,2x_36Mv31GngMSBAisIBtD,IfcBuildingElementProxy,공사구역,,PK.20.10.B
ZONE_C,0q2_uZzdrVsxsTXBPSE5Qa,IfcBuildingElementProxy,공사구역,,PK.20.10.C
ZONE_D,3$1Stc6JfRHQZHDbAILU6L,IfcBuildingElementProxy,공사구역,,PK.20.10.D
walkway_A,3q3q0DWtjTh8ZN5wMJC4TJ,IfcPavement,보행로 블록포장,200×200mm / 유효폭 2m,PK.40.30.A
walkway_B,2uUU441FzPTQzrtbwPLFUK,IfcPavement,보행로 블록포장,200×200mm / 유효폭 2m,PK.40.30.B
walkway_C,19Dv29Y7vGQPOnCF_RhSPQ,IfcPavement,보행로 블록포장,200×200mm / 유효폭 2m,PK.40.30.C
walkway_D,0mPlDNkl1NYQPHTpc1fBtL,IfcPavement,보행로 블록포장,200×200mm / 유효폭 2m,PK.40.30.D
plaza_A,2RuwrdotDPRO4wT4PooqPW,IfcPavement,휴게공간 블록포장,200×200mm,PK.40.30.A
plaza_C,0qfwjhpMnKS8C9ETlQ6DvM,IfcPavement,휴게공간 블록포장,200×200mm,PK.40.30.C
plaza_D,3xEp6uVh9G9RMOhLExLruZ,IfcPavement,휴게공간 블록포장,200×200mm,PK.40.30.D
lawn_A,2TMfXTxhXNLvV7tqJ$0KgI,IfcGeographicElement,잔디,평떼 300×300mm / 전면 붙임,PK.50.50.A
lawn_B,3DQ93yPh9H9gS6aKs3R_3F,IfcGeographicElement,잔디,평떼 300×300mm / 전면 붙임,PK.50.50.B
lawn_C,1p635B579Ue8dBXvP_ghrm,IfcGeographicElement,잔디,평떼 300×300mm / 전면 붙임,PK.50.50.C
lawn_D,30SBC5WpHJ3vOz9iiaguLl,IfcGeographicElement,잔디,평떼 300×300mm / 전면 붙임,PK.50.50.D
shrub_A,2mofXfJPLR3A3TC$sO0JuJ,IfcGeographicElement,관목 식재지,,PK.50.20.A
shrub_B,1TDXd0_SnQ5RCqmS8RbvCO,IfcGeographicElement,관목 식재지,,PK.50.20.B
shrub_C,0u6PcUk4bRlxGZvc3a_Wfe,IfcGeographicElement,관목 식재지,,PK.50.20.C
shrub_D,25sRKXEljG6gNF8O0rabTH,IfcGeographicElement,관목 식재지,,PK.50.20.D
green_A,3Rtnkwg4bP8Rx7PpzPFj5M,IfcGeographicElement,수목 하부 멀칭,,PK.50.60.A
green_B,3K6pWDCm1KuRkDLYGXyhSh,IfcGeographicElement,수목 하부 멀칭,,PK.50.60.B
green_C,0xSKiI1HfMM9XaOKMx74R6,IfcGeographicElement,수목 하부 멀칭,,PK.50.60.C
green_D,22geK9FJnQrBvkSa8mSioj,IfcGeographicElement,수목 하부 멀칭,,PK.50.60.D
P2_N01,32o20Yq$fIu8Fbxd4ku08H,IfcGeographicElement,느티나무,H4.0 X R12,PK.50.30.C
P2_N02,32fq$v0WDOxPZsBdaKmGKv,IfcGeographicElement,느티나무,H4.0 X R12,PK.50.30.A
P2_N03,1KzHpDp8TOfg3ND1kZypKE,IfcGeographicElement,느티나무,H4.0 X R12,PK.50.30.B
P2_I01,02y87a1DbR9Q4AvdxI7PYf,IfcGeographicElement,이팝나무,H4.0 X R15,PK.50.30.C
P2_I02,2wA21KkBrHfA02Gl2eiITH,IfcGeographicElement,이팝나무,H4.0 X R15,PK.50.30.D
P2_I03,3Ebh5eESjRseZM_OJbax7z,IfcGeographicElement,이팝나무,H4.0 X R15,PK.50.30.D
P2_I04,3VXnKSS4HHDg0dcHjSWwyv,IfcGeographicElement,이팝나무,H4.0 X R15,PK.50.30.A
P2_I05,3QMDNvBXzIjQKTQOQ$O8i$,IfcGeographicElement,이팝나무,H4.0 X R15,PK.50.30.B
P2_I06,00Qd1HSYfKH8QiDyHu9eeZ,IfcGeographicElement,이팝나무,H4.0 X R15,PK.50.30.D
P2_I07,3gv7DXWyvUxOSt8FJ_jBfG,IfcGeographicElement,이팝나무,H4.0 X R15,PK.50.30.A
P2_D01,0ZenG1k7vSWeZohT8fL$kw,IfcGeographicElement,산딸나무,H3.0 X R8,PK.50.30.B
P2_D02,02lVwwMzvLIBNFnth4sQVM,IfcGeographicElement,산딸나무,H3.0 X R8,PK.50.30.A
P2_D03,0GtydUzubMWxeS8$uNA2RA,IfcGeographicElement,산딸나무,H3.0 X R8,PK.50.30.D
P2_T01,2gSA55vanH8ODXPrevY6hS,IfcGeographicElement,주목,H3.0 X W1.5,PK.50.30.B
P2_T02,1r03ubKVPIAPU_R$4tVrbd,IfcGeographicElement,주목,H3.0 X W1.5,PK.50.30.B
P2_T03,1qbKJG7tzOvwuITtIff3ER,IfcGeographicElement,주목,H3.0 X W1.5,PK.50.30.B
P2_B01-001,1NYMvE5ILU8gm3vg1UN72i,IfcGeographicElement,회양목,H0.4 X W0.5,PK.50.40.C
P2_B01-002,2LwZ4BzNLO0uQXO2SvekPT,IfcGeographicElement,회양목,H0.4 X W0.5,PK.50.40.C
P2_B01-003,3WCKa4RnfVFfXRKywJupFW,IfcGeographicElement,회양목,H0.4 X W0.5,PK.50.40.C
P2_B01-004,2WiDxLF75RYf7RQD27Q_as,IfcGeographicElement,회양목,H0.4 X W0.5,PK.50.40.C
P2_B01-005,1xs6ajYEXPFeIg1_R5aygJ,IfcGeographicElement,회양목,H0.4 X W0.5,PK.50.40.C
P2_B01-006,340wse$TTH9AA9DZxMuI98,IfcGeographicElement,회양목,H0.4 X W0.5,PK.50.40.C
P2_B01-007,3mrjTI8CPMGxBGH_NLbL0F,IfcGeographicElement,회양목,H0.4 X W0.5,PK.50.40.C
P2_B01-008,2QLpM_5mfVJQC6Ep6qgwCJ,IfcGeographicElement,회양목,H0.4 X W0.5,PK.50.40.C
P2_B01-009,0VWPR_oJXJqBlm5lZM$l$r,IfcGeographicElement,회양목,H0.4 X W0.5,PK.50.40.C
P2_B01-010,1j2eaynWnTChuPM5RnTK$J,IfcGeographicElement,회양목,H0.4 X W0.5,PK.50.40.C
P2_B01-011,3VZy8Q56HVUBT9v6iTwVAj,IfcGeographicElement,회양목,H0.4 X W0.5,PK.50.40.C
P2_B01-012,0zCWKuk4bSrQT_gUll3iSr,IfcGeographicElement,회양목,H0.4 X W0.5,PK.50.40.C
P2_B01-013,1Qu9Y4VPvI8QSVeQDFsgcW,IfcGeographicElement,회양목,H0.4 X W0.5,PK.50.40.C
P2_B01-014,1BCiDsgbHVJeeGjnV4c8tP,IfcGeographicElement,회양목,H0.4 X W0.5,PK.50.40.C
P2_B01-015,0E7lEDYSbNrALcsBqA4E4Q,IfcGeographicElement,회양목,H0.4 X W0.5,PK.50.40.C
P2_B01-016,0nj58s_i1VCOsmu5EFP1GQ,IfcGeographicElement,회양목,H0.4 X W0.5,PK.50.40.C
P2_B01-017,2sAv2f0y9SNQRX0STlhr$g,IfcGeographicElement,회양목,H0.4 X W0.5,PK.50.40.C
P2_B01-018,3NYLaHKibRuhozMjiyNc58,IfcGeographicElement,회양목,H0.4 X W0.5,PK.50.40.C
P2_B01-019,0VHIruTYTTTxcKg5YohOje,IfcGeographicElement,회양목,H0.4 X W0.5,PK.50.40.C
P2_B01-020,1mUY36l6HO_A0BN7rbpJ_W,IfcGeographicElement,회양목,H0.4 X W0.5,PK.50.40.C
P2_B01-021,2i38I4xgLMzBZMhqsSI5Ud,IfcGeographicElement,회양목,H0.4 X W0.5,PK.50.40.C
P2_B01-022,2AFZAlqPTSKBbsoubLeaj5,IfcGeographicElement,회양목,H0.4 X W0.5,PK.50.40.C
P2_B01-023,3mXTX8Q6HLLfasVSVQm1Kk,IfcGeographicElement,회양목,H0.4 X W0.5,PK.50.40.C
P2_B01-024,1HYU0LPCvI$vrqgpBtC7d_,IfcGeographicElement,회양목,H0.4 X W0.5,PK.50.40.C
P2_B01-025,3bJQJiDiDM7QmRG1qt5QLd,IfcGeographicElement,회양목,H0.4 X W0.5,PK.50.40.C
P2_B01-026,3ImQMWszbPDOUTISM$$NMl,IfcGeographicElement,회양목,H0.4 X W0.5,PK.50.40.C
P2_B01-027,0KWlfDxTfQohaUOQcnc73$,IfcGeographicElement,회양목,H0.4 X W0.5,PK.50.40.C
P2_B01-028,28dm_xvPPOzAlk35iXVLnL,IfcGeographicElement,회양목,H0.4 X W0.5,PK.50.40.C
P2_B01-029,38QFzX11nJRAZYpAxZki0q,IfcGeographicElement,회양목,H0.4 X W0.5,PK.50.40.C
P2_B01-030,1psr1n6AXTiepbYNL3e05d,IfcGeographicElement,회양목,H0.4 X W0.5,PK.50.40.C
P2_B01-031,00HqyoMsLO0gSOtdVEIt8J,IfcGeographicElement,회양목,H0.4 X W0.5,PK.50.40.C
P2_B01-032,1qwa6N2e5R8fBY_bCZt5MK,IfcGeographicElement,회양목,H0.4 X W0.5,PK.50.40.C
P2_B01-033,1DpgIZilbP7804Y1KC9tlw,IfcGeographicElement,회양목,H0.4 X W0.5,PK.50.40.C
P2_B01-034,3Ojce$eBTM98jRog6caZa_,IfcGeographicElement,회양목,H0.4 X W0.5,PK.50.40.C
P2_B01-035,0W3nzHvNzVMxUfOTv3jcUl,IfcGeographicElement,회양목,H0.4 X W0.5,PK.50.40.C
P2_B01-036,1iqKe5o$fVUP3gLrtpa5I5,IfcGeographicElement,회양목,H0.4 X W0.5,PK.50.40.C
P2_B01-037,1_gmCT1IzGJRTxf7rG3$m8,IfcGeographicElement,회양목,H0.4 X W0.5,PK.50.40.C
P2_B01-038,0960wVj6fL8fYtFZnmzpHF,IfcGeographicElement,회양목,H0.4 X W0.5,PK.50.40.C
P2_B01-039,3nfutFqbPGFweYz3W7udJH,IfcGeographicElement,회양목,H0.4 X W0.5,PK.50.40.C
P2_B01-040,2BoJNLrmjKg9oJW4gL1lRA,IfcGeographicElement,회양목,H0.4 X W0.5,PK.50.40.C
P2_B01-041,10Jm2hIXTGWuB3qbvsGNGk,IfcGeographicElement,회양목,H0.4 X W0.5,PK.50.40.C
P2_B01-042,0$3AhVBZHUewoEhD$NPcAL,IfcGeographicElement,회양목,H0.4 X W0.5,PK.50.40.C
P2_B01-043,0DI6heqBrGh9_oLpNkOARz,IfcGeographicElement,회양목,H0.4 X W0.5,PK.50.40.C
P2_B01-044,2iDAeYw8fHtPPd42iwXBeY,IfcGeographicElement,회양목,H0.4 X W0.5,PK.50.40.C
P2_B01-045,1KRxNkiAnMKxaWzZZI5ZzT,IfcGeographicElement,회양목,H0.4 X W0.5,PK.50.40.C
P2_B01-046,0Kzx8xtGzLruAOt4ybAhIS,IfcGeographicElement,회양목,H0.4 X W0.5,PK.50.40.C
P2_B01-047,0J494PjOXS1gRM5AbExuVA,IfcGeographicElement,회양목,H0.4 X W0.5,PK.50.40.C
P2_B01-048,2cDDBk8$jVQO48UKV6WzuL,IfcGeographicElement,회양목,H0.4 X W0.5,PK.50.40.C
P2_B01-049,04g2Xc0AfLTAj0qAXnSX4J,IfcGeographicElement,회양목,H0.4 X W0.5,PK.50.40.C
P2_B01-050,3rO35tUG9PKATzQZubieoZ,IfcGeographicElement,회양목,H0.4 X W0.5,PK.50.40.C
P2_B01-051,3xV4f1MX1Lxw0gtDzWgBva,IfcGeographicElement,회양목,H0.4 X W0.5,PK.50.40.C
P2_B01-052,2sBN4BQXTSshFOjFM6ERAs,IfcGeographicElement,회양목,H0.4 X W0.5,PK.50.40.C
P2_B01-053,1ajY79SRvGSh5cvvoEhz3S,IfcGeographicElement,회양목,H0.4 X W0.5,PK.50.40.C
P2_B01-054,3fgYBR$Q9Ngx9QHat3nhpK,IfcGeographicElement,회양목,H0.4 X W0.5,PK.50.40.C
P2_B01-055,23Sbx_2_zUifsTqcHL$L89,IfcGeographicElement,회양목,H0.4 X W0.5,PK.50.40.C
P2_B01-056,395XnGulLH89_eigmczpMo,IfcGeographicElement,회양목,H0.4 X W0.5,PK.50.40.C
P2_B01-057,1R0dyVnPrVABvo25tbiYEB,IfcGeographicElement,회양목,H0.4 X W0.5,PK.50.40.C
P2_B01-058,0$LpI2kc1J8gxZG5bLB5fb,IfcGeographicElement,회양목,H0.4 X W0.5,PK.50.40.C
P2_B01-059,3YnjIpIPDRbhsJ7Ji6IWaj,IfcGeographicElement,회양목,H0.4 X W0.5,PK.50.40.C
P2_B01-060,1lFrzKO2bTI8HXaa4SRk2T,IfcGeographicElement,회양목,H0.4 X W0.5,PK.50.40.C
P2_B01-061,3nU29njE1MaxmEh$sOI3BP,IfcGeographicElement,회양목,H0.4 X W0.5,PK.50.40.C
P2_B01-062,0EOkSRN0rQWuCS16vz7zfI,IfcGeographicElement,회양목,H0.4 X W0.5,PK.50.40.C
P2_B01-063,2m52Od0gzVJevfHNKjqRpj,IfcGeographicElement,회양목,H0.4 X W0.5,PK.50.40.C
P2_B01-064,0XvCGVF51JLhcIvRx0BCUA,IfcGeographicElement,회양목,H0.4 X W0.5,PK.50.40.C
P2_B01-065,2TYYhIYV9TNxG3AlZCmvf8,IfcGeographicElement,회양목,H0.4 X W0.5,PK.50.40.C
P2_B01-066,0TOtWmCkzPyv9Cz4f0e$Lg,IfcGeographicElement,회양목,H0.4 X W0.5,PK.50.40.C
P2_B01-067,3mGKWp07DO6wOgJxWl8mMm,IfcGeographicElement,회양목,H0.4 X W0.5,PK.50.40.C
P2_B01-068,3RmEdSacvNGhmTNagDcbXm,IfcGeographicElement,회양목,H0.4 X W0.5,PK.50.40.C
P2_B01-069,3Y8ZM8XrnLlvaGTHLoifh9,IfcGeographicElement,회양목,H0.4 X W0.5,PK.50.40.C
P2_B01-070,1hku96nQLH784r$ccuajly,IfcGeographicElement,회양목,H0.4 X W0.5,PK.50.40.C
P2_B01-071,15oI82TfHItQn6tvOsGP6R,IfcGeographicElement,회양목,H0.4 X W0.5,PK.50.40.C
P2_B01-072,33PyTiASXPnefZrjcqzYDF,IfcGeographicElement,회양목,H0.4 X W0.5,PK.50.40.C
P2_B01-073,0$3QLzKsXQ6gGCLfRhLRxh,IfcGeographicElement,회양목,H0.4 X W0.5,PK.50.40.C
P2_B01-074,1E5IZPZjjSFOZNCMD$9kIF,IfcGeographicElement,회양목,H0.4 X W0.5,PK.50.40.C
P2_B01-075,3Y5WSVZzjGD9uctUBH6tRc,IfcGeographicElement,회양목,H0.4 X W0.5,PK.50.40.C
P2_B01-076,15IQz0rijRmANeCkhQXxK9,IfcGeographicElement,회양목,H0.4 X W0.5,PK.50.40.C
P2_B01-077,33LHln0ZLRu9fwJkYIoL5M,IfcGeographicElement,회양목,H0.4 X W0.5,PK.50.40.C
P2_B01-078,0vd57zx7XKOxwfQgFFTmZ_,IfcGeographicElement,회양목,H0.4 X W0.5,PK.50.40.C
P2_B01-079,1I7V25gcLQugQN8VMmyr54,IfcGeographicElement,회양목,H0.4 X W0.5,PK.50.40.C
P2_B01-080,1yM8g6kBrR0B4eyCb27xky,IfcGeographicElement,회양목,H0.4 X W0.5,PK.50.40.C
P2_B01-081,1DyxVnh3vIyAJGdNUEvc$j,IfcGeographicElement,회양목,H0.4 X W0.5,PK.50.40.C
P2_Y01-001,0M0iH79kLHGxJ5LaEtPSdE,IfcGeographicElement,영산홍,H0.6 X W0.8,PK.50.40.C
P2_Y01-002,26dTlXDoLUpvUY0_NJbnPa,IfcGeographicElement,영산홍,H0.6 X W0.8,PK.50.40.C
P2_Y01-003,1_QMF7AjTLwxAa6M2esmin,IfcGeographicElement,영산홍,H0.6 X W0.8,PK.50.40.C
P2_Y01-004,27ol26vjjI98uAomxzmXhe,IfcGeographicElement,영산홍,H0.6 X W0.8,PK.50.40.C
P2_Y01-005,0H62th8YfSwBrmUMmKkUdI,IfcGeographicElement,영산홍,H0.6 X W0.8,PK.50.40.C
P2_Y01-006,2sx4PJPELNI9FFyTorSMcU,IfcGeographicElement,영산홍,H0.6 X W0.8,PK.50.40.C
P2_Y01-007,2juDyzDpLKqwUvwlIWmBbp,IfcGeographicElement,영산홍,H0.6 X W0.8,PK.50.40.C
P2_Y01-008,1Spe8uX2fO5eB_i34LUJN4,IfcGeographicElement,영산홍,H0.6 X W0.8,PK.50.40.C
P2_Y01-009,1WV8L4uPTGnBLBHCXujZks,IfcGeographicElement,영산홍,H0.6 X W0.8,PK.50.40.C
P2_Y01-010,3rkGdSLtzGs8BTWe9iym6$,IfcGeographicElement,영산홍,H0.6 X W0.8,PK.50.40.C
P2_Y01-011,0fD$KA1qjItOrT87CcHsIo,IfcGeographicElement,영산홍,H0.6 X W0.8,PK.50.40.C
P2_Y01-012,1qlySKqdTL$wS_umVyqlts,IfcGeographicElement,영산홍,H0.6 X W0.8,PK.50.40.C
P2_Y01-013,0SULF2RtHGmAbm4oVaNZX1,IfcGeographicElement,영산홍,H0.6 X W0.8,PK.50.40.C
P2_Y01-014,1v4XrGxeDKQxXz8e4BXrjo,IfcGeographicElement,영산홍,H0.6 X W0.8,PK.50.40.C
P2_Y01-015,1FM45rqUnI7QVLxZp9XuTX,IfcGeographicElement,영산홍,H0.6 X W0.8,PK.50.40.C
P2_Y01-016,1WAb7piRzK5PWv8Vq19fox,IfcGeographicElement,영산홍,H0.6 X W0.8,PK.50.40.C
P2_Y01-017,0W2V_mPknGlw2xVLh09_Pu,IfcGeographicElement,영산홍,H0.6 X W0.8,PK.50.40.C
P2_Y01-018,2eF$vPKYbVSheIYqySNQuX,IfcGeographicElement,영산홍,H0.6 X W0.8,PK.50.40.C
P2_Y01-019,0UtrvUQr5NrQpWCni3uynJ,IfcGeographicElement,영산홍,H0.6 X W0.8,PK.50.40.C
P2_Y01-020,3Bynax09zRPv0s2q6dEyVb,IfcGeographicElement,영산홍,H0.6 X W0.8,PK.50.40.C
P2_Y01-021,3HcPo0izXVcRSmIHIJA75C,IfcGeographicElement,영산홍,H0.6 X W0.8,PK.50.40.C
P2_Y01-022,2ajIYGPATPvfScuQMYAhsP,IfcGeographicElement,영산홍,H0.6 X W0.8,PK.50.40.C
P2_Y01-023,1VzQIwjKrSO8$WqG7prtgh,IfcGeographicElement,영산홍,H0.6 X W0.8,PK.50.40.C
P2_Y01-024,2EcvYWzO9TzAGtsLrJF2ei,IfcGeographicElement,영산홍,H0.6 X W0.8,PK.50.40.C
P2_Y01-025,2dZQTskgXQmOYCHl$9mxNb,IfcGeographicElement,영산홍,H0.6 X W0.8,PK.50.40.C
P2_Y01-026,0dclXMfkjMLQyAAU4k2dK1,IfcGeographicElement,영산홍,H0.6 X W0.8,PK.50.40.C
P2_Y01-027,3XDphuOCfRHOL6tN$kqRjN,IfcGeographicElement,영산홍,H0.6 X W0.8,PK.50.40.C
P2_Y01-028,0VrfpolUXK1hwTeI6KThaf,IfcGeographicElement,영산홍,H0.6 X W0.8,PK.50.40.C
P2_B02-001,19UnKf3ZTMQfBwHarOCGAY,IfcGeographicElement,회양목,H0.4 X W0.5,PK.50.40.D
P2_B02-002,1KVBzha2fTWx36YZlxFruC,IfcGeographicElement,회양목,H0.4 X W0.5,PK.50.40.D
P2_B02-003,1EK_2fDcfO_xt2TpAHPtWW,IfcGeographicElement,회양목,H0.4 X W0.5,PK.50.40.D
P2_B02-004,26Hr2WtizQhOz5LWnyNFVE,IfcGeographicElement,회양목,H0.4 X W0.5,PK.50.40.D
P2_B02-005,3H0A2HlqXTJRH8_XL5Ozu5,IfcGeographicElement,회양목,H0.4 X W0.5,PK.50.40.D
P2_B02-006,1AouH4RYvJvQ_hvuDBdGBW,IfcGeographicElement,회양목,H0.4 X W0.5,PK.50.40.D
P2_B02-007,0moY_eYEfKGgdIiWoO0O1N,IfcGeographicElement,회양목,H0.4 X W0.5,PK.50.40.D
P2_B02-008,0rDyWfuvHNRw1l$qGsbx4G,IfcGeographicElement,회양목,H0.4 X W0.5,PK.50.40.D
P2_B02-009,3756lQSr5NYurbLUZNgGb9,IfcGeographicElement,회양목,H0.4 X W0.5,PK.50.40.D
P2_B02-010,1qaZEMQ5jInwicnhrMFZhb,IfcGeographicElement,회양목,H0.4 X W0.5,PK.50.40.D
P2_B02-011,0miIjqtkTPJhDUU6saWJPN,IfcGeographicElement,회양목,H0.4 X W0.5,PK.50.40.D
P2_B02-012,2T8B915TXIigfNz$wxZetq,IfcGeographicElement,회양목,H0.4 X W0.5,PK.50.40.D
P2_B02-013,19uBlnQgvMg8Gn_anAYAQ4,IfcGeographicElement,회양목,H0.4 X W0.5,PK.50.40.D
P2_B02-014,2AxRulHYPH$xp15rZ$dbtj,IfcGeographicElement,회양목,H0.4 X W0.5,PK.50.40.D
P2_B02-015,0osYJtEs5Sbgod4deKoahE,IfcGeographicElement,회양목,H0.4 X W0.5,PK.50.40.D
P2_B02-016,2IAkCIY$DUSxNvkQRbEImD,IfcGeographicElement,회양목,H0.4 X W0.5,PK.50.40.D
P2_B02-017,2CCjCsUd5IhvFwiUJt2ajj,IfcGeographicElement,회양목,H0.4 X W0.5,PK.50.40.D
P2_B02-018,3MSPqxHKPPoeuMNt2rxo1M,IfcGeographicElement,회양목,H0.4 X W0.5,PK.50.40.D
P2_B02-019,3MWXbq4V5GuwUE0nASlF8n,IfcGeographicElement,회양목,H0.4 X W0.5,PK.50.40.D
P2_B02-020,3ntOA1hurTSgeIwv2XPgYb,IfcGeographicElement,회양목,H0.4 X W0.5,PK.50.40.D
P2_B02-021,3QRKInOOHMdO6axKABKzpV,IfcGeographicElement,회양목,H0.4 X W0.5,PK.50.40.D
P2_B02-022,0i8jfoPVnVfv66xj_BVgw_,IfcGeographicElement,회양목,H0.4 X W0.5,PK.50.40.D
P2_B02-023,1nQZ7ZgV1HDAtptTHMz60i,IfcGeographicElement,회양목,H0.4 X W0.5,PK.50.40.D
P2_B02-024,0M_STCtu1HHhnwkyyP81xh,IfcGeographicElement,회양목,H0.4 X W0.5,PK.50.40.D
P2_B02-025,1oSsFcVCvNyOLUUbWRbZgn,IfcGeographicElement,회양목,H0.4 X W0.5,PK.50.40.D
P2_B02-026,1lnpOFZEvUW8xp0ueciVA_,IfcGeographicElement,회양목,H0.4 X W0.5,PK.50.40.D
P2_B02-027,0ZQjG$VzTSYR0vPnJIPxHJ,IfcGeographicElement,회양목,H0.4 X W0.5,PK.50.40.D
P2_B02-028,1wFQwB9uTKHOb_VjXq8KhC,IfcGeographicElement,회양목,H0.4 X W0.5,PK.50.40.D
P2_B02-029,0Q01wiuVTKdvE$bhYvVQHE,IfcGeographicElement,회양목,H0.4 X W0.5,PK.50.40.D
P2_B02-030,0wF4F$v7DNBOzCik2mhtXC,IfcGeographicElement,회양목,H0.4 X W0.5,PK.50.40.D
P2_B02-031,1ng29UucXRYfR6dKQy201V,IfcGeographicElement,회양목,H0.4 X W0.5,PK.50.40.D
P2_B02-032,1BLI$XFK5KZPMkmZXIYPWh,IfcGeographicElement,회양목,H0.4 X W0.5,PK.50.40.D
P2_B02-033,3BwmWztm9IoxgYBoH861xH,IfcGeographicElement,회양목,H0.4 X W0.5,PK.50.40.D
P2_B02-034,2wl8HyhinORAerNegojv67,IfcGeographicElement,회양목,H0.4 X W0.5,PK.50.40.D
P2_B02-035,32jPPUosTGIOk4jC$7PxnR,IfcGeographicElement,회양목,H0.4 X W0.5,PK.50.40.D
P2_B02-036,1U8eZd8Y9IoAafZ8E32OmH,IfcGeographicElement,회양목,H0.4 X W0.5,PK.50.40.D
P2_B02-037,10k7kijNjNhQtof38cIO7b,IfcGeographicElement,회양목,H0.4 X W0.5,PK.50.40.D
P2_B02-038,2LEc2EUifTbQJtY3iEOYWj,IfcGeographicElement,회양목,H0.4 X W0.5,PK.50.40.D
P2_B02-039,32f4sEM6zPUuCn6CyfslJs,IfcGeographicElement,회양목,H0.4 X W0.5,PK.50.40.D
P2_B02-040,3C0G2i60HUZ8WzJOc7EyWX,IfcGeographicElement,회양목,H0.4 X W0.5,PK.50.40.D
P2_B02-041,0yW2_Hu7jPOhzN47Q1xuvd,IfcGeographicElement,회양목,H0.4 X W0.5,PK.50.40.D
P2_B02-042,3hpkMCZnXGdQngESO4hMqB,IfcGeographicElement,회양목,H0.4 X W0.5,PK.50.40.D
P2_B02-043,0GnLJ2yh1QtuE9sA7rNiMa,IfcGeographicElement,회양목,H0.4 X W0.5,PK.50.40.D
P2_B02-044,1KdWwm8HrJAv15wyil3PL_,IfcGeographicElement,회양목,H0.4 X W0.5,PK.50.40.D
P2_B02-045,1NM5x5TorRwuWXy_lG0PPJ,IfcGeographicElement,회양목,H0.4 X W0.5,PK.50.40.D
P2_B02-046,3tYcq0cT9Jme$piD2xXBq2,IfcGeographicElement,회양목,H0.4 X W0.5,PK.50.40.D
P2_B02-047,3w5BTXVgnLSxbuLB7c1Y3g,IfcGeographicElement,회양목,H0.4 X W0.5,PK.50.40.D
P2_B02-048,0kPZnZvSfNkxeXAe$cgrUB,IfcGeographicElement,회양목,H0.4 X W0.5,PK.50.40.D
P2_B02-049,0P6O9mAc1RpgqrbCoKwF3Z,IfcGeographicElement,회양목,H0.4 X W0.5,PK.50.40.D
P2_B02-050,1vINH5uGTHTwu$flpzLoJU,IfcGeographicElement,회양목,H0.4 X W0.5,PK.50.40.D
P2_B02-051,3TTHamwC1LO8H7ypRj5Xk2,IfcGeographicElement,회양목,H0.4 X W0.5,PK.50.40.D
P2_B02-052,0jtu5AXVPOsRx5WFqShNd8,IfcGeographicElement,회양목,H0.4 X W0.5,PK.50.40.D
P2_B02-053,2jzq6vuiXNYA4R1lh1PzIy,IfcGeographicElement,회양목,H0.4 X W0.5,PK.50.40.D
P2_B02-054,2s1G$Wr4rNg8o$xNJy_u00,IfcGeographicElement,회양목,H0.4 X W0.5,PK.50.40.D
P2_B02-055,0ta8lLS65LAxCNHCt4vsjx,IfcGeographicElement,회양목,H0.4 X W0.5,PK.50.40.D
P2_B02-056,0Xs7yqxJPL19Bb4D497jGj,IfcGeographicElement,회양목,H0.4 X W0.5,PK.50.40.D
P2_B02-057,1aNixMQATOXg85829s8m4t,IfcGeographicElement,회양목,H0.4 X W0.5,PK.50.40.D
P2_B02-058,398nWdesTVEhQOokSd69OG,IfcGeographicElement,회양목,H0.4 X W0.5,PK.50.40.D
P2_B02-059,2lfN3RvZDMPQlF9DD35mzt,IfcGeographicElement,회양목,H0.4 X W0.5,PK.50.40.D
P2_B02-060,08jbWsA6DIV8HyLVslMvU5,IfcGeographicElement,회양목,H0.4 X W0.5,PK.50.40.D
P2_B02-061,3143Q3woPSLPKGH9LLy36U,IfcGeographicElement,회양목,H0.4 X W0.5,PK.50.40.D
P2_B02-062,10CRIVYRLJvApE4WsWYIQk,IfcGeographicElement,회양목,H0.4 X W0.5,PK.50.40.D
P2_B02-063,0gLcHazYHSeucFRzvIJ8I5,IfcGeographicElement,회양목,H0.4 X W0.5,PK.50.40.D
P2_B02-064,36BAcmQtLSTPHXoYAWTU6Q,IfcGeographicElement,회양목,H0.4 X W0.5,PK.50.40.D
P2_B02-065,1KiPGm0QHIEx_74Sv2lbWq,IfcGeographicElement,회양목,H0.4 X W0.5,PK.50.40.D
P2_B02-066,1NOWCLlVfGR8IHzI37hTen,IfcGeographicElement,회양목,H0.4 X W0.5,PK.50.40.D
P2_B02-067,1baS$714rJP9QjGHaBA5sZ,IfcGeographicElement,회양목,H0.4 X W0.5,PK.50.40.D
P2_B02-068,225WXkW0vJXudtqx51yGFS,IfcGeographicElement,회양목,H0.4 X W0.5,PK.50.40.D
P2_B02-069,3KJfhQ9K1Skw1MzY2KgETp,IfcGeographicElement,회양목,H0.4 X W0.5,PK.50.40.D
P2_B02-070,1FUa76mq1IYO31CSBrZdbc,IfcGeographicElement,회양목,H0.4 X W0.5,PK.50.40.D
P2_B02-071,1eJbEth81VTxpYhBg9QTfu,IfcGeographicElement,회양목,H0.4 X W0.5,PK.50.40.D
P2_B02-072,3vOmWk7GXOXe9l$qV1pMp2,IfcGeographicElement,회양목,H0.4 X W0.5,PK.50.40.D
P2_B02-073,0IpkH07iPG7vLwp62HHiZb,IfcGeographicElement,회양목,H0.4 X W0.5,PK.50.40.D
P2_B02-074,3c8bTdCWLQ7P5DMxBQqNI_,IfcGeographicElement,회양목,H0.4 X W0.5,PK.50.40.D
P2_B02-075,1ZAtG34LPTmQwln5RiEyW$,IfcGeographicElement,회양목,H0.4 X W0.5,PK.50.40.D
P2_B02-076,2YMQMqwhHGywaHPYWOWqWt,IfcGeographicElement,회양목,H0.4 X W0.5,PK.50.40.D
P2_B02-077,0EBiUedKHTEOL3eErFrO4A,IfcGeographicElement,회양목,H0.4 X W0.5,PK.50.40.D
P2_B02-078,3FMjPXsnfGpP0DurOJSLG7,IfcGeographicElement,회양목,H0.4 X W0.5,PK.50.40.D
P2_B02-079,1xEbI2cTrLRheQA84xs8lP,IfcGeographicElement,회양목,H0.4 X W0.5,PK.50.40.D
P2_B02-080,1Z04rRnxvP4O2u8O_axddQ,IfcGeographicElement,회양목,H0.4 X W0.5,PK.50.40.D
P2_B02-081,2XZ_FYS5nSs87P6_RnvUW1,IfcGeographicElement,회양목,H0.4 X W0.5,PK.50.40.D
P2_B02-082,1Hic1QqMrNgB7Gbzcdnm$C,IfcGeographicElement,회양목,H0.4 X W0.5,PK.50.40.D
P2_B02-083,3oZzkHiofJ8ulGxpAgcP9S,IfcGeographicElement,회양목,H0.4 X W0.5,PK.50.40.D
P2_B02-084,1loQVuRNjJyBYb6$AKhAIB,IfcGeographicElement,회양목,H0.4 X W0.5,PK.50.40.D
P2_B02-085,03rDAEfdXITBL6BEpwl1FD,IfcGeographicElement,회양목,H0.4 X W0.5,PK.50.40.D
P2_B02-086,31gWpKOaHTl8v1RSm5nFpZ,IfcGeographicElement,회양목,H0.4 X W0.5,PK.50.40.D
P2_B02-087,1$vnc_buHSh8Q12vn_1WvU,IfcGeographicElement,회양목,H0.4 X W0.5,PK.50.40.D
P2_B02-088,1SbhZrugbVNfSGbjlz_Nbr,IfcGeographicElement,회양목,H0.4 X W0.5,PK.50.40.D
P2_B02-089,2XDc0yDWPMTvIEXaQgoC3c,IfcGeographicElement,회양목,H0.4 X W0.5,PK.50.40.D
P2_B02-090,3M6sWh9PLLZu162WuStDtW,IfcGeographicElement,회양목,H0.4 X W0.5,PK.50.40.D
P2_B02-091,0FaLduJaPMUgYeuzIOxgGb,IfcGeographicElement,회양목,H0.4 X W0.5,PK.50.40.D
P2_B02-092,0jJtCTqUPL3ft9tDBgPtwp,IfcGeographicElement,회양목,H0.4 X W0.5,PK.50.40.D
P2_B02-093,0vzpV254rQa8iHvljY3QM3,IfcGeographicElement,회양목,H0.4 X W0.5,PK.50.40.D
P2_B02-094,0NWhm4jlzHSAkFoIBLPPc_,IfcGeographicElement,회양목,H0.4 X W0.5,PK.50.40.D
P2_B02-095,2wQnHNmDDJNBaiMWQamcJH,IfcGeographicElement,회양목,H0.4 X W0.5,PK.50.40.D
P2_B02-096,3WlWxZ5nrRvOJMOVoAZhhF,IfcGeographicElement,회양목,H0.4 X W0.5,PK.50.40.D
P2_B02-097,39DT_JyjXQqfJAIXNvmD8s,IfcGeographicElement,회양목,H0.4 X W0.5,PK.50.40.D
P2_B02-098,1$jUzLQTvNM96K92TadM6N,IfcGeographicElement,회양목,H0.4 X W0.5,PK.50.40.D
P2_B02-099,2pl_OPPufTjBqa6DXz88LY,IfcGeographicElement,회양목,H0.4 X W0.5,PK.50.40.D
P2_B02-100,17XM_gLujL8OomUALJg9lL,IfcGeographicElement,회양목,H0.4 X W0.5,PK.50.40.D
P2_Y02-001,0JVtOADojS7hS1W3QoHQrZ,IfcGeographicElement,영산홍,H0.6 X W0.8,PK.50.40.D
P2_Y02-002,1LsoqFg0nK2uRcNlusjIon,IfcGeographicElement,영산홍,H0.6 X W0.8,PK.50.40.D
P2_Y02-003,2Sexj69MzKvBuvjK6F_Hgl,IfcGeographicElement,영산홍,H0.6 X W0.8,PK.50.40.D
P2_Y02-004,2R0yu1MGbNtR_2d3QfJwMi,IfcGeographicElement,영산홍,H0.6 X W0.8,PK.50.40.D
P2_Y02-005,3zqIKwKubSrAmC3blv_Mbv,IfcGeographicElement,영산홍,H0.6 X W0.8,PK.50.40.D
P2_Y02-006,39pPyKY21OkODw1Q4FuXSt,IfcGeographicElement,영산홍,H0.6 X W0.8,PK.50.40.D
P2_Y02-007,0ObqtzWTfOifnZ3j_cQp4J,IfcGeographicElement,영산홍,H0.6 X W0.8,PK.50.40.D
P2_Y02-008,3Ru$i9$HbJLgSOsCGag0V9,IfcGeographicElement,영산홍,H0.6 X W0.8,PK.50.40.D
P2_Y02-009,01LVPZcrDSBR9URD8oVazO,IfcGeographicElement,영산홍,H0.6 X W0.8,PK.50.40.D
P2_Y02-010,0NTWbxatLP$e8VALcJ$XpY,IfcGeographicElement,영산홍,H0.6 X W0.8,PK.50.40.D
P2_Y02-011,3oWsssxDXMGxJC1j_U$Dyv,IfcGeographicElement,영산홍,H0.6 X W0.8,PK.50.40.D
P2_Y02-012,3$GPjaFUXL2gRwwiHXm2df,IfcGeographicElement,영산홍,H0.6 X W0.8,PK.50.40.D
P2_Y02-013,3EF_TcXnHM8Ojrqqx03_rF,IfcGeographicElement,영산홍,H0.6 X W0.8,PK.50.40.D
P2_Y02-014,1yYRr2xpnOwuq$NdZFsYPG,IfcGeographicElement,영산홍,H0.6 X W0.8,PK.50.40.D
P2_Y02-015,2JN3EuDlLSeBIf5HIpLJtj,IfcGeographicElement,영산홍,H0.6 X W0.8,PK.50.40.D
P2_Y02-016,1OYSoeUQ5RzOGtrHgtmYnS,IfcGeographicElement,영산홍,H0.6 X W0.8,PK.50.40.D
P2_Y02-017,2c1CHqqMLRfe8Y28ZFn4gn,IfcGeographicElement,영산홍,H0.6 X W0.8,PK.50.40.D
P2_Y02-018,15IwRwXqTJBuW5B6QRcDj8,IfcGeographicElement,영산홍,H0.6 X W0.8,PK.50.40.D
P2_Y02-019,1Ns8vKXNfP78XSGTX7iaDs,IfcGeographicElement,영산홍,H0.6 X W0.8,PK.50.40.D
P2_Y02-020,2_3vAWn9bNowZpZiHOLxeV,IfcGeographicElement,영산홍,H0.6 X W0.8,PK.50.40.D
P2_Y02-021,25xw$VhJTLhRfJD5ABoEez,IfcGeographicElement,영산홍,H0.6 X W0.8,PK.50.40.D
P2_Y02-022,3Oc_Hmf8XVOuRXsZMCk2kH,IfcGeographicElement,영산홍,H0.6 X W0.8,PK.50.40.D
P2_Y02-023,1Im09dCY5JnezJZEi_FXYx,IfcGeographicElement,영산홍,H0.6 X W0.8,PK.50.40.D
P2_Y02-024,1jlEfXfujRzPg7k_llNDFU,IfcGeographicElement,영산홍,H0.6 X W0.8,PK.50.40.D
P2_Y02-025,3mKsy9WGLHhQAl4K$mucsx,IfcGeographicElement,영산홍,H0.6 X W0.8,PK.50.40.D
P2_Y02-026,31cj4S_$LRuwePS_L6i34u,IfcGeographicElement,영산홍,H0.6 X W0.8,PK.50.40.D
P2_Y02-027,2JFViFIPPOLwDYoNl3Ue5O,IfcGeographicElement,영산홍,H0.6 X W0.8,PK.50.40.D
P2_Y02-028,0moiyqRenMixd9T7rLzuVr,IfcGeographicElement,영산홍,H0.6 X W0.8,PK.50.40.D
P2_Y02-029,2hM8uYj31M5BI3pAHJ8skq,IfcGeographicElement,영산홍,H0.6 X W0.8,PK.50.40.D
P2_Y02-030,0FRI3iQWnME9NDbKB__$D0,IfcGeographicElement,영산홍,H0.6 X W0.8,PK.50.40.D
P2_Y02-031,2GHMfSDXvSEgtkmQd329S8,IfcGeographicElement,영산홍,H0.6 X W0.8,PK.50.40.D
P2_Y02-032,1AoZsLYl5Q0hmHB2fSQf_W,IfcGeographicElement,영산홍,H0.6 X W0.8,PK.50.40.D
P2_R01-001,34ulYXPovGuvno_D$XFegX,IfcGeographicElement,산철쭉,H0.8 X W0.8,PK.50.40.C
P2_R01-002,1cvTK9urHKnu$zZjQ2sFfw,IfcGeographicElement,산철쭉,H0.8 X W0.8,PK.50.40.C
P2_R01-003,1rjzjktWPO_ht0nz5QtjeE,IfcGeographicElement,산철쭉,H0.8 X W0.8,PK.50.40.C
P2_R01-004,2r51_iq4bKnPlE9sqpUqoR,IfcGeographicElement,산철쭉,H0.8 X W0.8,PK.50.40.C
P2_R01-005,1Zgn2DhfPUzwweUppN2387,IfcGeographicElement,산철쭉,H0.8 X W0.8,PK.50.40.C
P2_R01-006,0gexFRWHXTduhdHPh40J4T,IfcGeographicElement,산철쭉,H0.8 X W0.8,PK.50.40.C
P2_R01-007,3hyV3b0APPJO_CYT5$v69y,IfcGeographicElement,산철쭉,H0.8 X W0.8,PK.50.40.C
P2_R01-008,32ls88HS5IPf8nSm8eIwEB,IfcGeographicElement,산철쭉,H0.8 X W0.8,PK.50.40.C
P2_R01-009,323oyGiZnMG8r11uZdngRm,IfcGeographicElement,산철쭉,H0.8 X W0.8,PK.50.40.C
P2_R01-010,3Af2f8awbSOAE$DF7T0tF6,IfcGeographicElement,산철쭉,H0.8 X W0.8,PK.50.40.C
P2_R01-011,0ga7TB7urPGQdYwUtFDAjx,IfcGeographicElement,산철쭉,H0.8 X W0.8,PK.50.40.C
P2_R01-012,3gCHXs9dzR78PoqSIvTpBk,IfcGeographicElement,산철쭉,H0.8 X W0.8,PK.50.40.C
P2_R01-013,2_CgA_MhzLOAsi7zlbvaaJ,IfcGeographicElement,산철쭉,H0.8 X W0.8,PK.50.40.C
P2_R01-014,1gnYxaYJHKQRIOvR1xOWZl,IfcGeographicElement,산철쭉,H0.8 X W0.8,PK.50.40.C
P2_R01-015,1OI$3vILTRRxtrcl5u7oyQ,IfcGeographicElement,산철쭉,H0.8 X W0.8,PK.50.40.C
P2_R01-016,08e7y0F7fMVhOgtu6CF4HK,IfcGeographicElement,산철쭉,H0.8 X W0.8,PK.50.40.C
P2_R01-017,2_m2dh5avJa9_2JJTH0pTX,IfcGeographicElement,산철쭉,H0.8 X W0.8,PK.50.40.C
P2_R01-018,0ldfJQOjLIngfGZzpTyFTy,IfcGeographicElement,산철쭉,H0.8 X W0.8,PK.50.40.C
P2_R01-019,1hl3UMoEPQN89AxITB7mGu,IfcGeographicElement,산철쭉,H0.8 X W0.8,PK.50.40.C
P2_R01-020,3i3wLaXUDMredYAlOY9F0k,IfcGeographicElement,산철쭉,H0.8 X W0.8,PK.50.40.C
P2_R01-021,3gphtraivHahGtnlxwjjNE,IfcGeographicElement,산철쭉,H0.8 X W0.8,PK.50.40.C
P2_R01-022,2KXEplgyTPzvzIFHcY7gFr,IfcGeographicElement,산철쭉,H0.8 X W0.8,PK.50.40.C
P2_R01-023,27C7q4w_LOC89tM6Xiuscj,IfcGeographicElement,산철쭉,H0.8 X W0.8,PK.50.40.C
P2_R01-024,2THjCFSbrUIv6enfxnLxJm,IfcGeographicElement,산철쭉,H0.8 X W0.8,PK.50.40.C
P2_R01-025,05x49oePTNeOEPoL$RGSUX,IfcGeographicElement,산철쭉,H0.8 X W0.8,PK.50.40.C
P2_R01-026,0rM4OtEIDKcOWMvSOYNi1d,IfcGeographicElement,산철쭉,H0.8 X W0.8,PK.50.40.C
P2_R01-027,0QAd_0xmPLlv4oUnbEoW8z,IfcGeographicElement,산철쭉,H0.8 X W0.8,PK.50.40.C
P2_R01-028,2bzteFUL5Jh8p3umlmiSJI,IfcGeographicElement,산철쭉,H0.8 X W0.8,PK.50.40.C
P2_R01-029,2HIyy4yFfPUOO3cvTFL8OS,IfcGeographicElement,산철쭉,H0.8 X W0.8,PK.50.40.C
P2_R01-030,2k_nNN54fRDRooR81SHtTM,IfcGeographicElement,산철쭉,H0.8 X W0.8,PK.50.40.C
P2_R01-031,24vyN2olzRyOo5SIhvn9db,IfcGeographicElement,산철쭉,H0.8 X W0.8,PK.50.40.C
P2_R01-032,2jHcT9gU1KqBdMgzBJijpl,IfcGeographicElement,산철쭉,H0.8 X W0.8,PK.50.40.C
P2_R01-033,0WE7CH_svHEwu__Y_yFh7c,IfcGeographicElement,산철쭉,H0.8 X W0.8,PK.50.40.C
P2_R01-034,0sqCSW6VbKWwOzemvAHx4f,IfcGeographicElement,산철쭉,H0.8 X W0.8,PK.50.40.C
P2_R01-035,2UtYM$4UjPBgdtcl805iSg,IfcGeographicElement,산철쭉,H0.8 X W0.8,PK.50.40.C
P2_R01-036,3UhjmgyvzLGe4E1xpaT281,IfcGeographicElement,산철쭉,H0.8 X W0.8,PK.50.40.C
P2_R01-037,332da6BW9T7hgBDCyG$qIB,IfcGeographicElement,산철쭉,H0.8 X W0.8,PK.50.40.C
P2_R01-038,3X_rUDE$XGaBKeWbaVk_Mn,IfcGeographicElement,산철쭉,H0.8 X W0.8,PK.50.40.C
P2_R01-039,3OOfrZ5IvK5v8UUZL9DMSy,IfcGeographicElement,산철쭉,H0.8 X W0.8,PK.50.40.C
P2_R01-040,22VR0GGFnLHwHwsrZkp8hU,IfcGeographicElement,산철쭉,H0.8 X W0.8,PK.50.40.C
P2_R01-041,0hsfchUavJkv9jOPB5RNEC,IfcGeographicElement,산철쭉,H0.8 X W0.8,PK.50.40.C
P2_R01-042,04qRRWAcTO_gwFwfM5jaMj,IfcGeographicElement,산철쭉,H0.8 X W0.8,PK.50.40.C
P2_R01-043,1b5YLbJRfHkxMeideaf$tb,IfcGeographicElement,산철쭉,H0.8 X W0.8,PK.50.40.C
P2_R01-044,1cXU67b01RBwWlQ0sIjF8q,IfcGeographicElement,산철쭉,H0.8 X W0.8,PK.50.40.C
P2_R01-045,2lhYeSKxnKyeF01tkamezD,IfcGeographicElement,산철쭉,H0.8 X W0.8,PK.50.40.C
P2_R01-046,1iB4cfnWvQUgU40c96NSeb,IfcGeographicElement,산철쭉,H0.8 X W0.8,PK.50.40.C
P2_R01-047,1i1CVDVVTOPg96a5YMDbRW,IfcGeographicElement,산철쭉,H0.8 X W0.8,PK.50.40.C
P2_Y03-001,3_rpQllVbOKfblemkjIv1I,IfcGeographicElement,영산홍,H0.6 X W0.8,PK.50.40.C
P2_Y03-002,2TEQw3VtHRJOvGuL3w7icu,IfcGeographicElement,영산홍,H0.6 X W0.8,PK.50.40.C
P2_Y03-003,1jNJ1$M$9HSeb8WpIsSwlG,IfcGeographicElement,영산홍,H0.6 X W0.8,PK.50.40.C
P2_Y03-004,0XX$FtAyjGVgnbgQJEWSin,IfcGeographicElement,영산홍,H0.6 X W0.8,PK.50.40.C
P2_Y03-005,2R1garEgzJqQdDOxL4EGZd,IfcGeographicElement,영산홍,H0.6 X W0.8,PK.50.40.C
P2_Y03-006,2xeA4GoC1MrxClbzjvQpFg,IfcGeographicElement,영산홍,H0.6 X W0.8,PK.50.40.C
P2_Y03-007,1SRa8RzgfRkxR207mDqr$c,IfcGeographicElement,영산홍,H0.6 X W0.8,PK.50.40.C
P2_Y03-008,3Oam7eeNHQR8tsNmWH62G3,IfcGeographicElement,영산홍,H0.6 X W0.8,PK.50.40.C
P2_Y03-009,1lFlgqWz5RIwOAfsPpjM0S,IfcGeographicElement,영산홍,H0.6 X W0.8,PK.50.40.C
P2_Y03-010,1WZE4OrrPPwBEzCUJ5zZ_w,IfcGeographicElement,영산홍,H0.6 X W0.8,PK.50.40.C
P2_Y03-011,1wmWB5nmDSegOMAHezrpBG,IfcGeographicElement,영산홍,H0.6 X W0.8,PK.50.40.C
P2_Y03-012,2cPvD2fnvR0h2_hIa1ZYZ$,IfcGeographicElement,영산홍,H0.6 X W0.8,PK.50.40.C
P2_Y03-013,1MXInfX6HOw9g5nFD7NE9T,IfcGeographicElement,영산홍,H0.6 X W0.8,PK.50.40.C
P2_Y03-014,0FJDb0HT1NLOeuAkLS$260,IfcGeographicElement,영산홍,H0.6 X W0.8,PK.50.40.C
P2_Y03-015,0TZ2bvMiXRYRpKUnAIi8dU,IfcGeographicElement,영산홍,H0.6 X W0.8,PK.50.40.C
P2_Y03-016,14dhcChK5N4O5dYSVcfWZV,IfcGeographicElement,영산홍,H0.6 X W0.8,PK.50.40.C
P2_Y03-017,1U2sW7_UzLGOQZcg_mbc6L,IfcGeographicElement,영산홍,H0.6 X W0.8,PK.50.40.C
P2_Y03-018,0wxp2FKufGF9CgIHqG7vIV,IfcGeographicElement,영산홍,H0.6 X W0.8,PK.50.40.C
P2_Y03-019,2Qhob$ZwrGhhJeaab6lk4r,IfcGeographicElement,영산홍,H0.6 X W0.8,PK.50.40.C
P2_Y03-020,2CRwX2vYrHxuBb_d74xVNu,IfcGeographicElement,영산홍,H0.6 X W0.8,PK.50.40.C
P2_Y03-021,0X6IVkqYvHOArC0TbYZ6Ky,IfcGeographicElement,영산홍,H0.6 X W0.8,PK.50.40.C
P2_Y03-022,2Een$xhZLQtBprPRjXwSrK,IfcGeographicElement,영산홍,H0.6 X W0.8,PK.50.40.C
P2_Y03-023,3r7QguALTTHOEkw4oViYzi,IfcGeographicElement,영산홍,H0.6 X W0.8,PK.50.40.C
P2_Y03-024,13G5qfv5LLFfJlpK6KhaB5,IfcGeographicElement,영산홍,H0.6 X W0.8,PK.50.40.C
P2_Y03-025,3FFY3dSpDQdwABK7vkCFjD,IfcGeographicElement,영산홍,H0.6 X W0.8,PK.50.40.C
P2_R02-001,0NOcLDmK1RyxPPku_YxLvo,IfcGeographicElement,산철쭉,H0.8 X W0.8,PK.50.40.A
P2_R02-002,2pUS92w95TcRN8FxZC6Yof,IfcGeographicElement,산철쭉,H0.8 X W0.8,PK.50.40.A
P2_R02-003,2S35Jn_yHKlfgu77aNwLSO,IfcGeographicElement,산철쭉,H0.8 X W0.8,PK.50.40.A
P2_R02-004,389TMcoWHIEBW0hGct0HR1,IfcGeographicElement,산철쭉,H0.8 X W0.8,PK.50.40.A
P2_R02-005,1lJgl9NtDH$9x6IJ6ddIjm,IfcGeographicElement,산철쭉,H0.8 X W0.8,PK.50.40.A
P2_R02-006,3Cc4KmW_XVrPrfzYR1K5G4,IfcGeographicElement,산철쭉,H0.8 X W0.8,PK.50.40.A
P2_R02-007,0rzb2RswjPQeFd7CYSFE8f,IfcGeographicElement,산철쭉,H0.8 X W0.8,PK.50.40.A
P2_R02-008,3l3AV1eEzHeuBHUFaFYcdc,IfcGeographicElement,산철쭉,H0.8 X W0.8,PK.50.40.A
P2_R02-009,1VOQ1x1_9JoPUFPRbU8s53,IfcGeographicElement,산철쭉,H0.8 X W0.8,PK.50.40.A
P2_R02-010,3Uj3o9yqzNPeYVitmK5Vfd,IfcGeographicElement,산철쭉,H0.8 X W0.8,PK.50.40.A
P2_R02-011,2e0VzmrqHUvvc7SFUf0epD,IfcGeographicElement,산철쭉,H0.8 X W0.8,PK.50.40.A
P2_R02-012,3_9O9H6q9PPgqYf5wFk2v_,IfcGeographicElement,산철쭉,H0.8 X W0.8,PK.50.40.A
P2_R02-013,3mKluvyzHGxOUE$H1Cpzgk,IfcGeographicElement,산철쭉,H0.8 X W0.8,PK.50.40.A
P2_R02-014,1vzNIh6RvSUgetsWoedXlG,IfcGeographicElement,산철쭉,H0.8 X W0.8,PK.50.40.A
P2_R02-015,1JXzoiQubQox9fxIN3wiXz,IfcGeographicElement,산철쭉,H0.8 X W0.8,PK.50.40.A
P2_R02-016,2$_yfp4JzNGPUVHrfXtTmE,IfcGeographicElement,산철쭉,H0.8 X W0.8,PK.50.40.A
P2_R02-017,20A6phFRHS1xAG_Blm5BKx,IfcGeographicElement,산철쭉,H0.8 X W0.8,PK.50.40.A
P2_R02-018,1ewi3oDerSCQlcciN_MjN8,IfcGeographicElement,산철쭉,H0.8 X W0.8,PK.50.40.A
P2_R02-019,3pH_owQJzU9OnhVDeJowdf,IfcGeographicElement,산철쭉,H0.8 X W0.8,PK.50.40.A
P2_R02-020,3jr$ki6TTNPfLiWWseG7UI,IfcGeographicElement,산철쭉,H0.8 X W0.8,PK.50.40.A
P2_R02-021,1I7iduzYTSOPl8fx_RCCb8,IfcGeographicElement,산철쭉,H0.8 X W0.8,PK.50.40.A
P2_R02-022,1T87eT6F1I_x6ntrAvvkJW,IfcGeographicElement,산철쭉,H0.8 X W0.8,PK.50.40.A
P2_R02-023,1GEAIBrLTLSBDG949FaBgK,IfcGeographicElement,산철쭉,H0.8 X W0.8,PK.50.40.A
P2_R02-024,3L66KKSsjGTOIx$9D080Qj,IfcGeographicElement,산철쭉,H0.8 X W0.8,PK.50.40.A
P2_R02-025,1rSoEKOrrLjuNJASoUyFow,IfcGeographicElement,산철쭉,H0.8 X W0.8,PK.50.40.A
P2_R02-026,0BzQ9BbffTyBTLA9XolhG9,IfcGeographicElement,산철쭉,H0.8 X W0.8,PK.50.40.A
P2_R02-027,2a4oM_B1jVRvQEICrE13ac,IfcGeographicElement,산철쭉,H0.8 X W0.8,PK.50.40.A
P2_R02-028,2MZHCh7srU$90y796R7mKN,IfcGeographicElement,산철쭉,H0.8 X W0.8,PK.50.40.A
P2_R02-029,03LXHLDYrLZgRBgt0B5ug8,IfcGeographicElement,산철쭉,H0.8 X W0.8,PK.50.40.A
P2_R02-030,1zL4l49J9PqRnIo1mhZOOI,IfcGeographicElement,산철쭉,H0.8 X W0.8,PK.50.40.A
P2_R02-031,0OqzYadAPSUAYA3yEYUJ1M,IfcGeographicElement,산철쭉,H0.8 X W0.8,PK.50.40.A
P2_R02-032,3wMGywESHNDOQ1KiHQj481,IfcGeographicElement,산철쭉,H0.8 X W0.8,PK.50.40.A
P2_R02-033,3Of1Dvci5RLQ9IA5Gub4d3,IfcGeographicElement,산철쭉,H0.8 X W0.8,PK.50.40.A
P2_R02-034,1_3C2MWYLMn9MPKc_h9ZV9,IfcGeographicElement,산철쭉,H0.8 X W0.8,PK.50.40.A
P2_R02-035,1FXdfD74LKYB5fvlt5e0TW,IfcGeographicElement,산철쭉,H0.8 X W0.8,PK.50.40.A
P2_R02-036,1TK0P9WcnSbwTGrPPbGgaT,IfcGeographicElement,산철쭉,H0.8 X W0.8,PK.50.40.A
P2_R02-037,3HrU74XFTHphBe9TQaaRrP,IfcGeographicElement,산철쭉,H0.8 X W0.8,PK.50.40.A
P2_Y04-001,3m64OmMfjGNPiNnBM6wcB9,IfcGeographicElement,영산홍,H0.6 X W0.8,PK.50.40.A
P2_Y04-002,2N2DTb7$9MtQDkuUWmZZVJ,IfcGeographicElement,영산홍,H0.6 X W0.8,PK.50.40.A
P2_Y04-003,2223tC855On8C4DJOXMAb4,IfcGeographicElement,영산홍,H0.6 X W0.8,PK.50.40.A
P2_Y04-004,1Y$UmqWWbHePd3AaNu64oU,IfcGeographicElement,영산홍,H0.6 X W0.8,PK.50.40.A
P2_Y04-005,1bCFD0MNDGmeTZbv72uOft,IfcGeographicElement,영산홍,H0.6 X W0.8,PK.50.40.A
P2_Y04-006,3lbQlQ9L5PzxF9CfV5fscz,IfcGeographicElement,영산홍,H0.6 X W0.8,PK.50.40.A
P2_Y04-007,3494JPDYbO9ffLV8cpEcCq,IfcGeographicElement,영산홍,H0.6 X W0.8,PK.50.40.A
P2_Y04-008,1qka4H2MHQmgZcr$Wv7MqY,IfcGeographicElement,영산홍,H0.6 X W0.8,PK.50.40.A
P2_Y04-009,2NCSPis6zQYPR7qpl_zWSD,IfcGeographicElement,영산홍,H0.6 X W0.8,PK.50.40.A
P2_Y04-010,0le66vJSXQSwp_suDFHCJN,IfcGeographicElement,영산홍,H0.6 X W0.8,PK.50.40.A
P2_Y04-011,1f_o1rDufVhxlde8Y$Es93,IfcGeographicElement,영산홍,H0.6 X W0.8,PK.50.40.A
P2_Y04-012,3C7_j1JBLNIftrCPFEfgqj,IfcGeographicElement,영산홍,H0.6 X W0.8,PK.50.40.A
P2_Y04-013,0O9WTXxLbNkRHG3MVkOsH8,IfcGeographicElement,영산홍,H0.6 X W0.8,PK.50.40.A
P2_Y04-014,0invy$IxDIxOnUb6CaC_HX,IfcGeographicElement,영산홍,H0.6 X W0.8,PK.50.40.A
P2_Y04-015,1MXI1PwuLIifHD3$ftKd7Q,IfcGeographicElement,영산홍,H0.6 X W0.8,PK.50.40.A
P2_Y04-016,0dK$Y7nzXIq9bjnqXx4o$6,IfcGeographicElement,영산홍,H0.6 X W0.8,PK.50.40.A
P2_Y04-017,1s3bfjxHfOWwZyu8YdOjfg,IfcGeographicElement,영산홍,H0.6 X W0.8,PK.50.40.A
P2_Y04-018,3GXVorGNLHmfI6vvmqAnw2,IfcGeographicElement,영산홍,H0.6 X W0.8,PK.50.40.A
P2_Y04-019,0iEsXvz0LLf9xvmTZ90clT,IfcGeographicElement,영산홍,H0.6 X W0.8,PK.50.40.A
P2_Y04-020,3gf8DQCLDKzuWiKIaIv5Ff,IfcGeographicElement,영산홍,H0.6 X W0.8,PK.50.40.A
P2_Y04-021,1qrELowbjKMuaYxPZuRof1,IfcGeographicElement,영산홍,H0.6 X W0.8,PK.50.40.A
P2_Y04-022,0wszkpkMjJ2QnmvAFMuvs5,IfcGeographicElement,영산홍,H0.6 X W0.8,PK.50.40.A
P2_Y04-023,1$lgYtyVDGlPcqJTd0WJf_,IfcGeographicElement,영산홍,H0.6 X W0.8,PK.50.40.A
P2_Y04-024,3EjK6IReLIqee0389T0RiS,IfcGeographicElement,영산홍,H0.6 X W0.8,PK.50.40.A
P2_Y04-025,0ld97vuUjNqfxU89NDzJYC,IfcGeographicElement,영산홍,H0.6 X W0.8,PK.50.40.A
P2_Y04-026,1B_7v0fQDL_eLewYpD3tcj,IfcGeographicElement,영산홍,H0.6 X W0.8,PK.50.40.A
P2_Y05-001,0ZPSUhGmPMIudE7R8_GL_L,IfcGeographicElement,영산홍,H0.6 X W0.8,PK.50.40.D
P2_Y05-002,22pnxWVNbMRuTUu0s8Ju5R,IfcGeographicElement,영산홍,H0.6 X W0.8,PK.50.40.D
P2_Y05-003,0fONKxQ49V$Aex60nCOkZ2,IfcGeographicElement,영산홍,H0.6 X W0.8,PK.50.40.D
P2_Y05-004,1pGR17_lLQfB5Dhng8iwoT,IfcGeographicElement,영산홍,H0.6 X W0.8,PK.50.40.B
P2_Y05-005,1D5lnKnWXTDBVP2qySqGv0,IfcGeographicElement,영산홍,H0.6 X W0.8,PK.50.40.B
P2_Y05-006,1O0jda4YbRFgQGMfI$OWEL,IfcGeographicElement,영산홍,H0.6 X W0.8,PK.50.40.B
P2_Y05-007,3UM1qnkubLlhT31RGncCLg,IfcGeographicElement,영산홍,H0.6 X W0.8,PK.50.40.B
P2_Y05-008,3PU_XRvK9Qjw_DaqpcA$jW,IfcGeographicElement,영산홍,H0.6 X W0.8,PK.50.40.B
P2_Y05-009,0nI6IK7wzJmfh_ezfkphcl,IfcGeographicElement,영산홍,H0.6 X W0.8,PK.50.40.B
P2_Y05-010,3nSKUZE6jL28f9dSelLaE_,IfcGeographicElement,영산홍,H0.6 X W0.8,PK.50.40.B
P2_Y05-011,3WJL5_TWXSiA4Ld7l3o6kb,IfcGeographicElement,영산홍,H0.6 X W0.8,PK.50.40.B
P2_Y05-012,0Dt9b8EV1K0xJ2Prg3Ngih,IfcGeographicElement,영산홍,H0.6 X W0.8,PK.50.40.B
P2_Y05-013,3e09vQxibUqvML_82cDGu_,IfcGeographicElement,영산홍,H0.6 X W0.8,PK.50.40.B
P2_Y05-014,2tBDQYDoDLWhZPYWzXywsr,IfcGeographicElement,영산홍,H0.6 X W0.8,PK.50.40.B
P2_Y05-015,0pBJHhvLPJoxHa5XOCA2Ig,IfcGeographicElement,영산홍,H0.6 X W0.8,PK.50.40.B
P2_Y05-016,3ZKaHgWUrKGv9MTIMhEPQW,IfcGeographicElement,영산홍,H0.6 X W0.8,PK.50.40.B
P2_Y05-017,3fcLH6agDMXQPNZ7FJAJRb,IfcGeographicElement,영산홍,H0.6 X W0.8,PK.50.40.B
P2_Y05-018,2u7Y7cJeTGt9L_Tben6QhV,IfcGeographicElement,영산홍,H0.6 X W0.8,PK.50.40.B
P2_Y05-019,3_puH7FpTTFuG_5qU1BM5I,IfcGeographicElement,영산홍,H0.6 X W0.8,PK.50.40.B
P2_Y05-020,3u8OqC_5jK2xza4MoOIPbS,IfcGeographicElement,영산홍,H0.6 X W0.8,PK.50.40.B
P2_Y05-021,2Qmyd5yI1PrhwwBi2TCVRO,IfcGeographicElement,영산홍,H0.6 X W0.8,PK.50.40.B
P2_Y05-022,3l7096eBPG3hMmb5xUCVPN,IfcGeographicElement,영산홍,H0.6 X W0.8,PK.50.40.B
P2_Y05-023,1Yxig0mVXOTgwwJ2EkaXsU,IfcGeographicElement,영산홍,H0.6 X W0.8,PK.50.40.B
P2_Y05-024,13D3MjA$1Qffje1Cm8iEfR,IfcGeographicElement,영산홍,H0.6 X W0.8,PK.50.40.B
P2_Y05-025,3Tqb34$x1JEPiYpqmuTJTt,IfcGeographicElement,영산홍,H0.6 X W0.8,PK.50.40.B
P2_Y05-026,07aXnrCvrORwKh8ZTb6QTH,IfcGeographicElement,영산홍,H0.6 X W0.8,PK.50.40.B
P2_Y05-027,2P3TeYJXLQrePyG1iAR7sf,IfcGeographicElement,영산홍,H0.6 X W0.8,PK.50.40.B
P2_Y05-028,3FiIGnQZLM49W8b6lmwsNn,IfcGeographicElement,영산홍,H0.6 X W0.8,PK.50.40.B
P2_Y05-029,0_DoRG62rJ8v$6tcBCUnG1,IfcGeographicElement,영산홍,H0.6 X W0.8,PK.50.40.B
P2_Y05-030,32WmS1wIjSzvFV9j2zXe5M,IfcGeographicElement,영산홍,H0.6 X W0.8,PK.50.40.B
P2_Y05-031,1X8sDXN7TL5hElMgbb6SQj,IfcGeographicElement,영산홍,H0.6 X W0.8,PK.50.40.B
P2_Y05-032,1JBJ$CL4HJTfr_ieTYIgHe,IfcGeographicElement,영산홍,H0.6 X W0.8,PK.50.40.B
P2_Y05-033,2KCFH38IbOOw4J0v0p8stq,IfcGeographicElement,영산홍,H0.6 X W0.8,PK.50.40.B
P2_Y05-034,18XPcFJw5QS9t994ykkanS,IfcGeographicElement,영산홍,H0.6 X W0.8,PK.50.40.B
P2_Y05-035,0mLhjF4PTO2PpeN17M_tkR,IfcGeographicElement,영산홍,H0.6 X W0.8,PK.50.40.B
P2_Y05-036,1DTxx2vZ1TBQ60HPkPaUiE,IfcGeographicElement,영산홍,H0.6 X W0.8,PK.50.40.B
P2_Y05-037,0HhNQN3dzU9giGliwsED4O,IfcGeographicElement,영산홍,H0.6 X W0.8,PK.50.40.B
P2_Y05-038,0kqPkEbfTQ2AlGqvLboRUX,IfcGeographicElement,영산홍,H0.6 X W0.8,PK.50.40.B
P2_Y05-039,1NSY5$sCzNGRsbkGTn8VUX,IfcGeographicElement,영산홍,H0.6 X W0.8,PK.50.40.B
P2_Y05-040,2Ty8LlMcnJGhojPT1OKsxH,IfcGeographicElement,영산홍,H0.6 X W0.8,PK.50.40.B
P2_Y05-041,1VsfqHxaTTu8c_bzHG_oCw,IfcGeographicElement,영산홍,H0.6 X W0.8,PK.50.40.B
P2_Y05-042,1eAJARv9jNNOoA0mdqLyDp,IfcGeographicElement,영산홍,H0.6 X W0.8,PK.50.40.B
P2_Y05-043,0udROiGCLNeh4$2N$oyiXz,IfcGeographicElement,영산홍,H0.6 X W0.8,PK.50.40.B
P2_Y05-044,1mSEqAolHQog3Up$NIirSw,IfcGeographicElement,영산홍,H0.6 X W0.8,PK.50.40.B
P2_Y05-045,0iZTr0EQ1K5B631ba9Nif_,IfcGeographicElement,영산홍,H0.6 X W0.8,PK.50.40.B
P2_Y05-046,0zr12AOhLLX9hRzf_z7WWP,IfcGeographicElement,영산홍,H0.6 X W0.8,PK.50.40.B
P2_Y05-047,25W_jDA21RaeK1rJM5MQ92,IfcGeographicElement,영산홍,H0.6 X W0.8,PK.50.40.B
P2_Y05-048,1NpaDk49rKAwaq$6SOMJ21,IfcGeographicElement,영산홍,H0.6 X W0.8,PK.50.40.B
P2_S01-001,2JyKjlBSXOcO5cuCq3dnkQ,IfcGeographicElement,조팝나무,H1.0 X W0.5,PK.50.40.D
P2_S01-002,0Rtiubi8XK2O80exATHVbN,IfcGeographicElement,조팝나무,H1.0 X W0.5,PK.50.40.D
P2_S01-003,0EjZLAGHPLuBanm2d6ONIz,IfcGeographicElement,조팝나무,H1.0 X W0.5,PK.50.40.B
P2_S01-004,0Tr1YU8YfINPwtuA2wc7ao,IfcGeographicElement,조팝나무,H1.0 X W0.5,PK.50.40.B
P2_S01-005,28lJOQOb5QAxtJA6WBQpHv,IfcGeographicElement,조팝나무,H1.0 X W0.5,PK.50.40.B
P2_S01-006,3vg1su2VbG5wkhqCQBFr$r,IfcGeographicElement,조팝나무,H1.0 X W0.5,PK.50.40.B
P2_S01-007,1WPKJRgcnM3BUU$ycAq9EX,IfcGeographicElement,조팝나무,H1.0 X W0.5,PK.50.40.B
P2_S01-008,0nHaqCWhPU$hCvCDsjRoPP,IfcGeographicElement,조팝나무,H1.0 X W0.5,PK.50.40.B
P2_S01-009,2YUm$$gyLPtvyS0eWHv9dK,IfcGeographicElement,조팝나무,H1.0 X W0.5,PK.50.40.B
P2_S01-010,0TIQj$FtDQROvr7OgN8wwQ,IfcGeographicElement,조팝나무,H1.0 X W0.5,PK.50.40.B
P2_S01-011,07xtQGU$TIvxTwZYxEXalO,IfcGeographicElement,조팝나무,H1.0 X W0.5,PK.50.40.B
P2_S01-012,2UAs43U0rICvA5r7L$zm9x,IfcGeographicElement,조팝나무,H1.0 X W0.5,PK.50.40.B
P2_S01-013,2u55pcrwjHLvCvRBv4NMFU,IfcGeographicElement,조팝나무,H1.0 X W0.5,PK.50.40.B
P2_S01-014,2VBV2MFcnGHgPMWP4xkn8z,IfcGeographicElement,조팝나무,H1.0 X W0.5,PK.50.40.B
P2_S01-015,0LgJPh8ZjUjPilm$xZi3q3,IfcGeographicElement,조팝나무,H1.0 X W0.5,PK.50.40.B
P2_S01-016,3u1sIrgcLHrfOfR80BuSMT,IfcGeographicElement,조팝나무,H1.0 X W0.5,PK.50.40.B
P2_S01-017,0PrvGfd05UFeXgizTww507,IfcGeographicElement,조팝나무,H1.0 X W0.5,PK.50.40.B
P2_S01-018,22KQT2yaPN5eRhvWENenhg,IfcGeographicElement,조팝나무,H1.0 X W0.5,PK.50.40.B
P2_S01-019,3IwhVQBk9MW823gZ7Xp$CY,IfcGeographicElement,조팝나무,H1.0 X W0.5,PK.50.40.B
P2_S01-020,0oiR5FVbLI59okKRmr2LZe,IfcGeographicElement,조팝나무,H1.0 X W0.5,PK.50.40.B
P2_S01-021,1k3vq2apfM5OmF3PU$UxIn,IfcGeographicElement,조팝나무,H1.0 X W0.5,PK.50.40.B
P2_S01-022,2nu8_jVDLK0vo_EJ1ps134,IfcGeographicElement,조팝나무,H1.0 X W0.5,PK.50.40.B
P2_S01-023,1N$yGTz81Q1uwMeh4tOVL2,IfcGeographicElement,조팝나무,H1.0 X W0.5,PK.50.40.B
P2_S01-024,3VZbePGrfOTgmlYQoE2Rlm,IfcGeographicElement,조팝나무,H1.0 X W0.5,PK.50.40.B
P2_S01-025,1y3VB3CevTz8IygtmJqRHi,IfcGeographicElement,조팝나무,H1.0 X W0.5,PK.50.40.B
P2_S01-026,1KstQXH0fQzxK$QbB1pppp,IfcGeographicElement,조팝나무,H1.0 X W0.5,PK.50.40.B
P2_S01-027,3X3Z0w_p1TaRyWgjQViMt5,IfcGeographicElement,조팝나무,H1.0 X W0.5,PK.50.40.B
P2_S01-028,2FYAuh69zHAhFbkrHm9WqZ,IfcGeographicElement,조팝나무,H1.0 X W0.5,PK.50.40.B
P2_S01-029,26DU4CzHbSYxw9$VjOmmRZ,IfcGeographicElement,조팝나무,H1.0 X W0.5,PK.50.40.B
P2_S01-030,0L88Z_7ifTSRZI2W9HMHm$,IfcGeographicElement,조팝나무,H1.0 X W0.5,PK.50.40.B
P2_S01-031,3KdQMQ129Q4P80ge69whbF,IfcGeographicElement,조팝나무,H1.0 X W0.5,PK.50.40.B
P2_S01-032,2a4FnjjHHTlAjSa76$5xfq,IfcGeographicElement,조팝나무,H1.0 X W0.5,PK.50.40.B
P2_S01-033,2lEDhdn1DHZf7vzHVHHbC8,IfcGeographicElement,조팝나무,H1.0 X W0.5,PK.50.40.B
P2_S01-034,0uoH0Cp1zGuwC1r8gElsL_,IfcGeographicElement,조팝나무,H1.0 X W0.5,PK.50.40.B
P2_S01-035,0e4dPUc2fNXvTpoh5cjjln,IfcGeographicElement,조팝나무,H1.0 X W0.5,PK.50.40.B
P2_S01-036,2Z1VHf6GDNrvPHZEydfueO,IfcGeographicElement,조팝나무,H1.0 X W0.5,PK.50.40.B
P2_S01-037,09mEGyYCjPIBbDDU19wsYo,IfcGeographicElement,조팝나무,H1.0 X W0.5,PK.50.40.B
P2_S01-038,2JOfe3QnvLdwyq4kQaEk0Q,IfcGeographicElement,조팝나무,H1.0 X W0.5,PK.50.40.B
P2_S01-039,1t9H3LjfHVieDEcXF36dB1,IfcGeographicElement,조팝나무,H1.0 X W0.5,PK.50.40.B
P2_S01-040,0L53HJjN5MJw63nY5wqnlv,IfcGeographicElement,조팝나무,H1.0 X W0.5,PK.50.40.B
P2_S01-041,1z0a6zANzQoAcgw5a9S3Bs,IfcGeographicElement,조팝나무,H1.0 X W0.5,PK.50.40.B
P2_S01-042,20Fpxahf9NuxIsni8Aq$wV,IfcGeographicElement,조팝나무,H1.0 X W0.5,PK.50.40.B
P2_S01-043,2XAgoVYEDK4ug7EFHA0YmH,IfcGeographicElement,조팝나무,H1.0 X W0.5,PK.50.40.B
P2_S01-044,3Opvc95JnGgOCPNa6AMUNV,IfcGeographicElement,조팝나무,H1.0 X W0.5,PK.50.40.B
P2_S01-045,34xxNlGi5OgxGT31dWjdJo,IfcGeographicElement,조팝나무,H1.0 X W0.5,PK.50.40.B
P2_S01-046,1h3DN95PXPtxQzA5NZr3b0,IfcGeographicElement,조팝나무,H1.0 X W0.5,PK.50.40.B
P2_S01-047,3Qp8qaV9HMYvqvB$4RMy0f,IfcGeographicElement,조팝나무,H1.0 X W0.5,PK.50.40.B
P2_S01-048,33WNHxQCTTTg2pJI5MMrKN,IfcGeographicElement,조팝나무,H1.0 X W0.5,PK.50.40.B
P2_S01-049,1Zh6yPy8jQv97guz8Iofvn,IfcGeographicElement,조팝나무,H1.0 X W0.5,PK.50.40.B
P2_S01-050,28Zm4LgZPUqQFOzZrLK$pb,IfcGeographicElement,조팝나무,H1.0 X W0.5,PK.50.40.B
P2_S01-051,10LF5jwzzV1uf$1WcTx9ra,IfcGeographicElement,조팝나무,H1.0 X W0.5,PK.50.40.B
P2_S01-052,3v$y$MoN5HHxszDjCr6IYR,IfcGeographicElement,조팝나무,H1.0 X W0.5,PK.50.40.B
P2_S01-053,2CeR922uXUSfxLT6aAVjQH,IfcGeographicElement,조팝나무,H1.0 X W0.5,PK.50.40.B
P2_S01-054,1TnIJ5veXPKggSxqBl1MT0,IfcGeographicElement,조팝나무,H1.0 X W0.5,PK.50.40.B
P2_S01-055,2HFkph9TTSz9r9LUrRPW$k,IfcGeographicElement,조팝나무,H1.0 X W0.5,PK.50.40.B
P2_S01-056,3MDHA4TxnT$BkDTI4S2ZlX,IfcGeographicElement,조팝나무,H1.0 X W0.5,PK.50.40.B
P2_S01-057,1EgSKxOw5LAhB5XsrsEBmt,IfcGeographicElement,조팝나무,H1.0 X W0.5,PK.50.40.B
P2_S01-058,3TsMtmRKHPJhwmB$DMYpr8,IfcGeographicElement,조팝나무,H1.0 X W0.5,PK.50.40.B
P2_S01-059,2zplSe$OLKjhMs022tAZl8,IfcGeographicElement,조팝나무,H1.0 X W0.5,PK.50.40.B
P2_S01-060,1B9Uy0i75MV8wN6Hlv7kRF,IfcGeographicElement,조팝나무,H1.0 X W0.5,PK.50.40.B
P2_S01-061,0ukMzZOOfPywcelatmMrwL,IfcGeographicElement,조팝나무,H1.0 X W0.5,PK.50.40.B
P2_S01-062,0fvQpLxVTPghJr1nkEYom_,IfcGeographicElement,조팝나무,H1.0 X W0.5,PK.50.40.B
P2_S01-063,1W4rhFmuXNf85W$Dy7hQjN,IfcGeographicElement,조팝나무,H1.0 X W0.5,PK.50.40.B
P2_S01-064,3mafPXPM9HaOjEd8xvSRgz,IfcGeographicElement,조팝나무,H1.0 X W0.5,PK.50.40.B
P2_S01-065,1vazRs4pjOFvZZ51F1FfQ8,IfcGeographicElement,조팝나무,H1.0 X W0.5,PK.50.40.B
P2_S01-066,0_7BhYE1LIVeWAv4K11hTC,IfcGeographicElement,조팝나무,H1.0 X W0.5,PK.50.40.B
P2_S01-067,3Qv5nAWajL9fzw9Bki8IpL,IfcGeographicElement,조팝나무,H1.0 X W0.5,PK.50.40.B
P2_S01-068,3dmzGbrhPRRxsSXdCu9knd,IfcGeographicElement,조팝나무,H1.0 X W0.5,PK.50.40.B
P2_S01-069,1_05nVKXPKJfrGJ$6IgCEv,IfcGeographicElement,조팝나무,H1.0 X W0.5,PK.50.40.B
P2_S01-070,2tIGVJCqDOxg$3tYXI4E40,IfcGeographicElement,조팝나무,H1.0 X W0.5,PK.50.40.B
P2_S01-071,2mW7$SpirOrAOWldZMr0pX,IfcGeographicElement,조팝나무,H1.0 X W0.5,PK.50.40.B
P2_S01-072,1pbKk27x1OYhR3fB11JOaL,IfcGeographicElement,조팝나무,H1.0 X W0.5,PK.50.40.B
P2_S01-073,13CQhCYovNa8j1E8rEpWS8,IfcGeographicElement,조팝나무,H1.0 X W0.5,PK.50.40.B
P2_S01-074,2yIwy_S3zSe8QNvHAKi7pc,IfcGeographicElement,조팝나무,H1.0 X W0.5,PK.50.40.B
P2_S01-075,32d_IhzfzMzAmtZ96dQ4uN,IfcGeographicElement,조팝나무,H1.0 X W0.5,PK.50.40.B
P2_S01-076,2y5D8GnnTQlxYr0iywTy5H,IfcGeographicElement,조팝나무,H1.0 X W0.5,PK.50.40.B
P2_S01-077,0bn$RJXejHZ8wEbwj_yQ9i,IfcGeographicElement,조팝나무,H1.0 X W0.5,PK.50.40.B
P2_S01-078,0WoCZ3EvDHBxwygrqYa79e,IfcGeographicElement,조팝나무,H1.0 X W0.5,PK.50.40.B
P2_S01-079,20H4ELDs9Js9ZM$8CALs5O,IfcGeographicElement,조팝나무,H1.0 X W0.5,PK.50.40.B
P2_S01-080,1aQbJ3wLTHFusteLLp1RlU,IfcGeographicElement,조팝나무,H1.0 X W0.5,PK.50.40.B
P2_S01-081,0rnXdYcv9Q2gyUxki7hxUw,IfcGeographicElement,조팝나무,H1.0 X W0.5,PK.50.40.B
P2_S01-082,2GXotVuYLSAQpYYStpxEJQ,IfcGeographicElement,조팝나무,H1.0 X W0.5,PK.50.40.B
P2_S01-083,3EWnouTWHS9R7g__9OIOns,IfcGeographicElement,조팝나무,H1.0 X W0.5,PK.50.40.B
P2_S01-084,1rD8lAPdPNefMP47f8Ww57,IfcGeographicElement,조팝나무,H1.0 X W0.5,PK.50.40.B
P2_S01-085,0KwAp0M1vNTgFXrhd7QnJN,IfcGeographicElement,조팝나무,H1.0 X W0.5,PK.50.40.B
P2_S01-086,31SCB912vGTBExQNOevDIF,IfcGeographicElement,조팝나무,H1.0 X W0.5,PK.50.40.B
P2_S01-087,2WGw8jTeLJEO7N5I7YbSkl,IfcGeographicElement,조팝나무,H1.0 X W0.5,PK.50.40.B
P2_S01-088,0QxP4g9ILSfhBMp7rERhwI,IfcGeographicElement,조팝나무,H1.0 X W0.5,PK.50.40.B
P2_S01-089,0lgE5NSDLPDQoaaV7PPqZo,IfcGeographicElement,조팝나무,H1.0 X W0.5,PK.50.40.B
P2_S01-090,1RsirfXYvL7fOpdm3k$$pu,IfcGeographicElement,조팝나무,H1.0 X W0.5,PK.50.40.B
P2_S01-091,3zenA0YQTSGwObFdbDI7Xn,IfcGeographicElement,조팝나무,H1.0 X W0.5,PK.50.40.B
P2_S01-092,068AhrKvTHLQvq0uOt0CYw,IfcGeographicElement,조팝나무,H1.0 X W0.5,PK.50.40.B
P2_S01-093,2oEqAYZILO6ALpPfUzLZlL,IfcGeographicElement,조팝나무,H1.0 X W0.5,PK.50.40.B
P2_S01-094,29PiFaCOvILRHIxMpDgjJn,IfcGeographicElement,조팝나무,H1.0 X W0.5,PK.50.40.B
P2_S01-095,1CtZQAWSXMzepq2uaBNpR5,IfcGeographicElement,조팝나무,H1.0 X W0.5,PK.50.40.B
P2_R03-001,2C7HcL1ezQQwv_LcGbsLaO,IfcGeographicElement,산철쭉,H0.8 X W0.8,PK.50.40.B
P2_R03-002,1ys5x7pcXNCv0Xi5TmbGpz,IfcGeographicElement,산철쭉,H0.8 X W0.8,PK.50.40.B
P2_R03-003,1lvC3XDhXQufGjMTYG3rWP,IfcGeographicElement,산철쭉,H0.8 X W0.8,PK.50.40.B
P2_R03-004,3b9vaiVdrReu0k98j$dMsP,IfcGeographicElement,산철쭉,H0.8 X W0.8,PK.50.40.B
P2_R03-005,2PRivOwW9VNuUOzJNC1Km6,IfcGeographicElement,산철쭉,H0.8 X W0.8,PK.50.40.B
P2_R03-006,1M7DbCUDHPH8HWukDThCc_,IfcGeographicElement,산철쭉,H0.8 X W0.8,PK.50.40.B
P2_R03-007,1p0LDVLRLPzR4h5P13Htur,IfcGeographicElement,산철쭉,H0.8 X W0.8,PK.50.40.B
P2_R03-008,0_ERlnnBfTDugZu$_L5QH$,IfcGeographicElement,산철쭉,H0.8 X W0.8,PK.50.40.A
P2_R03-009,1xDoz_yXjL7fGebA$X1Mq6,IfcGeographicElement,산철쭉,H0.8 X W0.8,PK.50.40.A
P2_R03-010,3vTIejixPK0QGzLwgJA9jH,IfcGeographicElement,산철쭉,H0.8 X W0.8,PK.50.40.A
P2_R03-011,1Gqbl1DU1HBxjzgQFLCsVo,IfcGeographicElement,산철쭉,H0.8 X W0.8,PK.50.40.A
P2_R03-012,3_4rXW_WvMhA6vZbL76WHI,IfcGeographicElement,산철쭉,H0.8 X W0.8,PK.50.40.A
P2_R03-013,0d4vRAQjDUNxJ0tVVB0HsL,IfcGeographicElement,산철쭉,H0.8 X W0.8,PK.50.40.B
P2_R03-014,2ywJGX0KvOUhAucWSIYwjP,IfcGeographicElement,산철쭉,H0.8 X W0.8,PK.50.40.B
P2_R03-015,0HamKLGJHGwQezYYD9Avq6,IfcGeographicElement,산철쭉,H0.8 X W0.8,PK.50.40.B
P2_R03-016,0be43HZSDPKg7BWdha3fQy,IfcGeographicElement,산철쭉,H0.8 X W0.8,PK.50.40.B
P2_R03-017,1aJvheSx5S1uVHb$Ad7tNF,IfcGeographicElement,산철쭉,H0.8 X W0.8,PK.50.40.B
P2_R03-018,2RnalGdSLTm8Y_k9RSOrFf,IfcGeographicElement,산철쭉,H0.8 X W0.8,PK.50.40.B
P2_R03-019,3vrR3taxXUJhWrChWaO7cb,IfcGeographicElement,산철쭉,H0.8 X W0.8,PK.50.40.B
P2_R03-020,2FyLBtudDNWBG8yjISab6n,IfcGeographicElement,산철쭉,H0.8 X W0.8,PK.50.40.B
P2_R03-021,1YOU7y3K1JBeRUxnTH2IDQ,IfcGeographicElement,산철쭉,H0.8 X W0.8,PK.50.40.B
P2_R03-022,2oQqVZ8mvVMe0rU9yiHvhG,IfcGeographicElement,산철쭉,H0.8 X W0.8,PK.50.40.B
P2_R03-023,2NiJThPrHPzOtgabjoFLgJ,IfcGeographicElement,산철쭉,H0.8 X W0.8,PK.50.40.B
P2_R03-024,32$_t4EBfJbRGDOvEaKANU,IfcGeographicElement,산철쭉,H0.8 X W0.8,PK.50.40.B
P2_R03-025,3nom9bvF1VNQKxr_QQYPI1,IfcGeographicElement,산철쭉,H0.8 X W0.8,PK.50.40.A
P2_R03-026,0Cg5b1nUfVRQcKkVIzzAPx,IfcGeographicElement,산철쭉,H0.8 X W0.8,PK.50.40.A
P2_R03-027,25WLYHTdTNyxkcAqy$fbD4,IfcGeographicElement,산철쭉,H0.8 X W0.8,PK.50.40.A
P2_R03-028,2PLxBply9KcOtdO1hX5oet,IfcGeographicElement,산철쭉,H0.8 X W0.8,PK.50.40.A
P2_R03-029,3tYXHHz8zRdxBX6lxUJXtn,IfcGeographicElement,산철쭉,H0.8 X W0.8,PK.50.40.A
P2_R03-030,0XlZJjA8PSgOza8AGPadFA,IfcGeographicElement,산철쭉,H0.8 X W0.8,PK.50.40.A
P2_R03-031,25Y8LQHT1UnwKrO$MjbEhf,IfcGeographicElement,산철쭉,H0.8 X W0.8,PK.50.40.A
P2_R03-032,2fqQlDxPXLX8$nGBlQy0FG,IfcGeographicElement,산철쭉,H0.8 X W0.8,PK.50.40.A
P2_R03-033,2ApB9owwvJe8iIfnbf6XiL,IfcGeographicElement,산철쭉,H0.8 X W0.8,PK.50.40.A
P2_R03-034,0uWUEIc3bQbRZQLXAv0BCt,IfcGeographicElement,산철쭉,H0.8 X W0.8,PK.50.40.A
P2_R03-035,0gE7XTeg9UCxRk_sNFRYtD,IfcGeographicElement,산철쭉,H0.8 X W0.8,PK.50.40.A
P2_R03-036,3sY0mVJSPGgO69v7FzOThX,IfcGeographicElement,산철쭉,H0.8 X W0.8,PK.50.40.A
P2_R03-037,1XaTKWsIfJDQGr5YW8SjZg,IfcGeographicElement,산철쭉,H0.8 X W0.8,PK.50.40.B
P2_R03-038,0zUH97VuPVefMI3gi$P$gf,IfcGeographicElement,산철쭉,H0.8 X W0.8,PK.50.40.B
P2_R03-039,1Q8g7NuYnUnhR6Y5NCcP2x,IfcGeographicElement,산철쭉,H0.8 X W0.8,PK.50.40.B
P2_R03-040,3IvRzWHuLOiPNWxYqrl7oM,IfcGeographicElement,산철쭉,H0.8 X W0.8,PK.50.40.B
P2_R03-041,302PGIBvrQ$fdD0eYsfvSX,IfcGeographicElement,산철쭉,H0.8 X W0.8,PK.50.40.B
P2_R03-042,0If1iBtWDUveixsKq9L8c8,IfcGeographicElement,산철쭉,H0.8 X W0.8,PK.50.40.B
P2_R03-043,3P8U0B8h9GMfSKPNTeMYIs,IfcGeographicElement,산철쭉,H0.8 X W0.8,PK.50.40.B
P2_R03-044,1sckp7689V1QEsB_lMEtN5,IfcGeographicElement,산철쭉,H0.8 X W0.8,PK.50.40.B
P2_R03-045,0i4FyfagTHVxLqyCUoNuOh,IfcGeographicElement,산철쭉,H0.8 X W0.8,PK.50.40.B
P2_R03-046,0Hpt5nViTM8Aj9y_R6JL$j,IfcGeographicElement,산철쭉,H0.8 X W0.8,PK.50.40.B
P2_R03-047,3oMIVpmXvSUeY49fan8Kpw,IfcGeographicElement,산철쭉,H0.8 X W0.8,PK.50.40.B
P2_R03-048,279s2tXrTPYvYzG7R12eXk,IfcGeographicElement,산철쭉,H0.8 X W0.8,PK.50.40.B
P2_R03-049,1AGMkMHibRdAmeDYhL1fLo,IfcGeographicElement,산철쭉,H0.8 X W0.8,PK.50.40.B
P2_R03-050,1GQy9jbA5Hfvw84RizJSvr,IfcGeographicElement,산철쭉,H0.8 X W0.8,PK.50.40.A
P2_R03-051,3McPgNNGTLWwMKmiojwCAc,IfcGeographicElement,산철쭉,H0.8 X W0.8,PK.50.40.A
P2_R03-052,1NhboNSMHNZREObV6p7jEI,IfcGeographicElement,산철쭉,H0.8 X W0.8,PK.50.40.A
P2_R03-053,3Gome6L9HKgAgo9v5vrpIS,IfcGeographicElement,산철쭉,H0.8 X W0.8,PK.50.40.A
P2_R03-054,1_w6_PJnjG$v9AnZsg1v45,IfcGeographicElement,산철쭉,H0.8 X W0.8,PK.50.40.A
P2_R03-055,0_YUKAHXXNZgGusAaO1og0,IfcGeographicElement,산철쭉,H0.8 X W0.8,PK.50.40.A
P2_R03-056,2fEXNEBs5O5eq2DqlXkZ3O,IfcGeographicElement,산철쭉,H0.8 X W0.8,PK.50.40.A
P2_R03-057,1fLVLTL9TNkQ6fPpeq3rJG,IfcGeographicElement,산철쭉,H0.8 X W0.8,PK.50.40.A
P2_R03-058,37lmDcfN9KxxN6PMVtAwnL,IfcGeographicElement,산철쭉,H0.8 X W0.8,PK.50.40.A
P2_R03-059,21WcP9kBDGUAiX4XY72gQW,IfcGeographicElement,산철쭉,H0.8 X W0.8,PK.50.40.A
P2_R03-060,1tDUGA34jOxQ2ipe9qgJzg,IfcGeographicElement,산철쭉,H0.8 X W0.8,PK.50.40.A
P2_R03-061,09Rp2jQgTRWP$3w7iGHoCO,IfcGeographicElement,산철쭉,H0.8 X W0.8,PK.50.40.B
P2_R03-062,24CvRaiinKlhpHdLltYu5E,IfcGeographicElement,산철쭉,H0.8 X W0.8,PK.50.40.B
P2_R03-063,1gID4LdiXH9u2ZJ_6$MROe,IfcGeographicElement,산철쭉,H0.8 X W0.8,PK.50.40.B
P2_R03-064,0OyTmxT3LUKuQmYmtyKdeV,IfcGeographicElement,산철쭉,H0.8 X W0.8,PK.50.40.B
P2_R03-065,1KtWSyVbnV5fculDzmJqoP,IfcGeographicElement,산철쭉,H0.8 X W0.8,PK.50.40.B
P2_R03-066,1wqOxGRMnHZw9RjxSVTD5e,IfcGeographicElement,산철쭉,H0.8 X W0.8,PK.50.40.B
P2_R03-067,2_s9botu1LxQ8cMmdAwMHc,IfcGeographicElement,산철쭉,H0.8 X W0.8,PK.50.40.B
P2_R03-068,0LbSE$KPXV3gOF7uoPjIZM,IfcGeographicElement,산철쭉,H0.8 X W0.8,PK.50.40.B
P2_R03-069,2_QzP7IvXTXO$jQmkteDEN,IfcGeographicElement,산철쭉,H0.8 X W0.8,PK.50.40.B
P2_R03-070,0wQ9Dpkk1G2eqNUPQgRi3d,IfcGeographicElement,산철쭉,H0.8 X W0.8,PK.50.40.B
P2_R03-071,0Xbs78gpPSL8UTBCQ80Nyp,IfcGeographicElement,산철쭉,H0.8 X W0.8,PK.50.40.B
P2_R03-072,1Xw_sB2F9Ox8swOnwvswjy,IfcGeographicElement,산철쭉,H0.8 X W0.8,PK.50.40.A
P2_R03-073,1V3l36eAbHpAONorOuojvD,IfcGeographicElement,산철쭉,H0.8 X W0.8,PK.50.40.A
P2_R03-074,0E8DIS$OHUpuGgKYjL2wn3,IfcGeographicElement,산철쭉,H0.8 X W0.8,PK.50.40.A
P2_R03-075,0dniKJ6ZfK$BtSWr73Ikh8,IfcGeographicElement,산철쭉,H0.8 X W0.8,PK.50.40.A
P2_R03-076,37i7SM67DHZOHxfS8VJftR,IfcGeographicElement,산철쭉,H0.8 X W0.8,PK.50.40.A
P2_S02-001,3XL$dORZLJbuccbS1wcXL5,IfcGeographicElement,조팝나무,H1.0 X W0.5,PK.50.40.B
P2_S02-002,0STGURFt1RWuwFdIFoKMSX,IfcGeographicElement,조팝나무,H1.0 X W0.5,PK.50.40.B
P2_S02-003,1pRV0dxOLQy9v2Q0B0JgUQ,IfcGeographicElement,조팝나무,H1.0 X W0.5,PK.50.40.B
P2_S02-004,0wqR5kpOjMCAiWqrvCV9_6,IfcGeographicElement,조팝나무,H1.0 X W0.5,PK.50.40.B
P2_S02-005,20Ge7Cs45Ri8Awst2jO2k4,IfcGeographicElement,조팝나무,H1.0 X W0.5,PK.50.40.A
P2_S02-006,1zRHdBPA5SRx9sM50AKOSb,IfcGeographicElement,조팝나무,H1.0 X W0.5,PK.50.40.A
P2_S02-007,0AC98q_yjOThIyGA7TzIYB,IfcGeographicElement,조팝나무,H1.0 X W0.5,PK.50.40.A
P2_S02-008,39iEr0cZ1Vbg8aSsv5LOfu,IfcGeographicElement,조팝나무,H1.0 X W0.5,PK.50.40.A
P2_S02-009,35Ckl215zN2gr9Q0oLxY8w,IfcGeographicElement,조팝나무,H1.0 X W0.5,PK.50.40.A
P2_S02-010,2yQb1ROo5HtPZN_oqN$W0J,IfcGeographicElement,조팝나무,H1.0 X W0.5,PK.50.40.A
P2_S02-011,0yZieefDDHR8s2HdaxaVJ5,IfcGeographicElement,조팝나무,H1.0 X W0.5,PK.50.40.A
P2_S02-012,3MOWxa2snIRQu4mW7px2fp,IfcGeographicElement,조팝나무,H1.0 X W0.5,PK.50.40.A
P2_S02-013,0BKp8d_$jQJ9P4PUJrQ$62,IfcGeographicElement,조팝나무,H1.0 X W0.5,PK.50.40.A
P2_S02-014,1ctuk0YKDMXQK0YicJqST$,IfcGeographicElement,조팝나무,H1.0 X W0.5,PK.50.40.A
P2_S02-015,3zGPZ8pg1KLBxIKqG8JOfO,IfcGeographicElement,조팝나무,H1.0 X W0.5,PK.50.40.B
P2_S02-016,14jnEuBZ9Te852E2cYwC5z,IfcGeographicElement,조팝나무,H1.0 X W0.5,PK.50.40.B
P2_S02-017,06YziVyCrO2AyAeTDGRjQx,IfcGeographicElement,조팝나무,H1.0 X W0.5,PK.50.40.B
P2_S02-018,2x$uFWaRLRihGbNemrUHW3,IfcGeographicElement,조팝나무,H1.0 X W0.5,PK.50.40.B
P2_S02-019,1vW9PSIvPS4QcvDu96Yems,IfcGeographicElement,조팝나무,H1.0 X W0.5,PK.50.40.B
P2_S02-020,1ehiW8qHPNS8t1QhM6fHBM,IfcGeographicElement,조팝나무,H1.0 X W0.5,PK.50.40.B
P2_S02-021,2Bs3$hCbLNwRrmFqOHzEFO,IfcGeographicElement,조팝나무,H1.0 X W0.5,PK.50.40.B
P2_S02-022,1NmETY7q9NfgSkK1YKkYhz,IfcGeographicElement,조팝나무,H1.0 X W0.5,PK.50.40.B
P2_S02-023,0EN$$V2tTPXgzT2qCJFX2u,IfcGeographicElement,조팝나무,H1.0 X W0.5,PK.50.40.B
P2_S02-024,27H_KfMsXIyxiAhqfUGLzb,IfcGeographicElement,조팝나무,H1.0 X W0.5,PK.50.40.B
P2_S02-025,1r7KgbylbV2ujfkFzZNqVb,IfcGeographicElement,조팝나무,H1.0 X W0.5,PK.50.40.B
P2_S02-026,2g2fIIdDvIIPBQN8huBwlx,IfcGeographicElement,조팝나무,H1.0 X W0.5,PK.50.40.A
P2_S02-027,2ZLwja9kXJ9OPL9DCsiTr6,IfcGeographicElement,조팝나무,H1.0 X W0.5,PK.50.40.A
P2_S02-028,2gHpCQmZ1M5OPsaz73qpyJ,IfcGeographicElement,조팝나무,H1.0 X W0.5,PK.50.40.A
P2_S02-029,2Y5RAR_DPNRgQ_v22ZQuNp,IfcGeographicElement,조팝나무,H1.0 X W0.5,PK.50.40.A
P2_S02-030,30OZHPOu9Giup5ajdLOBsf,IfcGeographicElement,조팝나무,H1.0 X W0.5,PK.50.40.A
P2_S02-031,1XzgWvbV5TzOObVbwlpUrh,IfcGeographicElement,조팝나무,H1.0 X W0.5,PK.50.40.A
P2_S02-032,2FBB4m$9nJBvlCXxm4sySD,IfcGeographicElement,조팝나무,H1.0 X W0.5,PK.50.40.A
P2_S02-033,29aUJ7y1nMchP7IO1V5jf$,IfcGeographicElement,조팝나무,H1.0 X W0.5,PK.50.40.A
P2_S02-034,3XSfoBALrT4ugeTvZazjQs,IfcGeographicElement,조팝나무,H1.0 X W0.5,PK.50.40.A
P2_S02-035,3ucbViVAXLghcv33Tl7Kx9,IfcGeographicElement,조팝나무,H1.0 X W0.5,PK.50.40.A
P2_S02-036,3fq$_8HhLH5gTGYoGdxQHN,IfcGeographicElement,조팝나무,H1.0 X W0.5,PK.50.40.A
P2_S02-037,1ea8QHOZnJVhF8Z01T93b4,IfcGeographicElement,조팝나무,H1.0 X W0.5,PK.50.40.A
P2_S02-038,2Oj$5MA45NkBgk6KEW8t7Z,IfcGeographicElement,조팝나무,H1.0 X W0.5,PK.50.40.A
P2_S02-039,3MxcK6OsbLI9TlFeZWYt5N,IfcGeographicElement,조팝나무,H1.0 X W0.5,PK.50.40.A
P2_S02-040,1vwClNQWDKwRTMX71HIP_d,IfcGeographicElement,조팝나무,H1.0 X W0.5,PK.50.40.A
P2_S02-041,285s2VJPjTd9j$N_$gof1K,IfcGeographicElement,조팝나무,H1.0 X W0.5,PK.50.40.A
P2_S02-042,1VYUkiiOHOue5xs$yKADFy,IfcGeographicElement,조팝나무,H1.0 X W0.5,PK.50.40.B
P2_S02-043,0zUc5ZUMPMCvVrS0jziVoW,IfcGeographicElement,조팝나무,H1.0 X W0.5,PK.50.40.B
P2_S02-044,3PFG1bzcHRxBJsymqcLYh6,IfcGeographicElement,조팝나무,H1.0 X W0.5,PK.50.40.B
P2_S02-045,0P7GlhzlbMrfIxv0LvqrEk,IfcGeographicElement,조팝나무,H1.0 X W0.5,PK.50.40.B
P2_S02-046,0VXTvsh6DJPvzRlif7TOKB,IfcGeographicElement,조팝나무,H1.0 X W0.5,PK.50.40.B
P2_S02-047,18BEJ3$UzLn9jZJLWnSHS_,IfcGeographicElement,조팝나무,H1.0 X W0.5,PK.50.40.B
P2_S02-048,0dI0EeZwDJc86wFzU10GqN,IfcGeographicElement,조팝나무,H1.0 X W0.5,PK.50.40.B
P2_S02-049,2pwoBG4w9LnPUitYel$2NY,IfcGeographicElement,조팝나무,H1.0 X W0.5,PK.50.40.B
P2_S02-050,0n78uH6JHVRg0d3WK0LEpS,IfcGeographicElement,조팝나무,H1.0 X W0.5,PK.50.40.B
P2_S02-051,2JIQZzDlzMmfRrwLpERfpw,IfcGeographicElement,조팝나무,H1.0 X W0.5,PK.50.40.B
P2_S02-052,1ihe_82mrR0Pmv7mZP3fyI,IfcGeographicElement,조팝나무,H1.0 X W0.5,PK.50.40.A
P2_S02-053,1AD7sux2DVdvjrWZoDhqmb,IfcGeographicElement,조팝나무,H1.0 X W0.5,PK.50.40.A
P2_S02-054,2LjMcTjcHHrxanBgHGQEe7,IfcGeographicElement,조팝나무,H1.0 X W0.5,PK.50.40.A
P2_S02-055,28thloXMPVieSCkV8HfOvl,IfcGeographicElement,조팝나무,H1.0 X W0.5,PK.50.40.A
P2_S02-056,3W6OT$g5nUeAsFOVkQuije,IfcGeographicElement,조팝나무,H1.0 X W0.5,PK.50.40.A
P2_S02-057,3vSX2UZTHLiu_iNKvHRpzj,IfcGeographicElement,조팝나무,H1.0 X W0.5,PK.50.40.A
P2_S02-058,1LTcUdegLGz9BbGcEyUnxN,IfcGeographicElement,조팝나무,H1.0 X W0.5,PK.50.40.A
P2_S02-059,2u3hpRnx5Vh9ar1ZtXX7H9,IfcGeographicElement,조팝나무,H1.0 X W0.5,PK.50.40.A
P2_S02-060,26zSsWTCrG_AWexUwirCjK,IfcGeographicElement,조팝나무,H1.0 X W0.5,PK.50.40.A
P2_S02-061,3o4G9qZnLMl8fJIUV$Pky_,IfcGeographicElement,조팝나무,H1.0 X W0.5,PK.50.40.A
P2_S02-062,3ZoedHQUjTL9ODlH4vErdE,IfcGeographicElement,조팝나무,H1.0 X W0.5,PK.50.40.A
P2_S02-063,1Y3sRN2RPTiQUaI1sixYQ2,IfcGeographicElement,조팝나무,H1.0 X W0.5,PK.50.40.A
P2_S02-064,0KgiBE7hzL7Ook8$6XkNLb,IfcGeographicElement,조팝나무,H1.0 X W0.5,PK.50.40.A
P2_S02-065,1_TYfzMVPTWw4$uiav6QAg,IfcGeographicElement,조팝나무,H1.0 X W0.5,PK.50.40.A
P2_S02-066,2$YKdw_HTGsQOiDCCa6g8I,IfcGeographicElement,조팝나무,H1.0 X W0.5,PK.50.40.A
P2_S02-067,1uvzxM2v5MPBAktGrQ9Y9j,IfcGeographicElement,조팝나무,H1.0 X W0.5,PK.50.40.A
P2_S02-068,06J$AQuHvUNwOKFMR8TSrQ,IfcGeographicElement,조팝나무,H1.0 X W0.5,PK.50.40.B
P2_S02-069,0T5wLhx1PRaRnCO6q26nWQ,IfcGeographicElement,조팝나무,H1.0 X W0.5,PK.50.40.B
P2_S02-070,3mN3O593DOKBYhTAyFHrKv,IfcGeographicElement,조팝나무,H1.0 X W0.5,PK.50.40.B
P2_S02-071,1sHD8RKKnUueguq$MUkn2L,IfcGeographicElement,조팝나무,H1.0 X W0.5,PK.50.40.B
P2_S02-072,2SRfZlIufTzOj6j8dZfQNi,IfcGeographicElement,조팝나무,H1.0 X W0.5,PK.50.40.B
P2_S02-073,2VIjDjdkPUshXR4MUuZA1d,IfcGeographicElement,조팝나무,H1.0 X W0.5,PK.50.40.B
P2_S02-074,062LfGCxXLEx1Yj0ouO_YE,IfcGeographicElement,조팝나무,H1.0 X W0.5,PK.50.40.B
P2_S02-075,0LKmWs9M9JhxoYYumW3ZH0,IfcGeographicElement,조팝나무,H1.0 X W0.5,PK.50.40.B
P2_S02-076,3nX33k7PzKqeAwRcwGbo5X,IfcGeographicElement,조팝나무,H1.0 X W0.5,PK.50.40.B
P2_S02-077,1bKbD4gu5IeeTrep3icamr,IfcGeographicElement,조팝나무,H1.0 X W0.5,PK.50.40.B
P2_S02-078,3noRKM0XTPA9h9K_KnRRkH,IfcGeographicElement,조팝나무,H1.0 X W0.5,PK.50.40.B
P2_S02-079,2RYiS70pvJ2uCgdJZDup5B,IfcGeographicElement,조팝나무,H1.0 X W0.5,PK.50.40.B
P2_S02-080,1uJwEF0Z5Ujxh03wxkCGV6,IfcGeographicElement,조팝나무,H1.0 X W0.5,PK.50.40.B
P2_S02-081,3CxKOUw0DKFe2jZImdssAM,IfcGeographicElement,조팝나무,H1.0 X W0.5,PK.50.40.B
P2_S02-082,25rrQPT0XJpxjXtWgNEuTx,IfcGeographicElement,조팝나무,H1.0 X W0.5,PK.50.40.B
BENCH01,1cBKeX8qvQavDz0lALOOsz,IfcFurniture,벤치,1.8×0.6m (가정),PK.60.10.D
BENCH02,3ZW7a2V_HHyB7uEe0sYGCf,IfcFurniture,벤치,1.8×0.6m (가정),PK.60.10.D
BENCH03,0DO7eAO81PzRAdZDBjckEm,IfcFurniture,벤치,1.8×0.6m (가정),PK.60.10.A
BENCH04,0DcAGz_D9K3vbTlhvIdvjx,IfcFurniture,벤치,1.8×0.6m (가정),PK.60.10.A
BENCH05,1kBOWpIzDQ7fM7xMqFX7sb,IfcFurniture,벤치,1.8×0.6m (가정),PK.60.10.A
BENCH06,1PKm$l7k9T09zfj6ArLesB,IfcFurniture,벤치,1.8×0.6m (가정),PK.60.10.C
PERGOLA01,0e6NF2t6XJ_PKo0bK2HlHe,IfcBuildingElementProxy,퍼걸러,4.0×4.0m,PK.60.20.D
PIPE_A,1bd12Rq9vHkwu_IDooReN2,IfcPipeSegment,우수관,DN200 / 외경220mm (가정),PK.20.30.SITE
PIPE_B,2uxjlQpbjUUv2UC$J$F1JC,IfcPipeSegment,우수관,DN200 / 외경220mm (가정),PK.20.30.SITE
PIPE_C,0dKX0v4MnGaRajxAUcYi6n,IfcPipeSegment,우수관,DN200 / 외경220mm (가정),PK.20.30.SITE
PIPE_D,25UMDIw3fVWuVMTBD3leGG,IfcPipeSegment,우수관,DN200 / 외경220mm (가정),PK.20.30.SITE
CHAMBER_A,3gmuPO0wrGOvUL8XzIqdyM,IfcDistributionChamberElement,집수정,내측600×600 / 깊이1000mm (가정),PK.20.30.SITE
CHAMBER_B,0bwDG433LK6Ow2eXkwOKWK,IfcDistributionChamberElement,집수정,내측600×600 / 깊이1000mm (가정),PK.20.30.SITE
CHAMBER_C,2IhHL6lirIew1ZMclMfFOK,IfcDistributionChamberElement,집수정,내측600×600 / 깊이1000mm (가정),PK.20.30.SITE
CHAMBER_D,2icV4is$9TWAu28Oy0KqpE,IfcDistributionChamberElement,집수정,내측600×600 / 깊이1000mm (가정),PK.20.30.SITE
CURB_A,1RAc42_8DO$vCGbKZAOVsl,IfcKerb,화강석 경계석,150×200mm (가정),PK.30.20.A
CURB_B,3vt7aax3bJzQ4MvcKH4gak,IfcKerb,화강석 경계석,150×200mm (가정),PK.30.20.B
CURB_C,0pZzj_wsXG0Pip1nBWHTLN,IfcKerb,화강석 경계석,150×200mm (가정),PK.30.20.C
CURB_D,1vu9PieP9JHBCWWvIrMoDn,IfcKerb,화강석 경계석,150×200mm (가정),PK.30.20.D
ACCESS_trunk,2jsSQUMB9OFv7$SI5N$RPo,IfcBuildingElementProxy,임시동선,,PK.70.20.SITE
ACCESS_A,01xanMY7jRe89UPATvInOp,IfcBuildingElementProxy,임시동선,,PK.70.20.SITE
ACCESS_B,1eX417P69OPQK1O6VRVYb_,IfcBuildingElementProxy,임시동선,,PK.70.20.SITE
ACCESS_C,3BbxMeDZXT6gq0VeU2X24r,IfcBuildingElementProxy,임시동선,,PK.70.20.SITE
ACCESS_D,01bG$6HV5HXPuhKOvuUuxz,IfcBuildingElementProxy,임시동선,,PK.70.20.SITE
TERRAIN,1uMZzis_LV3fPfxrpIZhau,IfcGeographicElement,합성 지형 기준면,,PK.70.30.SITE
CONTEXT_SIDEWALK,1g8zm_J6zT_9DuLVrV254X,IfcBuildingElementProxy,남측 보도(가정),,
CONTEXT_ROAD,1Vh$ZcZp9Qn8zK7yQ5zIX_,IfcBuildingElementProxy,남측 도로(가정),,
