object_id,ifc_guid,category,ifc_class,predefined_type,effective_type,object_type,old_schedule_zone,proposed_zones,quantity_role
ZONE_A,05s0DvC$jRV929XyJ91g6F,WORK_ZONE_R1,IfcSpatialZone,CONSTRUCTION,CONSTRUCTION,zone,A,,REFERENCE_ONLY
ZONE_B,2x_36Mv31GngMSBAisIBtD,WORK_ZONE_R1,IfcSpatialZone,CONSTRUCTION,CONSTRUCTION,zone,B,,REFERENCE_ONLY
ZONE_C,0q2_uZzdrVsxsTXBPSE5Qa,WORK_ZONE_R1,IfcSpatialZone,CONSTRUCTION,CONSTRUCTION,zone,C,,REFERENCE_ONLY
ZONE_D,3$1Stc6JfRHQZHDbAILU6L,WORK_ZONE_R1,IfcSpatialZone,CONSTRUCTION,CONSTRUCTION,zone,D,,REFERENCE_ONLY
walkway_A,3q3q0DWtjTh8ZN5wMJC4TJ,PAVING_WALKWAY,IfcPavement,FLEXIBLE,FLEXIBLE,,A,A,PHYSICAL_DESIGN
walkway_B,2uUU441FzPTQzrtbwPLFUK,PAVING_WALKWAY,IfcPavement,FLEXIBLE,FLEXIBLE,,B,"A,B,D",PHYSICAL_DESIGN
walkway_C,19Dv29Y7vGQPOnCF_RhSPQ,PAVING_WALKWAY,IfcPavement,FLEXIBLE,FLEXIBLE,,C,"A,C",PHYSICAL_DESIGN
walkway_D,0mPlDNkl1NYQPHTpc1fBtL,PAVING_WALKWAY,IfcPavement,FLEXIBLE,FLEXIBLE,,D,"C,D",PHYSICAL_DESIGN
plaza_A,2RuwrdotDPRO4wT4PooqPW,PAVING_POCKET,IfcPavement,FLEXIBLE,FLEXIBLE,,A,A,PHYSICAL_DESIGN
plaza_C,0qfwjhpMnKS8C9ETlQ6DvM,PAVING_POCKET,IfcPavement,FLEXIBLE,FLEXIBLE,,C,C,PHYSICAL_DESIGN
plaza_D,3xEp6uVh9G9RMOhLExLruZ,PAVING_POCKET,IfcPavement,FLEXIBLE,FLEXIBLE,,D,"C,D",PHYSICAL_DESIGN
lawn_A,2TMfXTxhXNLvV7tqJ$0KgI,LAWN,IfcGeographicElement,VEGETATION,VEGETATION,,A,"A,B,C",AREA_ONLY_NO_ADDITIONAL_PLANT_COUNT
lawn_B,3DQ93yPh9H9gS6aKs3R_3F,LAWN,IfcGeographicElement,VEGETATION,VEGETATION,,B,"A,B,D",AREA_ONLY_NO_ADDITIONAL_PLANT_COUNT
lawn_C,1p635B579Ue8dBXvP_ghrm,LAWN,IfcGeographicElement,VEGETATION,VEGETATION,,C,"A,C",AREA_ONLY_NO_ADDITIONAL_PLANT_COUNT
lawn_D,30SBC5WpHJ3vOz9iiaguLl,LAWN,IfcGeographicElement,VEGETATION,VEGETATION,,D,"A,B,C,D",AREA_ONLY_NO_ADDITIONAL_PLANT_COUNT
shrub_A,2mofXfJPLR3A3TC$sO0JuJ,SHRUB_BED_AREA,IfcGeographicElement,VEGETATION,VEGETATION,,A,"A,B,C",AREA_ONLY_NO_ADDITIONAL_PLANT_COUNT
shrub_B,1TDXd0_SnQ5RCqmS8RbvCO,SHRUB_BED_AREA,IfcGeographicElement,VEGETATION,VEGETATION,,B,B,AREA_ONLY_NO_ADDITIONAL_PLANT_COUNT
shrub_C,0u6PcUk4bRlxGZvc3a_Wfe,SHRUB_BED_AREA,IfcGeographicElement,VEGETATION,VEGETATION,,C,C,AREA_ONLY_NO_ADDITIONAL_PLANT_COUNT
shrub_D,25sRKXEljG6gNF8O0rabTH,SHRUB_BED_AREA,IfcGeographicElement,VEGETATION,VEGETATION,,D,"B,D",AREA_ONLY_NO_ADDITIONAL_PLANT_COUNT
green_A,3Rtnkwg4bP8Rx7PpzPFj5M,MULCH,IfcCovering,USERDEFINED,MULCH,MULCH,A,"A,B",PHYSICAL_DESIGN
green_B,3K6pWDCm1KuRkDLYGXyhSh,MULCH,IfcCovering,USERDEFINED,MULCH,MULCH,B,B,PHYSICAL_DESIGN
green_C,0xSKiI1HfMM9XaOKMx74R6,MULCH,IfcCovering,USERDEFINED,MULCH,MULCH,C,C,PHYSICAL_DESIGN
green_D,22geK9FJnQrBvkSa8mSioj,MULCH,IfcCovering,USERDEFINED,MULCH,MULCH,D,"B,D",PHYSICAL_DESIGN
P2_N01,32o20Yq$fIu8Fbxd4ku08H,TREE,IfcGeographicElement,VEGETATION,VEGETATION,,C,C,INDIVIDUAL_PLANT_COUNT
P2_N02,32fq$v0WDOxPZsBdaKmGKv,TREE,IfcGeographicElement,VEGETATION,VEGETATION,,A,B,INDIVIDUAL_PLANT_COUNT
P2_N03,1KzHpDp8TOfg3ND1kZypKE,TREE,IfcGeographicElement,VEGETATION,VEGETATION,,B,B,INDIVIDUAL_PLANT_COUNT
P2_I01,02y87a1DbR9Q4AvdxI7PYf,TREE,IfcGeographicElement,VEGETATION,VEGETATION,,C,C,INDIVIDUAL_PLANT_COUNT
P2_I02,2wA21KkBrHfA02Gl2eiITH,TREE,IfcGeographicElement,VEGETATION,VEGETATION,,D,D,INDIVIDUAL_PLANT_COUNT
P2_I03,3Ebh5eESjRseZM_OJbax7z,TREE,IfcGeographicElement,VEGETATION,VEGETATION,,D,D,INDIVIDUAL_PLANT_COUNT
P2_I04,3VXnKSS4HHDg0dcHjSWwyv,TREE,IfcGeographicElement,VEGETATION,VEGETATION,,A,B,INDIVIDUAL_PLANT_COUNT
P2_I05,3QMDNvBXzIjQKTQOQ$O8i$,TREE,IfcGeographicElement,VEGETATION,VEGETATION,,B,B,INDIVIDUAL_PLANT_COUNT
P2_I06,00Qd1HSYfKH8QiDyHu9eeZ,TREE,IfcGeographicElement,VEGETATION,VEGETATION,,D,B,INDIVIDUAL_PLANT_COUNT
P2_I07,3gv7DXWyvUxOSt8FJ_jBfG,TREE,IfcGeographicElement,VEGETATION,VEGETATION,,A,A,INDIVIDUAL_PLANT_COUNT
P2_D01,0ZenG1k7vSWeZohT8fL$kw,TREE,IfcGeographicElement,VEGETATION,VEGETATION,,B,B,INDIVIDUAL_PLANT_COUNT
P2_D02,02lVwwMzvLIBNFnth4sQVM,TREE,IfcGeographicElement,VEGETATION,VEGETATION,,A,A,INDIVIDUAL_PLANT_COUNT
P2_D03,0GtydUzubMWxeS8$uNA2RA,TREE,IfcGeographicElement,VEGETATION,VEGETATION,,D,D,INDIVIDUAL_PLANT_COUNT
P2_T01,2gSA55vanH8ODXPrevY6hS,TREE,IfcGeographicElement,VEGETATION,VEGETATION,,B,B,INDIVIDUAL_PLANT_COUNT
P2_T02,1r03ubKVPIAPU_R$4tVrbd,TREE,IfcGeographicElement,VEGETATION,VEGETATION,,B,B,INDIVIDUAL_PLANT_COUNT
P2_T03,1qbKJG7tzOvwuITtIff3ER,TREE,IfcGeographicElement,VEGETATION,VEGETATION,,B,B,INDIVIDUAL_PLANT_COUNT
P2_B01-001,1NYMvE5ILU8gm3vg1UN72i,SHRUB_INDIVIDUAL,IfcGeographicElement,VEGETATION,VEGETATION,,C,C,INDIVIDUAL_PLANT_COUNT
P2_B01-002,2LwZ4BzNLO0uQXO2SvekPT,SHRUB_INDIVIDUAL,IfcGeographicElement,VEGETATION,VEGETATION,,C,C,INDIVIDUAL_PLANT_COUNT
P2_B01-003,3WCKa4RnfVFfXRKywJupFW,SHRUB_INDIVIDUAL,IfcGeographicElement,VEGETATION,VEGETATION,,C,C,INDIVIDUAL_PLANT_COUNT
P2_B01-004,2WiDxLF75RYf7RQD27Q_as,SHRUB_INDIVIDUAL,IfcGeographicElement,VEGETATION,VEGETATION,,C,C,INDIVIDUAL_PLANT_COUNT
P2_B01-005,1xs6ajYEXPFeIg1_R5aygJ,SHRUB_INDIVIDUAL,IfcGeographicElement,VEGETATION,VEGETATION,,C,C,INDIVIDUAL_PLANT_COUNT
P2_B01-006,340wse$TTH9AA9DZxMuI98,SHRUB_INDIVIDUAL,IfcGeographicElement,VEGETATION,VEGETATION,,C,C,INDIVIDUAL_PLANT_COUNT
P2_B01-007,3mrjTI8CPMGxBGH_NLbL0F,SHRUB_INDIVIDUAL,IfcGeographicElement,VEGETATION,VEGETATION,,C,C,INDIVIDUAL_PLANT_COUNT
P2_B01-008,2QLpM_5mfVJQC6Ep6qgwCJ,SHRUB_INDIVIDUAL,IfcGeographicElement,VEGETATION,VEGETATION,,C,C,INDIVIDUAL_PLANT_COUNT
P2_B01-009,0VWPR_oJXJqBlm5lZM$l$r,SHRUB_INDIVIDUAL,IfcGeographicElement,VEGETATION,VEGETATION,,C,C,INDIVIDUAL_PLANT_COUNT
P2_B01-010,1j2eaynWnTChuPM5RnTK$J,SHRUB_INDIVIDUAL,IfcGeographicElement,VEGETATION,VEGETATION,,C,C,INDIVIDUAL_PLANT_COUNT
P2_B01-011,3VZy8Q56HVUBT9v6iTwVAj,SHRUB_INDIVIDUAL,IfcGeographicElement,VEGETATION,VEGETATION,,C,C,INDIVIDUAL_PLANT_COUNT
P2_B01-012,0zCWKuk4bSrQT_gUll3iSr,SHRUB_INDIVIDUAL,IfcGeographicElement,VEGETATION,VEGETATION,,C,C,INDIVIDUAL_PLANT_COUNT
P2_B01-013,1Qu9Y4VPvI8QSVeQDFsgcW,SHRUB_INDIVIDUAL,IfcGeographicElement,VEGETATION,VEGETATION,,C,C,INDIVIDUAL_PLANT_COUNT
P2_B01-014,1BCiDsgbHVJeeGjnV4c8tP,SHRUB_INDIVIDUAL,IfcGeographicElement,VEGETATION,VEGETATION,,C,C,INDIVIDUAL_PLANT_COUNT
P2_B01-015,0E7lEDYSbNrALcsBqA4E4Q,SHRUB_INDIVIDUAL,IfcGeographicElement,VEGETATION,VEGETATION,,C,C,INDIVIDUAL_PLANT_COUNT
P2_B01-016,0nj58s_i1VCOsmu5EFP1GQ,SHRUB_INDIVIDUAL,IfcGeographicElement,VEGETATION,VEGETATION,,C,C,INDIVIDUAL_PLANT_COUNT
P2_B01-017,2sAv2f0y9SNQRX0STlhr$g,SHRUB_INDIVIDUAL,IfcGeographicElement,VEGETATION,VEGETATION,,C,C,INDIVIDUAL_PLANT_COUNT
P2_B01-018,3NYLaHKibRuhozMjiyNc58,SHRUB_INDIVIDUAL,IfcGeographicElement,VEGETATION,VEGETATION,,C,C,INDIVIDUAL_PLANT_COUNT
P2_B01-019,0VHIruTYTTTxcKg5YohOje,SHRUB_INDIVIDUAL,IfcGeographicElement,VEGETATION,VEGETATION,,C,C,INDIVIDUAL_PLANT_COUNT
P2_B01-020,1mUY36l6HO_A0BN7rbpJ_W,SHRUB_INDIVIDUAL,IfcGeographicElement,VEGETATION,VEGETATION,,C,C,INDIVIDUAL_PLANT_COUNT
P2_B01-021,2i38I4xgLMzBZMhqsSI5Ud,SHRUB_INDIVIDUAL,IfcGeographicElement,VEGETATION,VEGETATION,,C,C,INDIVIDUAL_PLANT_COUNT
P2_B01-022,2AFZAlqPTSKBbsoubLeaj5,SHRUB_INDIVIDUAL,IfcGeographicElement,VEGETATION,VEGETATION,,C,C,INDIVIDUAL_PLANT_COUNT
P2_B01-023,3mXTX8Q6HLLfasVSVQm1Kk,SHRUB_INDIVIDUAL,IfcGeographicElement,VEGETATION,VEGETATION,,C,C,INDIVIDUAL_PLANT_COUNT
P2_B01-024,1HYU0LPCvI$vrqgpBtC7d_,SHRUB_INDIVIDUAL,IfcGeographicElement,VEGETATION,VEGETATION,,C,C,INDIVIDUAL_PLANT_COUNT
P2_B01-025,3bJQJiDiDM7QmRG1qt5QLd,SHRUB_INDIVIDUAL,IfcGeographicElement,VEGETATION,VEGETATION,,C,C,INDIVIDUAL_PLANT_COUNT
P2_B01-026,3ImQMWszbPDOUTISM$$NMl,SHRUB_INDIVIDUAL,IfcGeographicElement,VEGETATION,VEGETATION,,C,C,INDIVIDUAL_PLANT_COUNT
P2_B01-027,0KWlfDxTfQohaUOQcnc73$,SHRUB_INDIVIDUAL,IfcGeographicElement,VEGETATION,VEGETATION,,C,C,INDIVIDUAL_PLANT_COUNT
P2_B01-028,28dm_xvPPOzAlk35iXVLnL,SHRUB_INDIVIDUAL,IfcGeographicElement,VEGETATION,VEGETATION,,C,C,INDIVIDUAL_PLANT_COUNT
P2_B01-029,38QFzX11nJRAZYpAxZki0q,SHRUB_INDIVIDUAL,IfcGeographicElement,VEGETATION,VEGETATION,,C,C,INDIVIDUAL_PLANT_COUNT
P2_B01-030,1psr1n6AXTiepbYNL3e05d,SHRUB_INDIVIDUAL,IfcGeographicElement,VEGETATION,VEGETATION,,C,C,INDIVIDUAL_PLANT_COUNT
P2_B01-031,00HqyoMsLO0gSOtdVEIt8J,SHRUB_INDIVIDUAL,IfcGeographicElement,VEGETATION,VEGETATION,,C,C,INDIVIDUAL_PLANT_COUNT
P2_B01-032,1qwa6N2e5R8fBY_bCZt5MK,SHRUB_INDIVIDUAL,IfcGeographicElement,VEGETATION,VEGETATION,,C,C,INDIVIDUAL_PLANT_COUNT
P2_B01-033,1DpgIZilbP7804Y1KC9tlw,SHRUB_INDIVIDUAL,IfcGeographicElement,VEGETATION,VEGETATION,,C,C,INDIVIDUAL_PLANT_COUNT
P2_B01-034,3Ojce$eBTM98jRog6caZa_,SHRUB_INDIVIDUAL,IfcGeographicElement,VEGETATION,VEGETATION,,C,C,INDIVIDUAL_PLANT_COUNT
P2_B01-035,0W3nzHvNzVMxUfOTv3jcUl,SHRUB_INDIVIDUAL,IfcGeographicElement,VEGETATION,VEGETATION,,C,C,INDIVIDUAL_PLANT_COUNT
P2_B01-036,1iqKe5o$fVUP3gLrtpa5I5,SHRUB_INDIVIDUAL,IfcGeographicElement,VEGETATION,VEGETATION,,C,C,INDIVIDUAL_PLANT_COUNT
P2_B01-037,1_gmCT1IzGJRTxf7rG3$m8,SHRUB_INDIVIDUAL,IfcGeographicElement,VEGETATION,VEGETATION,,C,C,INDIVIDUAL_PLANT_COUNT
P2_B01-038,0960wVj6fL8fYtFZnmzpHF,SHRUB_INDIVIDUAL,IfcGeographicElement,VEGETATION,VEGETATION,,C,C,INDIVIDUAL_PLANT_COUNT
P2_B01-039,3nfutFqbPGFweYz3W7udJH,SHRUB_INDIVIDUAL,IfcGeographicElement,VEGETATION,VEGETATION,,C,C,INDIVIDUAL_PLANT_COUNT
P2_B01-040,2BoJNLrmjKg9oJW4gL1lRA,SHRUB_INDIVIDUAL,IfcGeographicElement,VEGETATION,VEGETATION,,C,C,INDIVIDUAL_PLANT_COUNT
P2_B01-041,10Jm2hIXTGWuB3qbvsGNGk,SHRUB_INDIVIDUAL,IfcGeographicElement,VEGETATION,VEGETATION,,C,C,INDIVIDUAL_PLANT_COUNT
P2_B01-042,0$3AhVBZHUewoEhD$NPcAL,SHRUB_INDIVIDUAL,IfcGeographicElement,VEGETATION,VEGETATION,,C,C,INDIVIDUAL_PLANT_COUNT
P2_B01-043,0DI6heqBrGh9_oLpNkOARz,SHRUB_INDIVIDUAL,IfcGeographicElement,VEGETATION,VEGETATION,,C,C,INDIVIDUAL_PLANT_COUNT
P2_B01-044,2iDAeYw8fHtPPd42iwXBeY,SHRUB_INDIVIDUAL,IfcGeographicElement,VEGETATION,VEGETATION,,C,C,INDIVIDUAL_PLANT_COUNT
P2_B01-045,1KRxNkiAnMKxaWzZZI5ZzT,SHRUB_INDIVIDUAL,IfcGeographicElement,VEGETATION,VEGETATION,,C,C,INDIVIDUAL_PLANT_COUNT
P2_B01-046,0Kzx8xtGzLruAOt4ybAhIS,SHRUB_INDIVIDUAL,IfcGeographicElement,VEGETATION,VEGETATION,,C,C,INDIVIDUAL_PLANT_COUNT
P2_B01-047,0J494PjOXS1gRM5AbExuVA,SHRUB_INDIVIDUAL,IfcGeographicElement,VEGETATION,VEGETATION,,C,C,INDIVIDUAL_PLANT_COUNT
P2_B01-048,2cDDBk8$jVQO48UKV6WzuL,SHRUB_INDIVIDUAL,IfcGeographicElement,VEGETATION,VEGETATION,,C,C,INDIVIDUAL_PLANT_COUNT
P2_B01-049,04g2Xc0AfLTAj0qAXnSX4J,SHRUB_INDIVIDUAL,IfcGeographicElement,VEGETATION,VEGETATION,,C,C,INDIVIDUAL_PLANT_COUNT
P2_B01-050,3rO35tUG9PKATzQZubieoZ,SHRUB_INDIVIDUAL,IfcGeographicElement,VEGETATION,VEGETATION,,C,C,INDIVIDUAL_PLANT_COUNT
P2_B01-051,3xV4f1MX1Lxw0gtDzWgBva,SHRUB_INDIVIDUAL,IfcGeographicElement,VEGETATION,VEGETATION,,C,C,INDIVIDUAL_PLANT_COUNT
P2_B01-052,2sBN4BQXTSshFOjFM6ERAs,SHRUB_INDIVIDUAL,IfcGeographicElement,VEGETATION,VEGETATION,,C,C,INDIVIDUAL_PLANT_COUNT
P2_B01-053,1ajY79SRvGSh5cvvoEhz3S,SHRUB_INDIVIDUAL,IfcGeographicElement,VEGETATION,VEGETATION,,C,C,INDIVIDUAL_PLANT_COUNT
P2_B01-054,3fgYBR$Q9Ngx9QHat3nhpK,SHRUB_INDIVIDUAL,IfcGeographicElement,VEGETATION,VEGETATION,,C,C,INDIVIDUAL_PLANT_COUNT
P2_B01-055,23Sbx_2_zUifsTqcHL$L89,SHRUB_INDIVIDUAL,IfcGeographicElement,VEGETATION,VEGETATION,,C,C,INDIVIDUAL_PLANT_COUNT
P2_B01-056,395XnGulLH89_eigmczpMo,SHRUB_INDIVIDUAL,IfcGeographicElement,VEGETATION,VEGETATION,,C,C,INDIVIDUAL_PLANT_COUNT
P2_B01-057,1R0dyVnPrVABvo25tbiYEB,SHRUB_INDIVIDUAL,IfcGeographicElement,VEGETATION,VEGETATION,,C,C,INDIVIDUAL_PLANT_COUNT
P2_B01-058,0$LpI2kc1J8gxZG5bLB5fb,SHRUB_INDIVIDUAL,IfcGeographicElement,VEGETATION,VEGETATION,,C,C,INDIVIDUAL_PLANT_COUNT
P2_B01-059,3YnjIpIPDRbhsJ7Ji6IWaj,SHRUB_INDIVIDUAL,IfcGeographicElement,VEGETATION,VEGETATION,,C,C,INDIVIDUAL_PLANT_COUNT
P2_B01-060,1lFrzKO2bTI8HXaa4SRk2T,SHRUB_INDIVIDUAL,IfcGeographicElement,VEGETATION,VEGETATION,,C,C,INDIVIDUAL_PLANT_COUNT
P2_B01-061,3nU29njE1MaxmEh$sOI3BP,SHRUB_INDIVIDUAL,IfcGeographicElement,VEGETATION,VEGETATION,,C,C,INDIVIDUAL_PLANT_COUNT
P2_B01-062,0EOkSRN0rQWuCS16vz7zfI,SHRUB_INDIVIDUAL,IfcGeographicElement,VEGETATION,VEGETATION,,C,C,INDIVIDUAL_PLANT_COUNT
P2_B01-063,2m52Od0gzVJevfHNKjqRpj,SHRUB_INDIVIDUAL,IfcGeographicElement,VEGETATION,VEGETATION,,C,C,INDIVIDUAL_PLANT_COUNT
P2_B01-064,0XvCGVF51JLhcIvRx0BCUA,SHRUB_INDIVIDUAL,IfcGeographicElement,VEGETATION,VEGETATION,,C,C,INDIVIDUAL_PLANT_COUNT
P2_B01-065,2TYYhIYV9TNxG3AlZCmvf8,SHRUB_INDIVIDUAL,IfcGeographicElement,VEGETATION,VEGETATION,,C,C,INDIVIDUAL_PLANT_COUNT
P2_B01-066,0TOtWmCkzPyv9Cz4f0e$Lg,SHRUB_INDIVIDUAL,IfcGeographicElement,VEGETATION,VEGETATION,,C,C,INDIVIDUAL_PLANT_COUNT
P2_B01-067,3mGKWp07DO6wOgJxWl8mMm,SHRUB_INDIVIDUAL,IfcGeographicElement,VEGETATION,VEGETATION,,C,C,INDIVIDUAL_PLANT_COUNT
P2_B01-068,3RmEdSacvNGhmTNagDcbXm,SHRUB_INDIVIDUAL,IfcGeographicElement,VEGETATION,VEGETATION,,C,C,INDIVIDUAL_PLANT_COUNT
P2_B01-069,3Y8ZM8XrnLlvaGTHLoifh9,SHRUB_INDIVIDUAL,IfcGeographicElement,VEGETATION,VEGETATION,,C,C,INDIVIDUAL_PLANT_COUNT
P2_B01-070,1hku96nQLH784r$ccuajly,SHRUB_INDIVIDUAL,IfcGeographicElement,VEGETATION,VEGETATION,,C,C,INDIVIDUAL_PLANT_COUNT
P2_B01-071,15oI82TfHItQn6tvOsGP6R,SHRUB_INDIVIDUAL,IfcGeographicElement,VEGETATION,VEGETATION,,C,C,INDIVIDUAL_PLANT_COUNT
P2_B01-072,33PyTiASXPnefZrjcqzYDF,SHRUB_INDIVIDUAL,IfcGeographicElement,VEGETATION,VEGETATION,,C,C,INDIVIDUAL_PLANT_COUNT
P2_B01-073,0$3QLzKsXQ6gGCLfRhLRxh,SHRUB_INDIVIDUAL,IfcGeographicElement,VEGETATION,VEGETATION,,C,C,INDIVIDUAL_PLANT_COUNT
P2_B01-074,1E5IZPZjjSFOZNCMD$9kIF,SHRUB_INDIVIDUAL,IfcGeographicElement,VEGETATION,VEGETATION,,C,C,INDIVIDUAL_PLANT_COUNT
P2_B01-075,3Y5WSVZzjGD9uctUBH6tRc,SHRUB_INDIVIDUAL,IfcGeographicElement,VEGETATION,VEGETATION,,C,C,INDIVIDUAL_PLANT_COUNT
P2_B01-076,15IQz0rijRmANeCkhQXxK9,SHRUB_INDIVIDUAL,IfcGeographicElement,VEGETATION,VEGETATION,,C,C,INDIVIDUAL_PLANT_COUNT
P2_B01-077,33LHln0ZLRu9fwJkYIoL5M,SHRUB_INDIVIDUAL,IfcGeographicElement,VEGETATION,VEGETATION,,C,C,INDIVIDUAL_PLANT_COUNT
P2_B01-078,0vd57zx7XKOxwfQgFFTmZ_,SHRUB_INDIVIDUAL,IfcGeographicElement,VEGETATION,VEGETATION,,C,C,INDIVIDUAL_PLANT_COUNT
P2_B01-079,1I7V25gcLQugQN8VMmyr54,SHRUB_INDIVIDUAL,IfcGeographicElement,VEGETATION,VEGETATION,,C,C,INDIVIDUAL_PLANT_COUNT
P2_B01-080,1yM8g6kBrR0B4eyCb27xky,SHRUB_INDIVIDUAL,IfcGeographicElement,VEGETATION,VEGETATION,,C,C,INDIVIDUAL_PLANT_COUNT
P2_B01-081,1DyxVnh3vIyAJGdNUEvc$j,SHRUB_INDIVIDUAL,IfcGeographicElement,VEGETATION,VEGETATION,,C,C,INDIVIDUAL_PLANT_COUNT
P2_Y01-001,0M0iH79kLHGxJ5LaEtPSdE,SHRUB_INDIVIDUAL,IfcGeographicElement,VEGETATION,VEGETATION,,C,C,INDIVIDUAL_PLANT_COUNT
P2_Y01-002,26dTlXDoLUpvUY0_NJbnPa,SHRUB_INDIVIDUAL,IfcGeographicElement,VEGETATION,VEGETATION,,C,C,INDIVIDUAL_PLANT_COUNT
P2_Y01-003,1_QMF7AjTLwxAa6M2esmin,SHRUB_INDIVIDUAL,IfcGeographicElement,VEGETATION,VEGETATION,,C,C,INDIVIDUAL_PLANT_COUNT
P2_Y01-004,27ol26vjjI98uAomxzmXhe,SHRUB_INDIVIDUAL,IfcGeographicElement,VEGETATION,VEGETATION,,C,C,INDIVIDUAL_PLANT_COUNT
P2_Y01-005,0H62th8YfSwBrmUMmKkUdI,SHRUB_INDIVIDUAL,IfcGeographicElement,VEGETATION,VEGETATION,,C,C,INDIVIDUAL_PLANT_COUNT
P2_Y01-006,2sx4PJPELNI9FFyTorSMcU,SHRUB_INDIVIDUAL,IfcGeographicElement,VEGETATION,VEGETATION,,C,C,INDIVIDUAL_PLANT_COUNT
P2_Y01-007,2juDyzDpLKqwUvwlIWmBbp,SHRUB_INDIVIDUAL,IfcGeographicElement,VEGETATION,VEGETATION,,C,C,INDIVIDUAL_PLANT_COUNT
P2_Y01-008,1Spe8uX2fO5eB_i34LUJN4,SHRUB_INDIVIDUAL,IfcGeographicElement,VEGETATION,VEGETATION,,C,C,INDIVIDUAL_PLANT_COUNT
P2_Y01-009,1WV8L4uPTGnBLBHCXujZks,SHRUB_INDIVIDUAL,IfcGeographicElement,VEGETATION,VEGETATION,,C,C,INDIVIDUAL_PLANT_COUNT
P2_Y01-010,3rkGdSLtzGs8BTWe9iym6$,SHRUB_INDIVIDUAL,IfcGeographicElement,VEGETATION,VEGETATION,,C,C,INDIVIDUAL_PLANT_COUNT
P2_Y01-011,0fD$KA1qjItOrT87CcHsIo,SHRUB_INDIVIDUAL,IfcGeographicElement,VEGETATION,VEGETATION,,C,C,INDIVIDUAL_PLANT_COUNT
P2_Y01-012,1qlySKqdTL$wS_umVyqlts,SHRUB_INDIVIDUAL,IfcGeographicElement,VEGETATION,VEGETATION,,C,C,INDIVIDUAL_PLANT_COUNT
P2_Y01-013,0SULF2RtHGmAbm4oVaNZX1,SHRUB_INDIVIDUAL,IfcGeographicElement,VEGETATION,VEGETATION,,C,C,INDIVIDUAL_PLANT_COUNT
P2_Y01-014,1v4XrGxeDKQxXz8e4BXrjo,SHRUB_INDIVIDUAL,IfcGeographicElement,VEGETATION,VEGETATION,,C,C,INDIVIDUAL_PLANT_COUNT
P2_Y01-015,1FM45rqUnI7QVLxZp9XuTX,SHRUB_INDIVIDUAL,IfcGeographicElement,VEGETATION,VEGETATION,,C,C,INDIVIDUAL_PLANT_COUNT
P2_Y01-016,1WAb7piRzK5PWv8Vq19fox,SHRUB_INDIVIDUAL,IfcGeographicElement,VEGETATION,VEGETATION,,C,C,INDIVIDUAL_PLANT_COUNT
P2_Y01-017,0W2V_mPknGlw2xVLh09_Pu,SHRUB_INDIVIDUAL,IfcGeographicElement,VEGETATION,VEGETATION,,C,C,INDIVIDUAL_PLANT_COUNT
P2_Y01-018,2eF$vPKYbVSheIYqySNQuX,SHRUB_INDIVIDUAL,IfcGeographicElement,VEGETATION,VEGETATION,,C,C,INDIVIDUAL_PLANT_COUNT
P2_Y01-019,0UtrvUQr5NrQpWCni3uynJ,SHRUB_INDIVIDUAL,IfcGeographicElement,VEGETATION,VEGETATION,,C,C,INDIVIDUAL_PLANT_COUNT
P2_Y01-020,3Bynax09zRPv0s2q6dEyVb,SHRUB_INDIVIDUAL,IfcGeographicElement,VEGETATION,VEGETATION,,C,C,INDIVIDUAL_PLANT_COUNT
P2_Y01-021,3HcPo0izXVcRSmIHIJA75C,SHRUB_INDIVIDUAL,IfcGeographicElement,VEGETATION,VEGETATION,,C,C,INDIVIDUAL_PLANT_COUNT
P2_Y01-022,2ajIYGPATPvfScuQMYAhsP,SHRUB_INDIVIDUAL,IfcGeographicElement,VEGETATION,VEGETATION,,C,C,INDIVIDUAL_PLANT_COUNT
P2_Y01-023,1VzQIwjKrSO8$WqG7prtgh,SHRUB_INDIVIDUAL,IfcGeographicElement,VEGETATION,VEGETATION,,C,C,INDIVIDUAL_PLANT_COUNT
P2_Y01-024,2EcvYWzO9TzAGtsLrJF2ei,SHRUB_INDIVIDUAL,IfcGeographicElement,VEGETATION,VEGETATION,,C,C,INDIVIDUAL_PLANT_COUNT
P2_Y01-025,2dZQTskgXQmOYCHl$9mxNb,SHRUB_INDIVIDUAL,IfcGeographicElement,VEGETATION,VEGETATION,,C,C,INDIVIDUAL_PLANT_COUNT
P2_Y01-026,0dclXMfkjMLQyAAU4k2dK1,SHRUB_INDIVIDUAL,IfcGeographicElement,VEGETATION,VEGETATION,,C,C,INDIVIDUAL_PLANT_COUNT
P2_Y01-027,3XDphuOCfRHOL6tN$kqRjN,SHRUB_INDIVIDUAL,IfcGeographicElement,VEGETATION,VEGETATION,,C,C,INDIVIDUAL_PLANT_COUNT
P2_Y01-028,0VrfpolUXK1hwTeI6KThaf,SHRUB_INDIVIDUAL,IfcGeographicElement,VEGETATION,VEGETATION,,C,C,INDIVIDUAL_PLANT_COUNT
P2_B02-001,19UnKf3ZTMQfBwHarOCGAY,SHRUB_INDIVIDUAL,IfcGeographicElement,VEGETATION,VEGETATION,,D,D,INDIVIDUAL_PLANT_COUNT
P2_B02-002,1KVBzha2fTWx36YZlxFruC,SHRUB_INDIVIDUAL,IfcGeographicElement,VEGETATION,VEGETATION,,D,D,INDIVIDUAL_PLANT_COUNT
P2_B02-003,1EK_2fDcfO_xt2TpAHPtWW,SHRUB_INDIVIDUAL,IfcGeographicElement,VEGETATION,VEGETATION,,D,D,INDIVIDUAL_PLANT_COUNT
P2_B02-004,26Hr2WtizQhOz5LWnyNFVE,SHRUB_INDIVIDUAL,IfcGeographicElement,VEGETATION,VEGETATION,,D,D,INDIVIDUAL_PLANT_COUNT
P2_B02-005,3H0A2HlqXTJRH8_XL5Ozu5,SHRUB_INDIVIDUAL,IfcGeographicElement,VEGETATION,VEGETATION,,D,D,INDIVIDUAL_PLANT_COUNT
P2_B02-006,1AouH4RYvJvQ_hvuDBdGBW,SHRUB_INDIVIDUAL,IfcGeographicElement,VEGETATION,VEGETATION,,D,D,INDIVIDUAL_PLANT_COUNT
P2_B02-007,0moY_eYEfKGgdIiWoO0O1N,SHRUB_INDIVIDUAL,IfcGeographicElement,VEGETATION,VEGETATION,,D,D,INDIVIDUAL_PLANT_COUNT
P2_B02-008,0rDyWfuvHNRw1l$qGsbx4G,SHRUB_INDIVIDUAL,IfcGeographicElement,VEGETATION,VEGETATION,,D,D,INDIVIDUAL_PLANT_COUNT
P2_B02-009,3756lQSr5NYurbLUZNgGb9,SHRUB_INDIVIDUAL,IfcGeographicElement,VEGETATION,VEGETATION,,D,D,INDIVIDUAL_PLANT_COUNT
P2_B02-010,1qaZEMQ5jInwicnhrMFZhb,SHRUB_INDIVIDUAL,IfcGeographicElement,VEGETATION,VEGETATION,,D,D,INDIVIDUAL_PLANT_COUNT
P2_B02-011,0miIjqtkTPJhDUU6saWJPN,SHRUB_INDIVIDUAL,IfcGeographicElement,VEGETATION,VEGETATION,,D,D,INDIVIDUAL_PLANT_COUNT
P2_B02-012,2T8B915TXIigfNz$wxZetq,SHRUB_INDIVIDUAL,IfcGeographicElement,VEGETATION,VEGETATION,,D,D,INDIVIDUAL_PLANT_COUNT
P2_B02-013,19uBlnQgvMg8Gn_anAYAQ4,SHRUB_INDIVIDUAL,IfcGeographicElement,VEGETATION,VEGETATION,,D,D,INDIVIDUAL_PLANT_COUNT
P2_B02-014,2AxRulHYPH$xp15rZ$dbtj,SHRUB_INDIVIDUAL,IfcGeographicElement,VEGETATION,VEGETATION,,D,D,INDIVIDUAL_PLANT_COUNT
P2_B02-015,0osYJtEs5Sbgod4deKoahE,SHRUB_INDIVIDUAL,IfcGeographicElement,VEGETATION,VEGETATION,,D,D,INDIVIDUAL_PLANT_COUNT
P2_B02-016,2IAkCIY$DUSxNvkQRbEImD,SHRUB_INDIVIDUAL,IfcGeographicElement,VEGETATION,VEGETATION,,D,D,INDIVIDUAL_PLANT_COUNT
P2_B02-017,2CCjCsUd5IhvFwiUJt2ajj,SHRUB_INDIVIDUAL,IfcGeographicElement,VEGETATION,VEGETATION,,D,D,INDIVIDUAL_PLANT_COUNT
P2_B02-018,3MSPqxHKPPoeuMNt2rxo1M,SHRUB_INDIVIDUAL,IfcGeographicElement,VEGETATION,VEGETATION,,D,D,INDIVIDUAL_PLANT_COUNT
P2_B02-019,3MWXbq4V5GuwUE0nASlF8n,SHRUB_INDIVIDUAL,IfcGeographicElement,VEGETATION,VEGETATION,,D,D,INDIVIDUAL_PLANT_COUNT
P2_B02-020,3ntOA1hurTSgeIwv2XPgYb,SHRUB_INDIVIDUAL,IfcGeographicElement,VEGETATION,VEGETATION,,D,D,INDIVIDUAL_PLANT_COUNT
P2_B02-021,3QRKInOOHMdO6axKABKzpV,SHRUB_INDIVIDUAL,IfcGeographicElement,VEGETATION,VEGETATION,,D,D,INDIVIDUAL_PLANT_COUNT
P2_B02-022,0i8jfoPVnVfv66xj_BVgw_,SHRUB_INDIVIDUAL,IfcGeographicElement,VEGETATION,VEGETATION,,D,D,INDIVIDUAL_PLANT_COUNT
P2_B02-023,1nQZ7ZgV1HDAtptTHMz60i,SHRUB_INDIVIDUAL,IfcGeographicElement,VEGETATION,VEGETATION,,D,D,INDIVIDUAL_PLANT_COUNT
P2_B02-024,0M_STCtu1HHhnwkyyP81xh,SHRUB_INDIVIDUAL,IfcGeographicElement,VEGETATION,VEGETATION,,D,D,INDIVIDUAL_PLANT_COUNT
P2_B02-025,1oSsFcVCvNyOLUUbWRbZgn,SHRUB_INDIVIDUAL,IfcGeographicElement,VEGETATION,VEGETATION,,D,D,INDIVIDUAL_PLANT_COUNT
P2_B02-026,1lnpOFZEvUW8xp0ueciVA_,SHRUB_INDIVIDUAL,IfcGeographicElement,VEGETATION,VEGETATION,,D,D,INDIVIDUAL_PLANT_COUNT
P2_B02-027,0ZQjG$VzTSYR0vPnJIPxHJ,SHRUB_INDIVIDUAL,IfcGeographicElement,VEGETATION,VEGETATION,,D,D,INDIVIDUAL_PLANT_COUNT
P2_B02-028,1wFQwB9uTKHOb_VjXq8KhC,SHRUB_INDIVIDUAL,IfcGeographicElement,VEGETATION,VEGETATION,,D,D,INDIVIDUAL_PLANT_COUNT
P2_B02-029,0Q01wiuVTKdvE$bhYvVQHE,SHRUB_INDIVIDUAL,IfcGeographicElement,VEGETATION,VEGETATION,,D,D,INDIVIDUAL_PLANT_COUNT
P2_B02-030,0wF4F$v7DNBOzCik2mhtXC,SHRUB_INDIVIDUAL,IfcGeographicElement,VEGETATION,VEGETATION,,D,D,INDIVIDUAL_PLANT_COUNT
P2_B02-031,1ng29UucXRYfR6dKQy201V,SHRUB_INDIVIDUAL,IfcGeographicElement,VEGETATION,VEGETATION,,D,D,INDIVIDUAL_PLANT_COUNT
P2_B02-032,1BLI$XFK5KZPMkmZXIYPWh,SHRUB_INDIVIDUAL,IfcGeographicElement,VEGETATION,VEGETATION,,D,D,INDIVIDUAL_PLANT_COUNT
P2_B02-033,3BwmWztm9IoxgYBoH861xH,SHRUB_INDIVIDUAL,IfcGeographicElement,VEGETATION,VEGETATION,,D,D,INDIVIDUAL_PLANT_COUNT
P2_B02-034,2wl8HyhinORAerNegojv67,SHRUB_INDIVIDUAL,IfcGeographicElement,VEGETATION,VEGETATION,,D,D,INDIVIDUAL_PLANT_COUNT
P2_B02-035,32jPPUosTGIOk4jC$7PxnR,SHRUB_INDIVIDUAL,IfcGeographicElement,VEGETATION,VEGETATION,,D,D,INDIVIDUAL_PLANT_COUNT
P2_B02-036,1U8eZd8Y9IoAafZ8E32OmH,SHRUB_INDIVIDUAL,IfcGeographicElement,VEGETATION,VEGETATION,,D,D,INDIVIDUAL_PLANT_COUNT
P2_B02-037,10k7kijNjNhQtof38cIO7b,SHRUB_INDIVIDUAL,IfcGeographicElement,VEGETATION,VEGETATION,,D,D,INDIVIDUAL_PLANT_COUNT
P2_B02-038,2LEc2EUifTbQJtY3iEOYWj,SHRUB_INDIVIDUAL,IfcGeographicElement,VEGETATION,VEGETATION,,D,D,INDIVIDUAL_PLANT_COUNT
P2_B02-039,32f4sEM6zPUuCn6CyfslJs,SHRUB_INDIVIDUAL,IfcGeographicElement,VEGETATION,VEGETATION,,D,D,INDIVIDUAL_PLANT_COUNT
P2_B02-040,3C0G2i60HUZ8WzJOc7EyWX,SHRUB_INDIVIDUAL,IfcGeographicElement,VEGETATION,VEGETATION,,D,D,INDIVIDUAL_PLANT_COUNT
P2_B02-041,0yW2_Hu7jPOhzN47Q1xuvd,SHRUB_INDIVIDUAL,IfcGeographicElement,VEGETATION,VEGETATION,,D,D,INDIVIDUAL_PLANT_COUNT
P2_B02-042,3hpkMCZnXGdQngESO4hMqB,SHRUB_INDIVIDUAL,IfcGeographicElement,VEGETATION,VEGETATION,,D,D,INDIVIDUAL_PLANT_COUNT
P2_B02-043,0GnLJ2yh1QtuE9sA7rNiMa,SHRUB_INDIVIDUAL,IfcGeographicElement,VEGETATION,VEGETATION,,D,D,INDIVIDUAL_PLANT_COUNT
P2_B02-044,1KdWwm8HrJAv15wyil3PL_,SHRUB_INDIVIDUAL,IfcGeographicElement,VEGETATION,VEGETATION,,D,D,INDIVIDUAL_PLANT_COUNT
P2_B02-045,1NM5x5TorRwuWXy_lG0PPJ,SHRUB_INDIVIDUAL,IfcGeographicElement,VEGETATION,VEGETATION,,D,D,INDIVIDUAL_PLANT_COUNT
P2_B02-046,3tYcq0cT9Jme$piD2xXBq2,SHRUB_INDIVIDUAL,IfcGeographicElement,VEGETATION,VEGETATION,,D,D,INDIVIDUAL_PLANT_COUNT
P2_B02-047,3w5BTXVgnLSxbuLB7c1Y3g,SHRUB_INDIVIDUAL,IfcGeographicElement,VEGETATION,VEGETATION,,D,D,INDIVIDUAL_PLANT_COUNT
P2_B02-048,0kPZnZvSfNkxeXAe$cgrUB,SHRUB_INDIVIDUAL,IfcGeographicElement,VEGETATION,VEGETATION,,D,D,INDIVIDUAL_PLANT_COUNT
P2_B02-049,0P6O9mAc1RpgqrbCoKwF3Z,SHRUB_INDIVIDUAL,IfcGeographicElement,VEGETATION,VEGETATION,,D,D,INDIVIDUAL_PLANT_COUNT
P2_B02-050,1vINH5uGTHTwu$flpzLoJU,SHRUB_INDIVIDUAL,IfcGeographicElement,VEGETATION,VEGETATION,,D,D,INDIVIDUAL_PLANT_COUNT
P2_B02-051,3TTHamwC1LO8H7ypRj5Xk2,SHRUB_INDIVIDUAL,IfcGeographicElement,VEGETATION,VEGETATION,,D,D,INDIVIDUAL_PLANT_COUNT
P2_B02-052,0jtu5AXVPOsRx5WFqShNd8,SHRUB_INDIVIDUAL,IfcGeographicElement,VEGETATION,VEGETATION,,D,D,INDIVIDUAL_PLANT_COUNT
P2_B02-053,2jzq6vuiXNYA4R1lh1PzIy,SHRUB_INDIVIDUAL,IfcGeographicElement,VEGETATION,VEGETATION,,D,D,INDIVIDUAL_PLANT_COUNT
P2_B02-054,2s1G$Wr4rNg8o$xNJy_u00,SHRUB_INDIVIDUAL,IfcGeographicElement,VEGETATION,VEGETATION,,D,D,INDIVIDUAL_PLANT_COUNT
P2_B02-055,0ta8lLS65LAxCNHCt4vsjx,SHRUB_INDIVIDUAL,IfcGeographicElement,VEGETATION,VEGETATION,,D,D,INDIVIDUAL_PLANT_COUNT
P2_B02-056,0Xs7yqxJPL19Bb4D497jGj,SHRUB_INDIVIDUAL,IfcGeographicElement,VEGETATION,VEGETATION,,D,D,INDIVIDUAL_PLANT_COUNT
P2_B02-057,1aNixMQATOXg85829s8m4t,SHRUB_INDIVIDUAL,IfcGeographicElement,VEGETATION,VEGETATION,,D,D,INDIVIDUAL_PLANT_COUNT
P2_B02-058,398nWdesTVEhQOokSd69OG,SHRUB_INDIVIDUAL,IfcGeographicElement,VEGETATION,VEGETATION,,D,D,INDIVIDUAL_PLANT_COUNT
P2_B02-059,2lfN3RvZDMPQlF9DD35mzt,SHRUB_INDIVIDUAL,IfcGeographicElement,VEGETATION,VEGETATION,,D,D,INDIVIDUAL_PLANT_COUNT
P2_B02-060,08jbWsA6DIV8HyLVslMvU5,SHRUB_INDIVIDUAL,IfcGeographicElement,VEGETATION,VEGETATION,,D,D,INDIVIDUAL_PLANT_COUNT
P2_B02-061,3143Q3woPSLPKGH9LLy36U,SHRUB_INDIVIDUAL,IfcGeographicElement,VEGETATION,VEGETATION,,D,D,INDIVIDUAL_PLANT_COUNT
P2_B02-062,10CRIVYRLJvApE4WsWYIQk,SHRUB_INDIVIDUAL,IfcGeographicElement,VEGETATION,VEGETATION,,D,D,INDIVIDUAL_PLANT_COUNT
P2_B02-063,0gLcHazYHSeucFRzvIJ8I5,SHRUB_INDIVIDUAL,IfcGeographicElement,VEGETATION,VEGETATION,,D,D,INDIVIDUAL_PLANT_COUNT
P2_B02-064,36BAcmQtLSTPHXoYAWTU6Q,SHRUB_INDIVIDUAL,IfcGeographicElement,VEGETATION,VEGETATION,,D,D,INDIVIDUAL_PLANT_COUNT
P2_B02-065,1KiPGm0QHIEx_74Sv2lbWq,SHRUB_INDIVIDUAL,IfcGeographicElement,VEGETATION,VEGETATION,,D,D,INDIVIDUAL_PLANT_COUNT
P2_B02-066,1NOWCLlVfGR8IHzI37hTen,SHRUB_INDIVIDUAL,IfcGeographicElement,VEGETATION,VEGETATION,,D,D,INDIVIDUAL_PLANT_COUNT
P2_B02-067,1baS$714rJP9QjGHaBA5sZ,SHRUB_INDIVIDUAL,IfcGeographicElement,VEGETATION,VEGETATION,,D,D,INDIVIDUAL_PLANT_COUNT
P2_B02-068,225WXkW0vJXudtqx51yGFS,SHRUB_INDIVIDUAL,IfcGeographicElement,VEGETATION,VEGETATION,,D,D,INDIVIDUAL_PLANT_COUNT
P2_B02-069,3KJfhQ9K1Skw1MzY2KgETp,SHRUB_INDIVIDUAL,IfcGeographicElement,VEGETATION,VEGETATION,,D,D,INDIVIDUAL_PLANT_COUNT
P2_B02-070,1FUa76mq1IYO31CSBrZdbc,SHRUB_INDIVIDUAL,IfcGeographicElement,VEGETATION,VEGETATION,,D,D,INDIVIDUAL_PLANT_COUNT
P2_B02-071,1eJbEth81VTxpYhBg9QTfu,SHRUB_INDIVIDUAL,IfcGeographicElement,VEGETATION,VEGETATION,,D,D,INDIVIDUAL_PLANT_COUNT
P2_B02-072,3vOmWk7GXOXe9l$qV1pMp2,SHRUB_INDIVIDUAL,IfcGeographicElement,VEGETATION,VEGETATION,,D,D,INDIVIDUAL_PLANT_COUNT
P2_B02-073,0IpkH07iPG7vLwp62HHiZb,SHRUB_INDIVIDUAL,IfcGeographicElement,VEGETATION,VEGETATION,,D,D,INDIVIDUAL_PLANT_COUNT
P2_B02-074,3c8bTdCWLQ7P5DMxBQqNI_,SHRUB_INDIVIDUAL,IfcGeographicElement,VEGETATION,VEGETATION,,D,D,INDIVIDUAL_PLANT_COUNT
P2_B02-075,1ZAtG34LPTmQwln5RiEyW$,SHRUB_INDIVIDUAL,IfcGeographicElement,VEGETATION,VEGETATION,,D,D,INDIVIDUAL_PLANT_COUNT
P2_B02-076,2YMQMqwhHGywaHPYWOWqWt,SHRUB_INDIVIDUAL,IfcGeographicElement,VEGETATION,VEGETATION,,D,D,INDIVIDUAL_PLANT_COUNT
P2_B02-077,0EBiUedKHTEOL3eErFrO4A,SHRUB_INDIVIDUAL,IfcGeographicElement,VEGETATION,VEGETATION,,D,D,INDIVIDUAL_PLANT_COUNT
P2_B02-078,3FMjPXsnfGpP0DurOJSLG7,SHRUB_INDIVIDUAL,IfcGeographicElement,VEGETATION,VEGETATION,,D,D,INDIVIDUAL_PLANT_COUNT
P2_B02-079,1xEbI2cTrLRheQA84xs8lP,SHRUB_INDIVIDUAL,IfcGeographicElement,VEGETATION,VEGETATION,,D,D,INDIVIDUAL_PLANT_COUNT
P2_B02-080,1Z04rRnxvP4O2u8O_axddQ,SHRUB_INDIVIDUAL,IfcGeographicElement,VEGETATION,VEGETATION,,D,D,INDIVIDUAL_PLANT_COUNT
P2_B02-081,2XZ_FYS5nSs87P6_RnvUW1,SHRUB_INDIVIDUAL,IfcGeographicElement,VEGETATION,VEGETATION,,D,D,INDIVIDUAL_PLANT_COUNT
P2_B02-082,1Hic1QqMrNgB7Gbzcdnm$C,SHRUB_INDIVIDUAL,IfcGeographicElement,VEGETATION,VEGETATION,,D,D,INDIVIDUAL_PLANT_COUNT
P2_B02-083,3oZzkHiofJ8ulGxpAgcP9S,SHRUB_INDIVIDUAL,IfcGeographicElement,VEGETATION,VEGETATION,,D,D,INDIVIDUAL_PLANT_COUNT
P2_B02-084,1loQVuRNjJyBYb6$AKhAIB,SHRUB_INDIVIDUAL,IfcGeographicElement,VEGETATION,VEGETATION,,D,D,INDIVIDUAL_PLANT_COUNT
P2_B02-085,03rDAEfdXITBL6BEpwl1FD,SHRUB_INDIVIDUAL,IfcGeographicElement,VEGETATION,VEGETATION,,D,D,INDIVIDUAL_PLANT_COUNT
P2_B02-086,31gWpKOaHTl8v1RSm5nFpZ,SHRUB_INDIVIDUAL,IfcGeographicElement,VEGETATION,VEGETATION,,D,D,INDIVIDUAL_PLANT_COUNT
P2_B02-087,1$vnc_buHSh8Q12vn_1WvU,SHRUB_INDIVIDUAL,IfcGeographicElement,VEGETATION,VEGETATION,,D,D,INDIVIDUAL_PLANT_COUNT
P2_B02-088,1SbhZrugbVNfSGbjlz_Nbr,SHRUB_INDIVIDUAL,IfcGeographicElement,VEGETATION,VEGETATION,,D,D,INDIVIDUAL_PLANT_COUNT
P2_B02-089,2XDc0yDWPMTvIEXaQgoC3c,SHRUB_INDIVIDUAL,IfcGeographicElement,VEGETATION,VEGETATION,,D,D,INDIVIDUAL_PLANT_COUNT
P2_B02-090,3M6sWh9PLLZu162WuStDtW,SHRUB_INDIVIDUAL,IfcGeographicElement,VEGETATION,VEGETATION,,D,D,INDIVIDUAL_PLANT_COUNT
P2_B02-091,0FaLduJaPMUgYeuzIOxgGb,SHRUB_INDIVIDUAL,IfcGeographicElement,VEGETATION,VEGETATION,,D,D,INDIVIDUAL_PLANT_COUNT
P2_B02-092,0jJtCTqUPL3ft9tDBgPtwp,SHRUB_INDIVIDUAL,IfcGeographicElement,VEGETATION,VEGETATION,,D,D,INDIVIDUAL_PLANT_COUNT
P2_B02-093,0vzpV254rQa8iHvljY3QM3,SHRUB_INDIVIDUAL,IfcGeographicElement,VEGETATION,VEGETATION,,D,D,INDIVIDUAL_PLANT_COUNT
P2_B02-094,0NWhm4jlzHSAkFoIBLPPc_,SHRUB_INDIVIDUAL,IfcGeographicElement,VEGETATION,VEGETATION,,D,D,INDIVIDUAL_PLANT_COUNT
P2_B02-095,2wQnHNmDDJNBaiMWQamcJH,SHRUB_INDIVIDUAL,IfcGeographicElement,VEGETATION,VEGETATION,,D,D,INDIVIDUAL_PLANT_COUNT
P2_B02-096,3WlWxZ5nrRvOJMOVoAZhhF,SHRUB_INDIVIDUAL,IfcGeographicElement,VEGETATION,VEGETATION,,D,D,INDIVIDUAL_PLANT_COUNT
P2_B02-097,39DT_JyjXQqfJAIXNvmD8s,SHRUB_INDIVIDUAL,IfcGeographicElement,VEGETATION,VEGETATION,,D,D,INDIVIDUAL_PLANT_COUNT
P2_B02-098,1$jUzLQTvNM96K92TadM6N,SHRUB_INDIVIDUAL,IfcGeographicElement,VEGETATION,VEGETATION,,D,D,INDIVIDUAL_PLANT_COUNT
P2_B02-099,2pl_OPPufTjBqa6DXz88LY,SHRUB_INDIVIDUAL,IfcGeographicElement,VEGETATION,VEGETATION,,D,D,INDIVIDUAL_PLANT_COUNT
P2_B02-100,17XM_gLujL8OomUALJg9lL,SHRUB_INDIVIDUAL,IfcGeographicElement,VEGETATION,VEGETATION,,D,D,INDIVIDUAL_PLANT_COUNT
P2_Y02-001,0JVtOADojS7hS1W3QoHQrZ,SHRUB_INDIVIDUAL,IfcGeographicElement,VEGETATION,VEGETATION,,D,D,INDIVIDUAL_PLANT_COUNT
P2_Y02-002,1LsoqFg0nK2uRcNlusjIon,SHRUB_INDIVIDUAL,IfcGeographicElement,VEGETATION,VEGETATION,,D,D,INDIVIDUAL_PLANT_COUNT
P2_Y02-003,2Sexj69MzKvBuvjK6F_Hgl,SHRUB_INDIVIDUAL,IfcGeographicElement,VEGETATION,VEGETATION,,D,D,INDIVIDUAL_PLANT_COUNT
P2_Y02-004,2R0yu1MGbNtR_2d3QfJwMi,SHRUB_INDIVIDUAL,IfcGeographicElement,VEGETATION,VEGETATION,,D,D,INDIVIDUAL_PLANT_COUNT
P2_Y02-005,3zqIKwKubSrAmC3blv_Mbv,SHRUB_INDIVIDUAL,IfcGeographicElement,VEGETATION,VEGETATION,,D,D,INDIVIDUAL_PLANT_COUNT
P2_Y02-006,39pPyKY21OkODw1Q4FuXSt,SHRUB_INDIVIDUAL,IfcGeographicElement,VEGETATION,VEGETATION,,D,D,INDIVIDUAL_PLANT_COUNT
P2_Y02-007,0ObqtzWTfOifnZ3j_cQp4J,SHRUB_INDIVIDUAL,IfcGeographicElement,VEGETATION,VEGETATION,,D,D,INDIVIDUAL_PLANT_COUNT
P2_Y02-008,3Ru$i9$HbJLgSOsCGag0V9,SHRUB_INDIVIDUAL,IfcGeographicElement,VEGETATION,VEGETATION,,D,D,INDIVIDUAL_PLANT_COUNT
P2_Y02-009,01LVPZcrDSBR9URD8oVazO,SHRUB_INDIVIDUAL,IfcGeographicElement,VEGETATION,VEGETATION,,D,D,INDIVIDUAL_PLANT_COUNT
P2_Y02-010,0NTWbxatLP$e8VALcJ$XpY,SHRUB_INDIVIDUAL,IfcGeographicElement,VEGETATION,VEGETATION,,D,D,INDIVIDUAL_PLANT_COUNT
P2_Y02-011,3oWsssxDXMGxJC1j_U$Dyv,SHRUB_INDIVIDUAL,IfcGeographicElement,VEGETATION,VEGETATION,,D,D,INDIVIDUAL_PLANT_COUNT
P2_Y02-012,3$GPjaFUXL2gRwwiHXm2df,SHRUB_INDIVIDUAL,IfcGeographicElement,VEGETATION,VEGETATION,,D,D,INDIVIDUAL_PLANT_COUNT
P2_Y02-013,3EF_TcXnHM8Ojrqqx03_rF,SHRUB_INDIVIDUAL,IfcGeographicElement,VEGETATION,VEGETATION,,D,D,INDIVIDUAL_PLANT_COUNT
P2_Y02-014,1yYRr2xpnOwuq$NdZFsYPG,SHRUB_INDIVIDUAL,IfcGeographicElement,VEGETATION,VEGETATION,,D,D,INDIVIDUAL_PLANT_COUNT
P2_Y02-015,2JN3EuDlLSeBIf5HIpLJtj,SHRUB_INDIVIDUAL,IfcGeographicElement,VEGETATION,VEGETATION,,D,D,INDIVIDUAL_PLANT_COUNT
P2_Y02-016,1OYSoeUQ5RzOGtrHgtmYnS,SHRUB_INDIVIDUAL,IfcGeographicElement,VEGETATION,VEGETATION,,D,D,INDIVIDUAL_PLANT_COUNT
P2_Y02-017,2c1CHqqMLRfe8Y28ZFn4gn,SHRUB_INDIVIDUAL,IfcGeographicElement,VEGETATION,VEGETATION,,D,D,INDIVIDUAL_PLANT_COUNT
P2_Y02-018,15IwRwXqTJBuW5B6QRcDj8,SHRUB_INDIVIDUAL,IfcGeographicElement,VEGETATION,VEGETATION,,D,D,INDIVIDUAL_PLANT_COUNT
P2_Y02-019,1Ns8vKXNfP78XSGTX7iaDs,SHRUB_INDIVIDUAL,IfcGeographicElement,VEGETATION,VEGETATION,,D,D,INDIVIDUAL_PLANT_COUNT
P2_Y02-020,2_3vAWn9bNowZpZiHOLxeV,SHRUB_INDIVIDUAL,IfcGeographicElement,VEGETATION,VEGETATION,,D,D,INDIVIDUAL_PLANT_COUNT
P2_Y02-021,25xw$VhJTLhRfJD5ABoEez,SHRUB_INDIVIDUAL,IfcGeographicElement,VEGETATION,VEGETATION,,D,D,INDIVIDUAL_PLANT_COUNT
P2_Y02-022,3Oc_Hmf8XVOuRXsZMCk2kH,SHRUB_INDIVIDUAL,IfcGeographicElement,VEGETATION,VEGETATION,,D,D,INDIVIDUAL_PLANT_COUNT
P2_Y02-023,1Im09dCY5JnezJZEi_FXYx,SHRUB_INDIVIDUAL,IfcGeographicElement,VEGETATION,VEGETATION,,D,D,INDIVIDUAL_PLANT_COUNT
P2_Y02-024,1jlEfXfujRzPg7k_llNDFU,SHRUB_INDIVIDUAL,IfcGeographicElement,VEGETATION,VEGETATION,,D,D,INDIVIDUAL_PLANT_COUNT
P2_Y02-025,3mKsy9WGLHhQAl4K$mucsx,SHRUB_INDIVIDUAL,IfcGeographicElement,VEGETATION,VEGETATION,,D,D,INDIVIDUAL_PLANT_COUNT
P2_Y02-026,31cj4S_$LRuwePS_L6i34u,SHRUB_INDIVIDUAL,IfcGeographicElement,VEGETATION,VEGETATION,,D,D,INDIVIDUAL_PLANT_COUNT
P2_Y02-027,2JFViFIPPOLwDYoNl3Ue5O,SHRUB_INDIVIDUAL,IfcGeographicElement,VEGETATION,VEGETATION,,D,D,INDIVIDUAL_PLANT_COUNT
P2_Y02-028,0moiyqRenMixd9T7rLzuVr,SHRUB_INDIVIDUAL,IfcGeographicElement,VEGETATION,VEGETATION,,D,D,INDIVIDUAL_PLANT_COUNT
P2_Y02-029,2hM8uYj31M5BI3pAHJ8skq,SHRUB_INDIVIDUAL,IfcGeographicElement,VEGETATION,VEGETATION,,D,D,INDIVIDUAL_PLANT_COUNT
P2_Y02-030,0FRI3iQWnME9NDbKB__$D0,SHRUB_INDIVIDUAL,IfcGeographicElement,VEGETATION,VEGETATION,,D,D,INDIVIDUAL_PLANT_COUNT
P2_Y02-031,2GHMfSDXvSEgtkmQd329S8,SHRUB_INDIVIDUAL,IfcGeographicElement,VEGETATION,VEGETATION,,D,D,INDIVIDUAL_PLANT_COUNT
P2_Y02-032,1AoZsLYl5Q0hmHB2fSQf_W,SHRUB_INDIVIDUAL,IfcGeographicElement,VEGETATION,VEGETATION,,D,D,INDIVIDUAL_PLANT_COUNT
P2_R01-001,34ulYXPovGuvno_D$XFegX,SHRUB_INDIVIDUAL,IfcGeographicElement,VEGETATION,VEGETATION,,C,C,INDIVIDUAL_PLANT_COUNT
P2_R01-002,1cvTK9urHKnu$zZjQ2sFfw,SHRUB_INDIVIDUAL,IfcGeographicElement,VEGETATION,VEGETATION,,C,C,INDIVIDUAL_PLANT_COUNT
P2_R01-003,1rjzjktWPO_ht0nz5QtjeE,SHRUB_INDIVIDUAL,IfcGeographicElement,VEGETATION,VEGETATION,,C,C,INDIVIDUAL_PLANT_COUNT
P2_R01-004,2r51_iq4bKnPlE9sqpUqoR,SHRUB_INDIVIDUAL,IfcGeographicElement,VEGETATION,VEGETATION,,C,C,INDIVIDUAL_PLANT_COUNT
P2_R01-005,1Zgn2DhfPUzwweUppN2387,SHRUB_INDIVIDUAL,IfcGeographicElement,VEGETATION,VEGETATION,,C,C,INDIVIDUAL_PLANT_COUNT
P2_R01-006,0gexFRWHXTduhdHPh40J4T,SHRUB_INDIVIDUAL,IfcGeographicElement,VEGETATION,VEGETATION,,C,C,INDIVIDUAL_PLANT_COUNT
P2_R01-007,3hyV3b0APPJO_CYT5$v69y,SHRUB_INDIVIDUAL,IfcGeographicElement,VEGETATION,VEGETATION,,C,C,INDIVIDUAL_PLANT_COUNT
P2_R01-008,32ls88HS5IPf8nSm8eIwEB,SHRUB_INDIVIDUAL,IfcGeographicElement,VEGETATION,VEGETATION,,C,C,INDIVIDUAL_PLANT_COUNT
P2_R01-009,323oyGiZnMG8r11uZdngRm,SHRUB_INDIVIDUAL,IfcGeographicElement,VEGETATION,VEGETATION,,C,C,INDIVIDUAL_PLANT_COUNT
P2_R01-010,3Af2f8awbSOAE$DF7T0tF6,SHRUB_INDIVIDUAL,IfcGeographicElement,VEGETATION,VEGETATION,,C,C,INDIVIDUAL_PLANT_COUNT
P2_R01-011,0ga7TB7urPGQdYwUtFDAjx,SHRUB_INDIVIDUAL,IfcGeographicElement,VEGETATION,VEGETATION,,C,C,INDIVIDUAL_PLANT_COUNT
P2_R01-012,3gCHXs9dzR78PoqSIvTpBk,SHRUB_INDIVIDUAL,IfcGeographicElement,VEGETATION,VEGETATION,,C,C,INDIVIDUAL_PLANT_COUNT
P2_R01-013,2_CgA_MhzLOAsi7zlbvaaJ,SHRUB_INDIVIDUAL,IfcGeographicElement,VEGETATION,VEGETATION,,C,C,INDIVIDUAL_PLANT_COUNT
P2_R01-014,1gnYxaYJHKQRIOvR1xOWZl,SHRUB_INDIVIDUAL,IfcGeographicElement,VEGETATION,VEGETATION,,C,C,INDIVIDUAL_PLANT_COUNT
P2_R01-015,1OI$3vILTRRxtrcl5u7oyQ,SHRUB_INDIVIDUAL,IfcGeographicElement,VEGETATION,VEGETATION,,C,C,INDIVIDUAL_PLANT_COUNT
P2_R01-016,08e7y0F7fMVhOgtu6CF4HK,SHRUB_INDIVIDUAL,IfcGeographicElement,VEGETATION,VEGETATION,,C,C,INDIVIDUAL_PLANT_COUNT
P2_R01-017,2_m2dh5avJa9_2JJTH0pTX,SHRUB_INDIVIDUAL,IfcGeographicElement,VEGETATION,VEGETATION,,C,C,INDIVIDUAL_PLANT_COUNT
P2_R01-018,0ldfJQOjLIngfGZzpTyFTy,SHRUB_INDIVIDUAL,IfcGeographicElement,VEGETATION,VEGETATION,,C,C,INDIVIDUAL_PLANT_COUNT
P2_R01-019,1hl3UMoEPQN89AxITB7mGu,SHRUB_INDIVIDUAL,IfcGeographicElement,VEGETATION,VEGETATION,,C,C,INDIVIDUAL_PLANT_COUNT
P2_R01-020,3i3wLaXUDMredYAlOY9F0k,SHRUB_INDIVIDUAL,IfcGeographicElement,VEGETATION,VEGETATION,,C,C,INDIVIDUAL_PLANT_COUNT
P2_R01-021,3gphtraivHahGtnlxwjjNE,SHRUB_INDIVIDUAL,IfcGeographicElement,VEGETATION,VEGETATION,,C,C,INDIVIDUAL_PLANT_COUNT
P2_R01-022,2KXEplgyTPzvzIFHcY7gFr,SHRUB_INDIVIDUAL,IfcGeographicElement,VEGETATION,VEGETATION,,C,C,INDIVIDUAL_PLANT_COUNT
P2_R01-023,27C7q4w_LOC89tM6Xiuscj,SHRUB_INDIVIDUAL,IfcGeographicElement,VEGETATION,VEGETATION,,C,C,INDIVIDUAL_PLANT_COUNT
P2_R01-024,2THjCFSbrUIv6enfxnLxJm,SHRUB_INDIVIDUAL,IfcGeographicElement,VEGETATION,VEGETATION,,C,C,INDIVIDUAL_PLANT_COUNT
P2_R01-025,05x49oePTNeOEPoL$RGSUX,SHRUB_INDIVIDUAL,IfcGeographicElement,VEGETATION,VEGETATION,,C,C,INDIVIDUAL_PLANT_COUNT
P2_R01-026,0rM4OtEIDKcOWMvSOYNi1d,SHRUB_INDIVIDUAL,IfcGeographicElement,VEGETATION,VEGETATION,,C,C,INDIVIDUAL_PLANT_COUNT
P2_R01-027,0QAd_0xmPLlv4oUnbEoW8z,SHRUB_INDIVIDUAL,IfcGeographicElement,VEGETATION,VEGETATION,,C,C,INDIVIDUAL_PLANT_COUNT
P2_R01-028,2bzteFUL5Jh8p3umlmiSJI,SHRUB_INDIVIDUAL,IfcGeographicElement,VEGETATION,VEGETATION,,C,C,INDIVIDUAL_PLANT_COUNT
P2_R01-029,2HIyy4yFfPUOO3cvTFL8OS,SHRUB_INDIVIDUAL,IfcGeographicElement,VEGETATION,VEGETATION,,C,C,INDIVIDUAL_PLANT_COUNT
P2_R01-030,2k_nNN54fRDRooR81SHtTM,SHRUB_INDIVIDUAL,IfcGeographicElement,VEGETATION,VEGETATION,,C,C,INDIVIDUAL_PLANT_COUNT
P2_R01-031,24vyN2olzRyOo5SIhvn9db,SHRUB_INDIVIDUAL,IfcGeographicElement,VEGETATION,VEGETATION,,C,C,INDIVIDUAL_PLANT_COUNT
P2_R01-032,2jHcT9gU1KqBdMgzBJijpl,SHRUB_INDIVIDUAL,IfcGeographicElement,VEGETATION,VEGETATION,,C,C,INDIVIDUAL_PLANT_COUNT
P2_R01-033,0WE7CH_svHEwu__Y_yFh7c,SHRUB_INDIVIDUAL,IfcGeographicElement,VEGETATION,VEGETATION,,C,C,INDIVIDUAL_PLANT_COUNT
P2_R01-034,0sqCSW6VbKWwOzemvAHx4f,SHRUB_INDIVIDUAL,IfcGeographicElement,VEGETATION,VEGETATION,,C,C,INDIVIDUAL_PLANT_COUNT
P2_R01-035,2UtYM$4UjPBgdtcl805iSg,SHRUB_INDIVIDUAL,IfcGeographicElement,VEGETATION,VEGETATION,,C,C,INDIVIDUAL_PLANT_COUNT
P2_R01-036,3UhjmgyvzLGe4E1xpaT281,SHRUB_INDIVIDUAL,IfcGeographicElement,VEGETATION,VEGETATION,,C,C,INDIVIDUAL_PLANT_COUNT
P2_R01-037,332da6BW9T7hgBDCyG$qIB,SHRUB_INDIVIDUAL,IfcGeographicElement,VEGETATION,VEGETATION,,C,C,INDIVIDUAL_PLANT_COUNT
P2_R01-038,3X_rUDE$XGaBKeWbaVk_Mn,SHRUB_INDIVIDUAL,IfcGeographicElement,VEGETATION,VEGETATION,,C,C,INDIVIDUAL_PLANT_COUNT
P2_R01-039,3OOfrZ5IvK5v8UUZL9DMSy,SHRUB_INDIVIDUAL,IfcGeographicElement,VEGETATION,VEGETATION,,C,C,INDIVIDUAL_PLANT_COUNT
P2_R01-040,22VR0GGFnLHwHwsrZkp8hU,SHRUB_INDIVIDUAL,IfcGeographicElement,VEGETATION,VEGETATION,,C,C,INDIVIDUAL_PLANT_COUNT
P2_R01-041,0hsfchUavJkv9jOPB5RNEC,SHRUB_INDIVIDUAL,IfcGeographicElement,VEGETATION,VEGETATION,,C,C,INDIVIDUAL_PLANT_COUNT
P2_R01-042,04qRRWAcTO_gwFwfM5jaMj,SHRUB_INDIVIDUAL,IfcGeographicElement,VEGETATION,VEGETATION,,C,C,INDIVIDUAL_PLANT_COUNT
P2_R01-043,1b5YLbJRfHkxMeideaf$tb,SHRUB_INDIVIDUAL,IfcGeographicElement,VEGETATION,VEGETATION,,C,C,INDIVIDUAL_PLANT_COUNT
P2_R01-044,1cXU67b01RBwWlQ0sIjF8q,SHRUB_INDIVIDUAL,IfcGeographicElement,VEGETATION,VEGETATION,,C,C,INDIVIDUAL_PLANT_COUNT
P2_R01-045,2lhYeSKxnKyeF01tkamezD,SHRUB_INDIVIDUAL,IfcGeographicElement,VEGETATION,VEGETATION,,C,C,INDIVIDUAL_PLANT_COUNT
P2_R01-046,1iB4cfnWvQUgU40c96NSeb,SHRUB_INDIVIDUAL,IfcGeographicElement,VEGETATION,VEGETATION,,C,C,INDIVIDUAL_PLANT_COUNT
P2_R01-047,1i1CVDVVTOPg96a5YMDbRW,SHRUB_INDIVIDUAL,IfcGeographicElement,VEGETATION,VEGETATION,,C,C,INDIVIDUAL_PLANT_COUNT
P2_Y03-001,3_rpQllVbOKfblemkjIv1I,SHRUB_INDIVIDUAL,IfcGeographicElement,VEGETATION,VEGETATION,,C,C,INDIVIDUAL_PLANT_COUNT
P2_Y03-002,2TEQw3VtHRJOvGuL3w7icu,SHRUB_INDIVIDUAL,IfcGeographicElement,VEGETATION,VEGETATION,,C,C,INDIVIDUAL_PLANT_COUNT
P2_Y03-003,1jNJ1$M$9HSeb8WpIsSwlG,SHRUB_INDIVIDUAL,IfcGeographicElement,VEGETATION,VEGETATION,,C,C,INDIVIDUAL_PLANT_COUNT
P2_Y03-004,0XX$FtAyjGVgnbgQJEWSin,SHRUB_INDIVIDUAL,IfcGeographicElement,VEGETATION,VEGETATION,,C,C,INDIVIDUAL_PLANT_COUNT
P2_Y03-005,2R1garEgzJqQdDOxL4EGZd,SHRUB_INDIVIDUAL,IfcGeographicElement,VEGETATION,VEGETATION,,C,C,INDIVIDUAL_PLANT_COUNT
P2_Y03-006,2xeA4GoC1MrxClbzjvQpFg,SHRUB_INDIVIDUAL,IfcGeographicElement,VEGETATION,VEGETATION,,C,C,INDIVIDUAL_PLANT_COUNT
P2_Y03-007,1SRa8RzgfRkxR207mDqr$c,SHRUB_INDIVIDUAL,IfcGeographicElement,VEGETATION,VEGETATION,,C,C,INDIVIDUAL_PLANT_COUNT
P2_Y03-008,3Oam7eeNHQR8tsNmWH62G3,SHRUB_INDIVIDUAL,IfcGeographicElement,VEGETATION,VEGETATION,,C,C,INDIVIDUAL_PLANT_COUNT
P2_Y03-009,1lFlgqWz5RIwOAfsPpjM0S,SHRUB_INDIVIDUAL,IfcGeographicElement,VEGETATION,VEGETATION,,C,C,INDIVIDUAL_PLANT_COUNT
P2_Y03-010,1WZE4OrrPPwBEzCUJ5zZ_w,SHRUB_INDIVIDUAL,IfcGeographicElement,VEGETATION,VEGETATION,,C,C,INDIVIDUAL_PLANT_COUNT
P2_Y03-011,1wmWB5nmDSegOMAHezrpBG,SHRUB_INDIVIDUAL,IfcGeographicElement,VEGETATION,VEGETATION,,C,C,INDIVIDUAL_PLANT_COUNT
P2_Y03-012,2cPvD2fnvR0h2_hIa1ZYZ$,SHRUB_INDIVIDUAL,IfcGeographicElement,VEGETATION,VEGETATION,,C,C,INDIVIDUAL_PLANT_COUNT
P2_Y03-013,1MXInfX6HOw9g5nFD7NE9T,SHRUB_INDIVIDUAL,IfcGeographicElement,VEGETATION,VEGETATION,,C,C,INDIVIDUAL_PLANT_COUNT
P2_Y03-014,0FJDb0HT1NLOeuAkLS$260,SHRUB_INDIVIDUAL,IfcGeographicElement,VEGETATION,VEGETATION,,C,C,INDIVIDUAL_PLANT_COUNT
P2_Y03-015,0TZ2bvMiXRYRpKUnAIi8dU,SHRUB_INDIVIDUAL,IfcGeographicElement,VEGETATION,VEGETATION,,C,C,INDIVIDUAL_PLANT_COUNT
P2_Y03-016,14dhcChK5N4O5dYSVcfWZV,SHRUB_INDIVIDUAL,IfcGeographicElement,VEGETATION,VEGETATION,,C,C,INDIVIDUAL_PLANT_COUNT
P2_Y03-017,1U2sW7_UzLGOQZcg_mbc6L,SHRUB_INDIVIDUAL,IfcGeographicElement,VEGETATION,VEGETATION,,C,C,INDIVIDUAL_PLANT_COUNT
P2_Y03-018,0wxp2FKufGF9CgIHqG7vIV,SHRUB_INDIVIDUAL,IfcGeographicElement,VEGETATION,VEGETATION,,C,C,INDIVIDUAL_PLANT_COUNT
P2_Y03-019,2Qhob$ZwrGhhJeaab6lk4r,SHRUB_INDIVIDUAL,IfcGeographicElement,VEGETATION,VEGETATION,,C,C,INDIVIDUAL_PLANT_COUNT
P2_Y03-020,2CRwX2vYrHxuBb_d74xVNu,SHRUB_INDIVIDUAL,IfcGeographicElement,VEGETATION,VEGETATION,,C,C,INDIVIDUAL_PLANT_COUNT
P2_Y03-021,0X6IVkqYvHOArC0TbYZ6Ky,SHRUB_INDIVIDUAL,IfcGeographicElement,VEGETATION,VEGETATION,,C,C,INDIVIDUAL_PLANT_COUNT
P2_Y03-022,2Een$xhZLQtBprPRjXwSrK,SHRUB_INDIVIDUAL,IfcGeographicElement,VEGETATION,VEGETATION,,C,C,INDIVIDUAL_PLANT_COUNT
P2_Y03-023,3r7QguALTTHOEkw4oViYzi,SHRUB_INDIVIDUAL,IfcGeographicElement,VEGETATION,VEGETATION,,C,C,INDIVIDUAL_PLANT_COUNT
P2_Y03-024,13G5qfv5LLFfJlpK6KhaB5,SHRUB_INDIVIDUAL,IfcGeographicElement,VEGETATION,VEGETATION,,C,C,INDIVIDUAL_PLANT_COUNT
P2_Y03-025,3FFY3dSpDQdwABK7vkCFjD,SHRUB_INDIVIDUAL,IfcGeographicElement,VEGETATION,VEGETATION,,C,C,INDIVIDUAL_PLANT_COUNT
P2_R02-001,0NOcLDmK1RyxPPku_YxLvo,SHRUB_INDIVIDUAL,IfcGeographicElement,VEGETATION,VEGETATION,,A,A,INDIVIDUAL_PLANT_COUNT
P2_R02-002,2pUS92w95TcRN8FxZC6Yof,SHRUB_INDIVIDUAL,IfcGeographicElement,VEGETATION,VEGETATION,,A,A,INDIVIDUAL_PLANT_COUNT
P2_R02-003,2S35Jn_yHKlfgu77aNwLSO,SHRUB_INDIVIDUAL,IfcGeographicElement,VEGETATION,VEGETATION,,A,A,INDIVIDUAL_PLANT_COUNT
P2_R02-004,389TMcoWHIEBW0hGct0HR1,SHRUB_INDIVIDUAL,IfcGeographicElement,VEGETATION,VEGETATION,,A,A,INDIVIDUAL_PLANT_COUNT
P2_R02-005,1lJgl9NtDH$9x6IJ6ddIjm,SHRUB_INDIVIDUAL,IfcGeographicElement,VEGETATION,VEGETATION,,A,A,INDIVIDUAL_PLANT_COUNT
P2_R02-006,3Cc4KmW_XVrPrfzYR1K5G4,SHRUB_INDIVIDUAL,IfcGeographicElement,VEGETATION,VEGETATION,,A,A,INDIVIDUAL_PLANT_COUNT
P2_R02-007,0rzb2RswjPQeFd7CYSFE8f,SHRUB_INDIVIDUAL,IfcGeographicElement,VEGETATION,VEGETATION,,A,A,INDIVIDUAL_PLANT_COUNT
P2_R02-008,3l3AV1eEzHeuBHUFaFYcdc,SHRUB_INDIVIDUAL,IfcGeographicElement,VEGETATION,VEGETATION,,A,A,INDIVIDUAL_PLANT_COUNT
P2_R02-009,1VOQ1x1_9JoPUFPRbU8s53,SHRUB_INDIVIDUAL,IfcGeographicElement,VEGETATION,VEGETATION,,A,A,INDIVIDUAL_PLANT_COUNT
P2_R02-010,3Uj3o9yqzNPeYVitmK5Vfd,SHRUB_INDIVIDUAL,IfcGeographicElement,VEGETATION,VEGETATION,,A,A,INDIVIDUAL_PLANT_COUNT
P2_R02-011,2e0VzmrqHUvvc7SFUf0epD,SHRUB_INDIVIDUAL,IfcGeographicElement,VEGETATION,VEGETATION,,A,A,INDIVIDUAL_PLANT_COUNT
P2_R02-012,3_9O9H6q9PPgqYf5wFk2v_,SHRUB_INDIVIDUAL,IfcGeographicElement,VEGETATION,VEGETATION,,A,A,INDIVIDUAL_PLANT_COUNT
P2_R02-013,3mKluvyzHGxOUE$H1Cpzgk,SHRUB_INDIVIDUAL,IfcGeographicElement,VEGETATION,VEGETATION,,A,A,INDIVIDUAL_PLANT_COUNT
P2_R02-014,1vzNIh6RvSUgetsWoedXlG,SHRUB_INDIVIDUAL,IfcGeographicElement,VEGETATION,VEGETATION,,A,A,INDIVIDUAL_PLANT_COUNT
P2_R02-015,1JXzoiQubQox9fxIN3wiXz,SHRUB_INDIVIDUAL,IfcGeographicElement,VEGETATION,VEGETATION,,A,A,INDIVIDUAL_PLANT_COUNT
P2_R02-016,2$_yfp4JzNGPUVHrfXtTmE,SHRUB_INDIVIDUAL,IfcGeographicElement,VEGETATION,VEGETATION,,A,A,INDIVIDUAL_PLANT_COUNT
P2_R02-017,20A6phFRHS1xAG_Blm5BKx,SHRUB_INDIVIDUAL,IfcGeographicElement,VEGETATION,VEGETATION,,A,A,INDIVIDUAL_PLANT_COUNT
P2_R02-018,1ewi3oDerSCQlcciN_MjN8,SHRUB_INDIVIDUAL,IfcGeographicElement,VEGETATION,VEGETATION,,A,A,INDIVIDUAL_PLANT_COUNT
P2_R02-019,3pH_owQJzU9OnhVDeJowdf,SHRUB_INDIVIDUAL,IfcGeographicElement,VEGETATION,VEGETATION,,A,A,INDIVIDUAL_PLANT_COUNT
P2_R02-020,3jr$ki6TTNPfLiWWseG7UI,SHRUB_INDIVIDUAL,IfcGeographicElement,VEGETATION,VEGETATION,,A,A,INDIVIDUAL_PLANT_COUNT
P2_R02-021,1I7iduzYTSOPl8fx_RCCb8,SHRUB_INDIVIDUAL,IfcGeographicElement,VEGETATION,VEGETATION,,A,A,INDIVIDUAL_PLANT_COUNT
P2_R02-022,1T87eT6F1I_x6ntrAvvkJW,SHRUB_INDIVIDUAL,IfcGeographicElement,VEGETATION,VEGETATION,,A,A,INDIVIDUAL_PLANT_COUNT
P2_R02-023,1GEAIBrLTLSBDG949FaBgK,SHRUB_INDIVIDUAL,IfcGeographicElement,VEGETATION,VEGETATION,,A,A,INDIVIDUAL_PLANT_COUNT
P2_R02-024,3L66KKSsjGTOIx$9D080Qj,SHRUB_INDIVIDUAL,IfcGeographicElement,VEGETATION,VEGETATION,,A,A,INDIVIDUAL_PLANT_COUNT
P2_R02-025,1rSoEKOrrLjuNJASoUyFow,SHRUB_INDIVIDUAL,IfcGeographicElement,VEGETATION,VEGETATION,,A,A,INDIVIDUAL_PLANT_COUNT
P2_R02-026,0BzQ9BbffTyBTLA9XolhG9,SHRUB_INDIVIDUAL,IfcGeographicElement,VEGETATION,VEGETATION,,A,A,INDIVIDUAL_PLANT_COUNT
P2_R02-027,2a4oM_B1jVRvQEICrE13ac,SHRUB_INDIVIDUAL,IfcGeographicElement,VEGETATION,VEGETATION,,A,A,INDIVIDUAL_PLANT_COUNT
P2_R02-028,2MZHCh7srU$90y796R7mKN,SHRUB_INDIVIDUAL,IfcGeographicElement,VEGETATION,VEGETATION,,A,A,INDIVIDUAL_PLANT_COUNT
P2_R02-029,03LXHLDYrLZgRBgt0B5ug8,SHRUB_INDIVIDUAL,IfcGeographicElement,VEGETATION,VEGETATION,,A,A,INDIVIDUAL_PLANT_COUNT
P2_R02-030,1zL4l49J9PqRnIo1mhZOOI,SHRUB_INDIVIDUAL,IfcGeographicElement,VEGETATION,VEGETATION,,A,A,INDIVIDUAL_PLANT_COUNT
P2_R02-031,0OqzYadAPSUAYA3yEYUJ1M,SHRUB_INDIVIDUAL,IfcGeographicElement,VEGETATION,VEGETATION,,A,A,INDIVIDUAL_PLANT_COUNT
P2_R02-032,3wMGywESHNDOQ1KiHQj481,SHRUB_INDIVIDUAL,IfcGeographicElement,VEGETATION,VEGETATION,,A,A,INDIVIDUAL_PLANT_COUNT
P2_R02-033,3Of1Dvci5RLQ9IA5Gub4d3,SHRUB_INDIVIDUAL,IfcGeographicElement,VEGETATION,VEGETATION,,A,A,INDIVIDUAL_PLANT_COUNT
P2_R02-034,1_3C2MWYLMn9MPKc_h9ZV9,SHRUB_INDIVIDUAL,IfcGeographicElement,VEGETATION,VEGETATION,,A,A,INDIVIDUAL_PLANT_COUNT
P2_R02-035,1FXdfD74LKYB5fvlt5e0TW,SHRUB_INDIVIDUAL,IfcGeographicElement,VEGETATION,VEGETATION,,A,A,INDIVIDUAL_PLANT_COUNT
P2_R02-036,1TK0P9WcnSbwTGrPPbGgaT,SHRUB_INDIVIDUAL,IfcGeographicElement,VEGETATION,VEGETATION,,A,A,INDIVIDUAL_PLANT_COUNT
P2_R02-037,3HrU74XFTHphBe9TQaaRrP,SHRUB_INDIVIDUAL,IfcGeographicElement,VEGETATION,VEGETATION,,A,A,INDIVIDUAL_PLANT_COUNT
P2_Y04-001,3m64OmMfjGNPiNnBM6wcB9,SHRUB_INDIVIDUAL,IfcGeographicElement,VEGETATION,VEGETATION,,A,A,INDIVIDUAL_PLANT_COUNT
P2_Y04-002,2N2DTb7$9MtQDkuUWmZZVJ,SHRUB_INDIVIDUAL,IfcGeographicElement,VEGETATION,VEGETATION,,A,A,INDIVIDUAL_PLANT_COUNT
P2_Y04-003,2223tC855On8C4DJOXMAb4,SHRUB_INDIVIDUAL,IfcGeographicElement,VEGETATION,VEGETATION,,A,A,INDIVIDUAL_PLANT_COUNT
P2_Y04-004,1Y$UmqWWbHePd3AaNu64oU,SHRUB_INDIVIDUAL,IfcGeographicElement,VEGETATION,VEGETATION,,A,A,INDIVIDUAL_PLANT_COUNT
P2_Y04-005,1bCFD0MNDGmeTZbv72uOft,SHRUB_INDIVIDUAL,IfcGeographicElement,VEGETATION,VEGETATION,,A,A,INDIVIDUAL_PLANT_COUNT
P2_Y04-006,3lbQlQ9L5PzxF9CfV5fscz,SHRUB_INDIVIDUAL,IfcGeographicElement,VEGETATION,VEGETATION,,A,A,INDIVIDUAL_PLANT_COUNT
P2_Y04-007,3494JPDYbO9ffLV8cpEcCq,SHRUB_INDIVIDUAL,IfcGeographicElement,VEGETATION,VEGETATION,,A,A,INDIVIDUAL_PLANT_COUNT
P2_Y04-008,1qka4H2MHQmgZcr$Wv7MqY,SHRUB_INDIVIDUAL,IfcGeographicElement,VEGETATION,VEGETATION,,A,A,INDIVIDUAL_PLANT_COUNT
P2_Y04-009,2NCSPis6zQYPR7qpl_zWSD,SHRUB_INDIVIDUAL,IfcGeographicElement,VEGETATION,VEGETATION,,A,A,INDIVIDUAL_PLANT_COUNT
P2_Y04-010,0le66vJSXQSwp_suDFHCJN,SHRUB_INDIVIDUAL,IfcGeographicElement,VEGETATION,VEGETATION,,A,A,INDIVIDUAL_PLANT_COUNT
P2_Y04-011,1f_o1rDufVhxlde8Y$Es93,SHRUB_INDIVIDUAL,IfcGeographicElement,VEGETATION,VEGETATION,,A,A,INDIVIDUAL_PLANT_COUNT
P2_Y04-012,3C7_j1JBLNIftrCPFEfgqj,SHRUB_INDIVIDUAL,IfcGeographicElement,VEGETATION,VEGETATION,,A,A,INDIVIDUAL_PLANT_COUNT
P2_Y04-013,0O9WTXxLbNkRHG3MVkOsH8,SHRUB_INDIVIDUAL,IfcGeographicElement,VEGETATION,VEGETATION,,A,A,INDIVIDUAL_PLANT_COUNT
P2_Y04-014,0invy$IxDIxOnUb6CaC_HX,SHRUB_INDIVIDUAL,IfcGeographicElement,VEGETATION,VEGETATION,,A,A,INDIVIDUAL_PLANT_COUNT
P2_Y04-015,1MXI1PwuLIifHD3$ftKd7Q,SHRUB_INDIVIDUAL,IfcGeographicElement,VEGETATION,VEGETATION,,A,A,INDIVIDUAL_PLANT_COUNT
P2_Y04-016,0dK$Y7nzXIq9bjnqXx4o$6,SHRUB_INDIVIDUAL,IfcGeographicElement,VEGETATION,VEGETATION,,A,A,INDIVIDUAL_PLANT_COUNT
P2_Y04-017,1s3bfjxHfOWwZyu8YdOjfg,SHRUB_INDIVIDUAL,IfcGeographicElement,VEGETATION,VEGETATION,,A,A,INDIVIDUAL_PLANT_COUNT
P2_Y04-018,3GXVorGNLHmfI6vvmqAnw2,SHRUB_INDIVIDUAL,IfcGeographicElement,VEGETATION,VEGETATION,,A,A,INDIVIDUAL_PLANT_COUNT
P2_Y04-019,0iEsXvz0LLf9xvmTZ90clT,SHRUB_INDIVIDUAL,IfcGeographicElement,VEGETATION,VEGETATION,,A,A,INDIVIDUAL_PLANT_COUNT
P2_Y04-020,3gf8DQCLDKzuWiKIaIv5Ff,SHRUB_INDIVIDUAL,IfcGeographicElement,VEGETATION,VEGETATION,,A,A,INDIVIDUAL_PLANT_COUNT
P2_Y04-021,1qrELowbjKMuaYxPZuRof1,SHRUB_INDIVIDUAL,IfcGeographicElement,VEGETATION,VEGETATION,,A,A,INDIVIDUAL_PLANT_COUNT
P2_Y04-022,0wszkpkMjJ2QnmvAFMuvs5,SHRUB_INDIVIDUAL,IfcGeographicElement,VEGETATION,VEGETATION,,A,A,INDIVIDUAL_PLANT_COUNT
P2_Y04-023,1$lgYtyVDGlPcqJTd0WJf_,SHRUB_INDIVIDUAL,IfcGeographicElement,VEGETATION,VEGETATION,,A,A,INDIVIDUAL_PLANT_COUNT
P2_Y04-024,3EjK6IReLIqee0389T0RiS,SHRUB_INDIVIDUAL,IfcGeographicElement,VEGETATION,VEGETATION,,A,A,INDIVIDUAL_PLANT_COUNT
P2_Y04-025,0ld97vuUjNqfxU89NDzJYC,SHRUB_INDIVIDUAL,IfcGeographicElement,VEGETATION,VEGETATION,,A,A,INDIVIDUAL_PLANT_COUNT
P2_Y04-026,1B_7v0fQDL_eLewYpD3tcj,SHRUB_INDIVIDUAL,IfcGeographicElement,VEGETATION,VEGETATION,,A,A,INDIVIDUAL_PLANT_COUNT
P2_Y05-001,0ZPSUhGmPMIudE7R8_GL_L,SHRUB_INDIVIDUAL,IfcGeographicElement,VEGETATION,VEGETATION,,D,B,INDIVIDUAL_PLANT_COUNT
P2_Y05-002,22pnxWVNbMRuTUu0s8Ju5R,SHRUB_INDIVIDUAL,IfcGeographicElement,VEGETATION,VEGETATION,,D,B,INDIVIDUAL_PLANT_COUNT
P2_Y05-003,0fONKxQ49V$Aex60nCOkZ2,SHRUB_INDIVIDUAL,IfcGeographicElement,VEGETATION,VEGETATION,,D,B,INDIVIDUAL_PLANT_COUNT
P2_Y05-004,1pGR17_lLQfB5Dhng8iwoT,SHRUB_INDIVIDUAL,IfcGeographicElement,VEGETATION,VEGETATION,,B,B,INDIVIDUAL_PLANT_COUNT
P2_Y05-005,1D5lnKnWXTDBVP2qySqGv0,SHRUB_INDIVIDUAL,IfcGeographicElement,VEGETATION,VEGETATION,,B,B,INDIVIDUAL_PLANT_COUNT
P2_Y05-006,1O0jda4YbRFgQGMfI$OWEL,SHRUB_INDIVIDUAL,IfcGeographicElement,VEGETATION,VEGETATION,,B,B,INDIVIDUAL_PLANT_COUNT
P2_Y05-007,3UM1qnkubLlhT31RGncCLg,SHRUB_INDIVIDUAL,IfcGeographicElement,VEGETATION,VEGETATION,,B,B,INDIVIDUAL_PLANT_COUNT
P2_Y05-008,3PU_XRvK9Qjw_DaqpcA$jW,SHRUB_INDIVIDUAL,IfcGeographicElement,VEGETATION,VEGETATION,,B,B,INDIVIDUAL_PLANT_COUNT
P2_Y05-009,0nI6IK7wzJmfh_ezfkphcl,SHRUB_INDIVIDUAL,IfcGeographicElement,VEGETATION,VEGETATION,,B,B,INDIVIDUAL_PLANT_COUNT
P2_Y05-010,3nSKUZE6jL28f9dSelLaE_,SHRUB_INDIVIDUAL,IfcGeographicElement,VEGETATION,VEGETATION,,B,B,INDIVIDUAL_PLANT_COUNT
P2_Y05-011,3WJL5_TWXSiA4Ld7l3o6kb,SHRUB_INDIVIDUAL,IfcGeographicElement,VEGETATION,VEGETATION,,B,B,INDIVIDUAL_PLANT_COUNT
P2_Y05-012,0Dt9b8EV1K0xJ2Prg3Ngih,SHRUB_INDIVIDUAL,IfcGeographicElement,VEGETATION,VEGETATION,,B,B,INDIVIDUAL_PLANT_COUNT
P2_Y05-013,3e09vQxibUqvML_82cDGu_,SHRUB_INDIVIDUAL,IfcGeographicElement,VEGETATION,VEGETATION,,B,B,INDIVIDUAL_PLANT_COUNT
P2_Y05-014,2tBDQYDoDLWhZPYWzXywsr,SHRUB_INDIVIDUAL,IfcGeographicElement,VEGETATION,VEGETATION,,B,B,INDIVIDUAL_PLANT_COUNT
P2_Y05-015,0pBJHhvLPJoxHa5XOCA2Ig,SHRUB_INDIVIDUAL,IfcGeographicElement,VEGETATION,VEGETATION,,B,B,INDIVIDUAL_PLANT_COUNT
P2_Y05-016,3ZKaHgWUrKGv9MTIMhEPQW,SHRUB_INDIVIDUAL,IfcGeographicElement,VEGETATION,VEGETATION,,B,B,INDIVIDUAL_PLANT_COUNT
P2_Y05-017,3fcLH6agDMXQPNZ7FJAJRb,SHRUB_INDIVIDUAL,IfcGeographicElement,VEGETATION,VEGETATION,,B,B,INDIVIDUAL_PLANT_COUNT
P2_Y05-018,2u7Y7cJeTGt9L_Tben6QhV,SHRUB_INDIVIDUAL,IfcGeographicElement,VEGETATION,VEGETATION,,B,B,INDIVIDUAL_PLANT_COUNT
P2_Y05-019,3_puH7FpTTFuG_5qU1BM5I,SHRUB_INDIVIDUAL,IfcGeographicElement,VEGETATION,VEGETATION,,B,B,INDIVIDUAL_PLANT_COUNT
P2_Y05-020,3u8OqC_5jK2xza4MoOIPbS,SHRUB_INDIVIDUAL,IfcGeographicElement,VEGETATION,VEGETATION,,B,B,INDIVIDUAL_PLANT_COUNT
P2_Y05-021,2Qmyd5yI1PrhwwBi2TCVRO,SHRUB_INDIVIDUAL,IfcGeographicElement,VEGETATION,VEGETATION,,B,B,INDIVIDUAL_PLANT_COUNT
P2_Y05-022,3l7096eBPG3hMmb5xUCVPN,SHRUB_INDIVIDUAL,IfcGeographicElement,VEGETATION,VEGETATION,,B,B,INDIVIDUAL_PLANT_COUNT
P2_Y05-023,1Yxig0mVXOTgwwJ2EkaXsU,SHRUB_INDIVIDUAL,IfcGeographicElement,VEGETATION,VEGETATION,,B,B,INDIVIDUAL_PLANT_COUNT
P2_Y05-024,13D3MjA$1Qffje1Cm8iEfR,SHRUB_INDIVIDUAL,IfcGeographicElement,VEGETATION,VEGETATION,,B,B,INDIVIDUAL_PLANT_COUNT
P2_Y05-025,3Tqb34$x1JEPiYpqmuTJTt,SHRUB_INDIVIDUAL,IfcGeographicElement,VEGETATION,VEGETATION,,B,B,INDIVIDUAL_PLANT_COUNT
P2_Y05-026,07aXnrCvrORwKh8ZTb6QTH,SHRUB_INDIVIDUAL,IfcGeographicElement,VEGETATION,VEGETATION,,B,B,INDIVIDUAL_PLANT_COUNT
P2_Y05-027,2P3TeYJXLQrePyG1iAR7sf,SHRUB_INDIVIDUAL,IfcGeographicElement,VEGETATION,VEGETATION,,B,B,INDIVIDUAL_PLANT_COUNT
P2_Y05-028,3FiIGnQZLM49W8b6lmwsNn,SHRUB_INDIVIDUAL,IfcGeographicElement,VEGETATION,VEGETATION,,B,B,INDIVIDUAL_PLANT_COUNT
P2_Y05-029,0_DoRG62rJ8v$6tcBCUnG1,SHRUB_INDIVIDUAL,IfcGeographicElement,VEGETATION,VEGETATION,,B,B,INDIVIDUAL_PLANT_COUNT
P2_Y05-030,32WmS1wIjSzvFV9j2zXe5M,SHRUB_INDIVIDUAL,IfcGeographicElement,VEGETATION,VEGETATION,,B,B,INDIVIDUAL_PLANT_COUNT
P2_Y05-031,1X8sDXN7TL5hElMgbb6SQj,SHRUB_INDIVIDUAL,IfcGeographicElement,VEGETATION,VEGETATION,,B,B,INDIVIDUAL_PLANT_COUNT
P2_Y05-032,1JBJ$CL4HJTfr_ieTYIgHe,SHRUB_INDIVIDUAL,IfcGeographicElement,VEGETATION,VEGETATION,,B,B,INDIVIDUAL_PLANT_COUNT
P2_Y05-033,2KCFH38IbOOw4J0v0p8stq,SHRUB_INDIVIDUAL,IfcGeographicElement,VEGETATION,VEGETATION,,B,B,INDIVIDUAL_PLANT_COUNT
P2_Y05-034,18XPcFJw5QS9t994ykkanS,SHRUB_INDIVIDUAL,IfcGeographicElement,VEGETATION,VEGETATION,,B,B,INDIVIDUAL_PLANT_COUNT
P2_Y05-035,0mLhjF4PTO2PpeN17M_tkR,SHRUB_INDIVIDUAL,IfcGeographicElement,VEGETATION,VEGETATION,,B,B,INDIVIDUAL_PLANT_COUNT
P2_Y05-036,1DTxx2vZ1TBQ60HPkPaUiE,SHRUB_INDIVIDUAL,IfcGeographicElement,VEGETATION,VEGETATION,,B,B,INDIVIDUAL_PLANT_COUNT
P2_Y05-037,0HhNQN3dzU9giGliwsED4O,SHRUB_INDIVIDUAL,IfcGeographicElement,VEGETATION,VEGETATION,,B,B,INDIVIDUAL_PLANT_COUNT
P2_Y05-038,0kqPkEbfTQ2AlGqvLboRUX,SHRUB_INDIVIDUAL,IfcGeographicElement,VEGETATION,VEGETATION,,B,B,INDIVIDUAL_PLANT_COUNT
P2_Y05-039,1NSY5$sCzNGRsbkGTn8VUX,SHRUB_INDIVIDUAL,IfcGeographicElement,VEGETATION,VEGETATION,,B,B,INDIVIDUAL_PLANT_COUNT
P2_Y05-040,2Ty8LlMcnJGhojPT1OKsxH,SHRUB_INDIVIDUAL,IfcGeographicElement,VEGETATION,VEGETATION,,B,B,INDIVIDUAL_PLANT_COUNT
P2_Y05-041,1VsfqHxaTTu8c_bzHG_oCw,SHRUB_INDIVIDUAL,IfcGeographicElement,VEGETATION,VEGETATION,,B,B,INDIVIDUAL_PLANT_COUNT
P2_Y05-042,1eAJARv9jNNOoA0mdqLyDp,SHRUB_INDIVIDUAL,IfcGeographicElement,VEGETATION,VEGETATION,,B,B,INDIVIDUAL_PLANT_COUNT
P2_Y05-043,0udROiGCLNeh4$2N$oyiXz,SHRUB_INDIVIDUAL,IfcGeographicElement,VEGETATION,VEGETATION,,B,B,INDIVIDUAL_PLANT_COUNT
P2_Y05-044,1mSEqAolHQog3Up$NIirSw,SHRUB_INDIVIDUAL,IfcGeographicElement,VEGETATION,VEGETATION,,B,B,INDIVIDUAL_PLANT_COUNT
P2_Y05-045,0iZTr0EQ1K5B631ba9Nif_,SHRUB_INDIVIDUAL,IfcGeographicElement,VEGETATION,VEGETATION,,B,B,INDIVIDUAL_PLANT_COUNT
P2_Y05-046,0zr12AOhLLX9hRzf_z7WWP,SHRUB_INDIVIDUAL,IfcGeographicElement,VEGETATION,VEGETATION,,B,B,INDIVIDUAL_PLANT_COUNT
P2_Y05-047,25W_jDA21RaeK1rJM5MQ92,SHRUB_INDIVIDUAL,IfcGeographicElement,VEGETATION,VEGETATION,,B,B,INDIVIDUAL_PLANT_COUNT
P2_Y05-048,1NpaDk49rKAwaq$6SOMJ21,SHRUB_INDIVIDUAL,IfcGeographicElement,VEGETATION,VEGETATION,,B,B,INDIVIDUAL_PLANT_COUNT
P2_S01-001,2JyKjlBSXOcO5cuCq3dnkQ,SHRUB_INDIVIDUAL,IfcGeographicElement,VEGETATION,VEGETATION,,D,B,INDIVIDUAL_PLANT_COUNT
P2_S01-002,0Rtiubi8XK2O80exATHVbN,SHRUB_INDIVIDUAL,IfcGeographicElement,VEGETATION,VEGETATION,,D,B,INDIVIDUAL_PLANT_COUNT
P2_S01-003,0EjZLAGHPLuBanm2d6ONIz,SHRUB_INDIVIDUAL,IfcGeographicElement,VEGETATION,VEGETATION,,B,B,INDIVIDUAL_PLANT_COUNT
P2_S01-004,0Tr1YU8YfINPwtuA2wc7ao,SHRUB_INDIVIDUAL,IfcGeographicElement,VEGETATION,VEGETATION,,B,B,INDIVIDUAL_PLANT_COUNT
P2_S01-005,28lJOQOb5QAxtJA6WBQpHv,SHRUB_INDIVIDUAL,IfcGeographicElement,VEGETATION,VEGETATION,,B,B,INDIVIDUAL_PLANT_COUNT
P2_S01-006,3vg1su2VbG5wkhqCQBFr$r,SHRUB_INDIVIDUAL,IfcGeographicElement,VEGETATION,VEGETATION,,B,B,INDIVIDUAL_PLANT_COUNT
P2_S01-007,1WPKJRgcnM3BUU$ycAq9EX,SHRUB_INDIVIDUAL,IfcGeographicElement,VEGETATION,VEGETATION,,B,B,INDIVIDUAL_PLANT_COUNT
P2_S01-008,0nHaqCWhPU$hCvCDsjRoPP,SHRUB_INDIVIDUAL,IfcGeographicElement,VEGETATION,VEGETATION,,B,B,INDIVIDUAL_PLANT_COUNT
P2_S01-009,2YUm$$gyLPtvyS0eWHv9dK,SHRUB_INDIVIDUAL,IfcGeographicElement,VEGETATION,VEGETATION,,B,B,INDIVIDUAL_PLANT_COUNT
P2_S01-010,0TIQj$FtDQROvr7OgN8wwQ,SHRUB_INDIVIDUAL,IfcGeographicElement,VEGETATION,VEGETATION,,B,B,INDIVIDUAL_PLANT_COUNT
P2_S01-011,07xtQGU$TIvxTwZYxEXalO,SHRUB_INDIVIDUAL,IfcGeographicElement,VEGETATION,VEGETATION,,B,B,INDIVIDUAL_PLANT_COUNT
P2_S01-012,2UAs43U0rICvA5r7L$zm9x,SHRUB_INDIVIDUAL,IfcGeographicElement,VEGETATION,VEGETATION,,B,B,INDIVIDUAL_PLANT_COUNT
P2_S01-013,2u55pcrwjHLvCvRBv4NMFU,SHRUB_INDIVIDUAL,IfcGeographicElement,VEGETATION,VEGETATION,,B,B,INDIVIDUAL_PLANT_COUNT
P2_S01-014,2VBV2MFcnGHgPMWP4xkn8z,SHRUB_INDIVIDUAL,IfcGeographicElement,VEGETATION,VEGETATION,,B,B,INDIVIDUAL_PLANT_COUNT
P2_S01-015,0LgJPh8ZjUjPilm$xZi3q3,SHRUB_INDIVIDUAL,IfcGeographicElement,VEGETATION,VEGETATION,,B,B,INDIVIDUAL_PLANT_COUNT
P2_S01-016,3u1sIrgcLHrfOfR80BuSMT,SHRUB_INDIVIDUAL,IfcGeographicElement,VEGETATION,VEGETATION,,B,B,INDIVIDUAL_PLANT_COUNT
P2_S01-017,0PrvGfd05UFeXgizTww507,SHRUB_INDIVIDUAL,IfcGeographicElement,VEGETATION,VEGETATION,,B,B,INDIVIDUAL_PLANT_COUNT
P2_S01-018,22KQT2yaPN5eRhvWENenhg,SHRUB_INDIVIDUAL,IfcGeographicElement,VEGETATION,VEGETATION,,B,B,INDIVIDUAL_PLANT_COUNT
P2_S01-019,3IwhVQBk9MW823gZ7Xp$CY,SHRUB_INDIVIDUAL,IfcGeographicElement,VEGETATION,VEGETATION,,B,B,INDIVIDUAL_PLANT_COUNT
P2_S01-020,0oiR5FVbLI59okKRmr2LZe,SHRUB_INDIVIDUAL,IfcGeographicElement,VEGETATION,VEGETATION,,B,B,INDIVIDUAL_PLANT_COUNT
P2_S01-021,1k3vq2apfM5OmF3PU$UxIn,SHRUB_INDIVIDUAL,IfcGeographicElement,VEGETATION,VEGETATION,,B,B,INDIVIDUAL_PLANT_COUNT
P2_S01-022,2nu8_jVDLK0vo_EJ1ps134,SHRUB_INDIVIDUAL,IfcGeographicElement,VEGETATION,VEGETATION,,B,B,INDIVIDUAL_PLANT_COUNT
P2_S01-023,1N$yGTz81Q1uwMeh4tOVL2,SHRUB_INDIVIDUAL,IfcGeographicElement,VEGETATION,VEGETATION,,B,B,INDIVIDUAL_PLANT_COUNT
P2_S01-024,3VZbePGrfOTgmlYQoE2Rlm,SHRUB_INDIVIDUAL,IfcGeographicElement,VEGETATION,VEGETATION,,B,B,INDIVIDUAL_PLANT_COUNT
P2_S01-025,1y3VB3CevTz8IygtmJqRHi,SHRUB_INDIVIDUAL,IfcGeographicElement,VEGETATION,VEGETATION,,B,B,INDIVIDUAL_PLANT_COUNT
P2_S01-026,1KstQXH0fQzxK$QbB1pppp,SHRUB_INDIVIDUAL,IfcGeographicElement,VEGETATION,VEGETATION,,B,B,INDIVIDUAL_PLANT_COUNT
P2_S01-027,3X3Z0w_p1TaRyWgjQViMt5,SHRUB_INDIVIDUAL,IfcGeographicElement,VEGETATION,VEGETATION,,B,B,INDIVIDUAL_PLANT_COUNT
P2_S01-028,2FYAuh69zHAhFbkrHm9WqZ,SHRUB_INDIVIDUAL,IfcGeographicElement,VEGETATION,VEGETATION,,B,B,INDIVIDUAL_PLANT_COUNT
P2_S01-029,26DU4CzHbSYxw9$VjOmmRZ,SHRUB_INDIVIDUAL,IfcGeographicElement,VEGETATION,VEGETATION,,B,B,INDIVIDUAL_PLANT_COUNT
P2_S01-030,0L88Z_7ifTSRZI2W9HMHm$,SHRUB_INDIVIDUAL,IfcGeographicElement,VEGETATION,VEGETATION,,B,B,INDIVIDUAL_PLANT_COUNT
P2_S01-031,3KdQMQ129Q4P80ge69whbF,SHRUB_INDIVIDUAL,IfcGeographicElement,VEGETATION,VEGETATION,,B,B,INDIVIDUAL_PLANT_COUNT
P2_S01-032,2a4FnjjHHTlAjSa76$5xfq,SHRUB_INDIVIDUAL,IfcGeographicElement,VEGETATION,VEGETATION,,B,B,INDIVIDUAL_PLANT_COUNT
P2_S01-033,2lEDhdn1DHZf7vzHVHHbC8,SHRUB_INDIVIDUAL,IfcGeographicElement,VEGETATION,VEGETATION,,B,B,INDIVIDUAL_PLANT_COUNT
P2_S01-034,0uoH0Cp1zGuwC1r8gElsL_,SHRUB_INDIVIDUAL,IfcGeographicElement,VEGETATION,VEGETATION,,B,B,INDIVIDUAL_PLANT_COUNT
P2_S01-035,0e4dPUc2fNXvTpoh5cjjln,SHRUB_INDIVIDUAL,IfcGeographicElement,VEGETATION,VEGETATION,,B,B,INDIVIDUAL_PLANT_COUNT
P2_S01-036,2Z1VHf6GDNrvPHZEydfueO,SHRUB_INDIVIDUAL,IfcGeographicElement,VEGETATION,VEGETATION,,B,B,INDIVIDUAL_PLANT_COUNT
P2_S01-037,09mEGyYCjPIBbDDU19wsYo,SHRUB_INDIVIDUAL,IfcGeographicElement,VEGETATION,VEGETATION,,B,B,INDIVIDUAL_PLANT_COUNT
P2_S01-038,2JOfe3QnvLdwyq4kQaEk0Q,SHRUB_INDIVIDUAL,IfcGeographicElement,VEGETATION,VEGETATION,,B,B,INDIVIDUAL_PLANT_COUNT
P2_S01-039,1t9H3LjfHVieDEcXF36dB1,SHRUB_INDIVIDUAL,IfcGeographicElement,VEGETATION,VEGETATION,,B,B,INDIVIDUAL_PLANT_COUNT
P2_S01-040,0L53HJjN5MJw63nY5wqnlv,SHRUB_INDIVIDUAL,IfcGeographicElement,VEGETATION,VEGETATION,,B,B,INDIVIDUAL_PLANT_COUNT
P2_S01-041,1z0a6zANzQoAcgw5a9S3Bs,SHRUB_INDIVIDUAL,IfcGeographicElement,VEGETATION,VEGETATION,,B,B,INDIVIDUAL_PLANT_COUNT
P2_S01-042,20Fpxahf9NuxIsni8Aq$wV,SHRUB_INDIVIDUAL,IfcGeographicElement,VEGETATION,VEGETATION,,B,B,INDIVIDUAL_PLANT_COUNT
P2_S01-043,2XAgoVYEDK4ug7EFHA0YmH,SHRUB_INDIVIDUAL,IfcGeographicElement,VEGETATION,VEGETATION,,B,B,INDIVIDUAL_PLANT_COUNT
P2_S01-044,3Opvc95JnGgOCPNa6AMUNV,SHRUB_INDIVIDUAL,IfcGeographicElement,VEGETATION,VEGETATION,,B,B,INDIVIDUAL_PLANT_COUNT
P2_S01-045,34xxNlGi5OgxGT31dWjdJo,SHRUB_INDIVIDUAL,IfcGeographicElement,VEGETATION,VEGETATION,,B,B,INDIVIDUAL_PLANT_COUNT
P2_S01-046,1h3DN95PXPtxQzA5NZr3b0,SHRUB_INDIVIDUAL,IfcGeographicElement,VEGETATION,VEGETATION,,B,B,INDIVIDUAL_PLANT_COUNT
P2_S01-047,3Qp8qaV9HMYvqvB$4RMy0f,SHRUB_INDIVIDUAL,IfcGeographicElement,VEGETATION,VEGETATION,,B,B,INDIVIDUAL_PLANT_COUNT
P2_S01-048,33WNHxQCTTTg2pJI5MMrKN,SHRUB_INDIVIDUAL,IfcGeographicElement,VEGETATION,VEGETATION,,B,B,INDIVIDUAL_PLANT_COUNT
P2_S01-049,1Zh6yPy8jQv97guz8Iofvn,SHRUB_INDIVIDUAL,IfcGeographicElement,VEGETATION,VEGETATION,,B,B,INDIVIDUAL_PLANT_COUNT
P2_S01-050,28Zm4LgZPUqQFOzZrLK$pb,SHRUB_INDIVIDUAL,IfcGeographicElement,VEGETATION,VEGETATION,,B,B,INDIVIDUAL_PLANT_COUNT
P2_S01-051,10LF5jwzzV1uf$1WcTx9ra,SHRUB_INDIVIDUAL,IfcGeographicElement,VEGETATION,VEGETATION,,B,B,INDIVIDUAL_PLANT_COUNT
P2_S01-052,3v$y$MoN5HHxszDjCr6IYR,SHRUB_INDIVIDUAL,IfcGeographicElement,VEGETATION,VEGETATION,,B,B,INDIVIDUAL_PLANT_COUNT
P2_S01-053,2CeR922uXUSfxLT6aAVjQH,SHRUB_INDIVIDUAL,IfcGeographicElement,VEGETATION,VEGETATION,,B,B,INDIVIDUAL_PLANT_COUNT
P2_S01-054,1TnIJ5veXPKggSxqBl1MT0,SHRUB_INDIVIDUAL,IfcGeographicElement,VEGETATION,VEGETATION,,B,B,INDIVIDUAL_PLANT_COUNT
P2_S01-055,2HFkph9TTSz9r9LUrRPW$k,SHRUB_INDIVIDUAL,IfcGeographicElement,VEGETATION,VEGETATION,,B,B,INDIVIDUAL_PLANT_COUNT
P2_S01-056,3MDHA4TxnT$BkDTI4S2ZlX,SHRUB_INDIVIDUAL,IfcGeographicElement,VEGETATION,VEGETATION,,B,B,INDIVIDUAL_PLANT_COUNT
P2_S01-057,1EgSKxOw5LAhB5XsrsEBmt,SHRUB_INDIVIDUAL,IfcGeographicElement,VEGETATION,VEGETATION,,B,B,INDIVIDUAL_PLANT_COUNT
P2_S01-058,3TsMtmRKHPJhwmB$DMYpr8,SHRUB_INDIVIDUAL,IfcGeographicElement,VEGETATION,VEGETATION,,B,B,INDIVIDUAL_PLANT_COUNT
P2_S01-059,2zplSe$OLKjhMs022tAZl8,SHRUB_INDIVIDUAL,IfcGeographicElement,VEGETATION,VEGETATION,,B,B,INDIVIDUAL_PLANT_COUNT
P2_S01-060,1B9Uy0i75MV8wN6Hlv7kRF,SHRUB_INDIVIDUAL,IfcGeographicElement,VEGETATION,VEGETATION,,B,B,INDIVIDUAL_PLANT_COUNT
P2_S01-061,0ukMzZOOfPywcelatmMrwL,SHRUB_INDIVIDUAL,IfcGeographicElement,VEGETATION,VEGETATION,,B,B,INDIVIDUAL_PLANT_COUNT
P2_S01-062,0fvQpLxVTPghJr1nkEYom_,SHRUB_INDIVIDUAL,IfcGeographicElement,VEGETATION,VEGETATION,,B,B,INDIVIDUAL_PLANT_COUNT
P2_S01-063,1W4rhFmuXNf85W$Dy7hQjN,SHRUB_INDIVIDUAL,IfcGeographicElement,VEGETATION,VEGETATION,,B,B,INDIVIDUAL_PLANT_COUNT
P2_S01-064,3mafPXPM9HaOjEd8xvSRgz,SHRUB_INDIVIDUAL,IfcGeographicElement,VEGETATION,VEGETATION,,B,B,INDIVIDUAL_PLANT_COUNT
P2_S01-065,1vazRs4pjOFvZZ51F1FfQ8,SHRUB_INDIVIDUAL,IfcGeographicElement,VEGETATION,VEGETATION,,B,B,INDIVIDUAL_PLANT_COUNT
P2_S01-066,0_7BhYE1LIVeWAv4K11hTC,SHRUB_INDIVIDUAL,IfcGeographicElement,VEGETATION,VEGETATION,,B,B,INDIVIDUAL_PLANT_COUNT
P2_S01-067,3Qv5nAWajL9fzw9Bki8IpL,SHRUB_INDIVIDUAL,IfcGeographicElement,VEGETATION,VEGETATION,,B,B,INDIVIDUAL_PLANT_COUNT
P2_S01-068,3dmzGbrhPRRxsSXdCu9knd,SHRUB_INDIVIDUAL,IfcGeographicElement,VEGETATION,VEGETATION,,B,B,INDIVIDUAL_PLANT_COUNT
P2_S01-069,1_05nVKXPKJfrGJ$6IgCEv,SHRUB_INDIVIDUAL,IfcGeographicElement,VEGETATION,VEGETATION,,B,B,INDIVIDUAL_PLANT_COUNT
P2_S01-070,2tIGVJCqDOxg$3tYXI4E40,SHRUB_INDIVIDUAL,IfcGeographicElement,VEGETATION,VEGETATION,,B,B,INDIVIDUAL_PLANT_COUNT
P2_S01-071,2mW7$SpirOrAOWldZMr0pX,SHRUB_INDIVIDUAL,IfcGeographicElement,VEGETATION,VEGETATION,,B,B,INDIVIDUAL_PLANT_COUNT
P2_S01-072,1pbKk27x1OYhR3fB11JOaL,SHRUB_INDIVIDUAL,IfcGeographicElement,VEGETATION,VEGETATION,,B,B,INDIVIDUAL_PLANT_COUNT
P2_S01-073,13CQhCYovNa8j1E8rEpWS8,SHRUB_INDIVIDUAL,IfcGeographicElement,VEGETATION,VEGETATION,,B,B,INDIVIDUAL_PLANT_COUNT
P2_S01-074,2yIwy_S3zSe8QNvHAKi7pc,SHRUB_INDIVIDUAL,IfcGeographicElement,VEGETATION,VEGETATION,,B,B,INDIVIDUAL_PLANT_COUNT
P2_S01-075,32d_IhzfzMzAmtZ96dQ4uN,SHRUB_INDIVIDUAL,IfcGeographicElement,VEGETATION,VEGETATION,,B,B,INDIVIDUAL_PLANT_COUNT
P2_S01-076,2y5D8GnnTQlxYr0iywTy5H,SHRUB_INDIVIDUAL,IfcGeographicElement,VEGETATION,VEGETATION,,B,B,INDIVIDUAL_PLANT_COUNT
P2_S01-077,0bn$RJXejHZ8wEbwj_yQ9i,SHRUB_INDIVIDUAL,IfcGeographicElement,VEGETATION,VEGETATION,,B,B,INDIVIDUAL_PLANT_COUNT
P2_S01-078,0WoCZ3EvDHBxwygrqYa79e,SHRUB_INDIVIDUAL,IfcGeographicElement,VEGETATION,VEGETATION,,B,B,INDIVIDUAL_PLANT_COUNT
P2_S01-079,20H4ELDs9Js9ZM$8CALs5O,SHRUB_INDIVIDUAL,IfcGeographicElement,VEGETATION,VEGETATION,,B,B,INDIVIDUAL_PLANT_COUNT
P2_S01-080,1aQbJ3wLTHFusteLLp1RlU,SHRUB_INDIVIDUAL,IfcGeographicElement,VEGETATION,VEGETATION,,B,B,INDIVIDUAL_PLANT_COUNT
P2_S01-081,0rnXdYcv9Q2gyUxki7hxUw,SHRUB_INDIVIDUAL,IfcGeographicElement,VEGETATION,VEGETATION,,B,B,INDIVIDUAL_PLANT_COUNT
P2_S01-082,2GXotVuYLSAQpYYStpxEJQ,SHRUB_INDIVIDUAL,IfcGeographicElement,VEGETATION,VEGETATION,,B,B,INDIVIDUAL_PLANT_COUNT
P2_S01-083,3EWnouTWHS9R7g__9OIOns,SHRUB_INDIVIDUAL,IfcGeographicElement,VEGETATION,VEGETATION,,B,B,INDIVIDUAL_PLANT_COUNT
P2_S01-084,1rD8lAPdPNefMP47f8Ww57,SHRUB_INDIVIDUAL,IfcGeographicElement,VEGETATION,VEGETATION,,B,B,INDIVIDUAL_PLANT_COUNT
P2_S01-085,0KwAp0M1vNTgFXrhd7QnJN,SHRUB_INDIVIDUAL,IfcGeographicElement,VEGETATION,VEGETATION,,B,B,INDIVIDUAL_PLANT_COUNT
P2_S01-086,31SCB912vGTBExQNOevDIF,SHRUB_INDIVIDUAL,IfcGeographicElement,VEGETATION,VEGETATION,,B,B,INDIVIDUAL_PLANT_COUNT
P2_S01-087,2WGw8jTeLJEO7N5I7YbSkl,SHRUB_INDIVIDUAL,IfcGeographicElement,VEGETATION,VEGETATION,,B,B,INDIVIDUAL_PLANT_COUNT
P2_S01-088,0QxP4g9ILSfhBMp7rERhwI,SHRUB_INDIVIDUAL,IfcGeographicElement,VEGETATION,VEGETATION,,B,B,INDIVIDUAL_PLANT_COUNT
P2_S01-089,0lgE5NSDLPDQoaaV7PPqZo,SHRUB_INDIVIDUAL,IfcGeographicElement,VEGETATION,VEGETATION,,B,B,INDIVIDUAL_PLANT_COUNT
P2_S01-090,1RsirfXYvL7fOpdm3k$$pu,SHRUB_INDIVIDUAL,IfcGeographicElement,VEGETATION,VEGETATION,,B,B,INDIVIDUAL_PLANT_COUNT
P2_S01-091,3zenA0YQTSGwObFdbDI7Xn,SHRUB_INDIVIDUAL,IfcGeographicElement,VEGETATION,VEGETATION,,B,B,INDIVIDUAL_PLANT_COUNT
P2_S01-092,068AhrKvTHLQvq0uOt0CYw,SHRUB_INDIVIDUAL,IfcGeographicElement,VEGETATION,VEGETATION,,B,B,INDIVIDUAL_PLANT_COUNT
P2_S01-093,2oEqAYZILO6ALpPfUzLZlL,SHRUB_INDIVIDUAL,IfcGeographicElement,VEGETATION,VEGETATION,,B,B,INDIVIDUAL_PLANT_COUNT
P2_S01-094,29PiFaCOvILRHIxMpDgjJn,SHRUB_INDIVIDUAL,IfcGeographicElement,VEGETATION,VEGETATION,,B,B,INDIVIDUAL_PLANT_COUNT
P2_S01-095,1CtZQAWSXMzepq2uaBNpR5,SHRUB_INDIVIDUAL,IfcGeographicElement,VEGETATION,VEGETATION,,B,B,INDIVIDUAL_PLANT_COUNT
P2_R03-001,2C7HcL1ezQQwv_LcGbsLaO,SHRUB_INDIVIDUAL,IfcGeographicElement,VEGETATION,VEGETATION,,B,B,INDIVIDUAL_PLANT_COUNT
P2_R03-002,1ys5x7pcXNCv0Xi5TmbGpz,SHRUB_INDIVIDUAL,IfcGeographicElement,VEGETATION,VEGETATION,,B,B,INDIVIDUAL_PLANT_COUNT
P2_R03-003,1lvC3XDhXQufGjMTYG3rWP,SHRUB_INDIVIDUAL,IfcGeographicElement,VEGETATION,VEGETATION,,B,B,INDIVIDUAL_PLANT_COUNT
P2_R03-004,3b9vaiVdrReu0k98j$dMsP,SHRUB_INDIVIDUAL,IfcGeographicElement,VEGETATION,VEGETATION,,B,B,INDIVIDUAL_PLANT_COUNT
P2_R03-005,2PRivOwW9VNuUOzJNC1Km6,SHRUB_INDIVIDUAL,IfcGeographicElement,VEGETATION,VEGETATION,,B,B,INDIVIDUAL_PLANT_COUNT
P2_R03-006,1M7DbCUDHPH8HWukDThCc_,SHRUB_INDIVIDUAL,IfcGeographicElement,VEGETATION,VEGETATION,,B,B,INDIVIDUAL_PLANT_COUNT
P2_R03-007,1p0LDVLRLPzR4h5P13Htur,SHRUB_INDIVIDUAL,IfcGeographicElement,VEGETATION,VEGETATION,,B,B,INDIVIDUAL_PLANT_COUNT
P2_R03-008,0_ERlnnBfTDugZu$_L5QH$,SHRUB_INDIVIDUAL,IfcGeographicElement,VEGETATION,VEGETATION,,A,B,INDIVIDUAL_PLANT_COUNT
P2_R03-009,1xDoz_yXjL7fGebA$X1Mq6,SHRUB_INDIVIDUAL,IfcGeographicElement,VEGETATION,VEGETATION,,A,B,INDIVIDUAL_PLANT_COUNT
P2_R03-010,3vTIejixPK0QGzLwgJA9jH,SHRUB_INDIVIDUAL,IfcGeographicElement,VEGETATION,VEGETATION,,A,B,INDIVIDUAL_PLANT_COUNT
P2_R03-011,1Gqbl1DU1HBxjzgQFLCsVo,SHRUB_INDIVIDUAL,IfcGeographicElement,VEGETATION,VEGETATION,,A,B,INDIVIDUAL_PLANT_COUNT
P2_R03-012,3_4rXW_WvMhA6vZbL76WHI,SHRUB_INDIVIDUAL,IfcGeographicElement,VEGETATION,VEGETATION,,A,B,INDIVIDUAL_PLANT_COUNT
P2_R03-013,0d4vRAQjDUNxJ0tVVB0HsL,SHRUB_INDIVIDUAL,IfcGeographicElement,VEGETATION,VEGETATION,,B,B,INDIVIDUAL_PLANT_COUNT
P2_R03-014,2ywJGX0KvOUhAucWSIYwjP,SHRUB_INDIVIDUAL,IfcGeographicElement,VEGETATION,VEGETATION,,B,B,INDIVIDUAL_PLANT_COUNT
P2_R03-015,0HamKLGJHGwQezYYD9Avq6,SHRUB_INDIVIDUAL,IfcGeographicElement,VEGETATION,VEGETATION,,B,B,INDIVIDUAL_PLANT_COUNT
P2_R03-016,0be43HZSDPKg7BWdha3fQy,SHRUB_INDIVIDUAL,IfcGeographicElement,VEGETATION,VEGETATION,,B,B,INDIVIDUAL_PLANT_COUNT
P2_R03-017,1aJvheSx5S1uVHb$Ad7tNF,SHRUB_INDIVIDUAL,IfcGeographicElement,VEGETATION,VEGETATION,,B,B,INDIVIDUAL_PLANT_COUNT
P2_R03-018,2RnalGdSLTm8Y_k9RSOrFf,SHRUB_INDIVIDUAL,IfcGeographicElement,VEGETATION,VEGETATION,,B,B,INDIVIDUAL_PLANT_COUNT
P2_R03-019,3vrR3taxXUJhWrChWaO7cb,SHRUB_INDIVIDUAL,IfcGeographicElement,VEGETATION,VEGETATION,,B,B,INDIVIDUAL_PLANT_COUNT
P2_R03-020,2FyLBtudDNWBG8yjISab6n,SHRUB_INDIVIDUAL,IfcGeographicElement,VEGETATION,VEGETATION,,B,B,INDIVIDUAL_PLANT_COUNT
P2_R03-021,1YOU7y3K1JBeRUxnTH2IDQ,SHRUB_INDIVIDUAL,IfcGeographicElement,VEGETATION,VEGETATION,,B,B,INDIVIDUAL_PLANT_COUNT
P2_R03-022,2oQqVZ8mvVMe0rU9yiHvhG,SHRUB_INDIVIDUAL,IfcGeographicElement,VEGETATION,VEGETATION,,B,B,INDIVIDUAL_PLANT_COUNT
P2_R03-023,2NiJThPrHPzOtgabjoFLgJ,SHRUB_INDIVIDUAL,IfcGeographicElement,VEGETATION,VEGETATION,,B,B,INDIVIDUAL_PLANT_COUNT
P2_R03-024,32$_t4EBfJbRGDOvEaKANU,SHRUB_INDIVIDUAL,IfcGeographicElement,VEGETATION,VEGETATION,,B,B,INDIVIDUAL_PLANT_COUNT
P2_R03-025,3nom9bvF1VNQKxr_QQYPI1,SHRUB_INDIVIDUAL,IfcGeographicElement,VEGETATION,VEGETATION,,A,B,INDIVIDUAL_PLANT_COUNT
P2_R03-026,0Cg5b1nUfVRQcKkVIzzAPx,SHRUB_INDIVIDUAL,IfcGeographicElement,VEGETATION,VEGETATION,,A,B,INDIVIDUAL_PLANT_COUNT
P2_R03-027,25WLYHTdTNyxkcAqy$fbD4,SHRUB_INDIVIDUAL,IfcGeographicElement,VEGETATION,VEGETATION,,A,B,INDIVIDUAL_PLANT_COUNT
P2_R03-028,2PLxBply9KcOtdO1hX5oet,SHRUB_INDIVIDUAL,IfcGeographicElement,VEGETATION,VEGETATION,,A,B,INDIVIDUAL_PLANT_COUNT
P2_R03-029,3tYXHHz8zRdxBX6lxUJXtn,SHRUB_INDIVIDUAL,IfcGeographicElement,VEGETATION,VEGETATION,,A,B,INDIVIDUAL_PLANT_COUNT
P2_R03-030,0XlZJjA8PSgOza8AGPadFA,SHRUB_INDIVIDUAL,IfcGeographicElement,VEGETATION,VEGETATION,,A,B,INDIVIDUAL_PLANT_COUNT
P2_R03-031,25Y8LQHT1UnwKrO$MjbEhf,SHRUB_INDIVIDUAL,IfcGeographicElement,VEGETATION,VEGETATION,,A,B,INDIVIDUAL_PLANT_COUNT
P2_R03-032,2fqQlDxPXLX8$nGBlQy0FG,SHRUB_INDIVIDUAL,IfcGeographicElement,VEGETATION,VEGETATION,,A,B,INDIVIDUAL_PLANT_COUNT
P2_R03-033,2ApB9owwvJe8iIfnbf6XiL,SHRUB_INDIVIDUAL,IfcGeographicElement,VEGETATION,VEGETATION,,A,B,INDIVIDUAL_PLANT_COUNT
P2_R03-034,0uWUEIc3bQbRZQLXAv0BCt,SHRUB_INDIVIDUAL,IfcGeographicElement,VEGETATION,VEGETATION,,A,B,INDIVIDUAL_PLANT_COUNT
P2_R03-035,0gE7XTeg9UCxRk_sNFRYtD,SHRUB_INDIVIDUAL,IfcGeographicElement,VEGETATION,VEGETATION,,A,B,INDIVIDUAL_PLANT_COUNT
P2_R03-036,3sY0mVJSPGgO69v7FzOThX,SHRUB_INDIVIDUAL,IfcGeographicElement,VEGETATION,VEGETATION,,A,B,INDIVIDUAL_PLANT_COUNT
P2_R03-037,1XaTKWsIfJDQGr5YW8SjZg,SHRUB_INDIVIDUAL,IfcGeographicElement,VEGETATION,VEGETATION,,B,B,INDIVIDUAL_PLANT_COUNT
P2_R03-038,0zUH97VuPVefMI3gi$P$gf,SHRUB_INDIVIDUAL,IfcGeographicElement,VEGETATION,VEGETATION,,B,B,INDIVIDUAL_PLANT_COUNT
P2_R03-039,1Q8g7NuYnUnhR6Y5NCcP2x,SHRUB_INDIVIDUAL,IfcGeographicElement,VEGETATION,VEGETATION,,B,B,INDIVIDUAL_PLANT_COUNT
P2_R03-040,3IvRzWHuLOiPNWxYqrl7oM,SHRUB_INDIVIDUAL,IfcGeographicElement,VEGETATION,VEGETATION,,B,B,INDIVIDUAL_PLANT_COUNT
P2_R03-041,302PGIBvrQ$fdD0eYsfvSX,SHRUB_INDIVIDUAL,IfcGeographicElement,VEGETATION,VEGETATION,,B,B,INDIVIDUAL_PLANT_COUNT
P2_R03-042,0If1iBtWDUveixsKq9L8c8,SHRUB_INDIVIDUAL,IfcGeographicElement,VEGETATION,VEGETATION,,B,B,INDIVIDUAL_PLANT_COUNT
P2_R03-043,3P8U0B8h9GMfSKPNTeMYIs,SHRUB_INDIVIDUAL,IfcGeographicElement,VEGETATION,VEGETATION,,B,B,INDIVIDUAL_PLANT_COUNT
P2_R03-044,1sckp7689V1QEsB_lMEtN5,SHRUB_INDIVIDUAL,IfcGeographicElement,VEGETATION,VEGETATION,,B,B,INDIVIDUAL_PLANT_COUNT
P2_R03-045,0i4FyfagTHVxLqyCUoNuOh,SHRUB_INDIVIDUAL,IfcGeographicElement,VEGETATION,VEGETATION,,B,B,INDIVIDUAL_PLANT_COUNT
P2_R03-046,0Hpt5nViTM8Aj9y_R6JL$j,SHRUB_INDIVIDUAL,IfcGeographicElement,VEGETATION,VEGETATION,,B,B,INDIVIDUAL_PLANT_COUNT
P2_R03-047,3oMIVpmXvSUeY49fan8Kpw,SHRUB_INDIVIDUAL,IfcGeographicElement,VEGETATION,VEGETATION,,B,B,INDIVIDUAL_PLANT_COUNT
P2_R03-048,279s2tXrTPYvYzG7R12eXk,SHRUB_INDIVIDUAL,IfcGeographicElement,VEGETATION,VEGETATION,,B,B,INDIVIDUAL_PLANT_COUNT
P2_R03-049,1AGMkMHibRdAmeDYhL1fLo,SHRUB_INDIVIDUAL,IfcGeographicElement,VEGETATION,VEGETATION,,B,B,INDIVIDUAL_PLANT_COUNT
P2_R03-050,1GQy9jbA5Hfvw84RizJSvr,SHRUB_INDIVIDUAL,IfcGeographicElement,VEGETATION,VEGETATION,,A,B,INDIVIDUAL_PLANT_COUNT
P2_R03-051,3McPgNNGTLWwMKmiojwCAc,SHRUB_INDIVIDUAL,IfcGeographicElement,VEGETATION,VEGETATION,,A,B,INDIVIDUAL_PLANT_COUNT
P2_R03-052,1NhboNSMHNZREObV6p7jEI,SHRUB_INDIVIDUAL,IfcGeographicElement,VEGETATION,VEGETATION,,A,B,INDIVIDUAL_PLANT_COUNT
P2_R03-053,3Gome6L9HKgAgo9v5vrpIS,SHRUB_INDIVIDUAL,IfcGeographicElement,VEGETATION,VEGETATION,,A,B,INDIVIDUAL_PLANT_COUNT
P2_R03-054,1_w6_PJnjG$v9AnZsg1v45,SHRUB_INDIVIDUAL,IfcGeographicElement,VEGETATION,VEGETATION,,A,B,INDIVIDUAL_PLANT_COUNT
P2_R03-055,0_YUKAHXXNZgGusAaO1og0,SHRUB_INDIVIDUAL,IfcGeographicElement,VEGETATION,VEGETATION,,A,B,INDIVIDUAL_PLANT_COUNT
P2_R03-056,2fEXNEBs5O5eq2DqlXkZ3O,SHRUB_INDIVIDUAL,IfcGeographicElement,VEGETATION,VEGETATION,,A,B,INDIVIDUAL_PLANT_COUNT
P2_R03-057,1fLVLTL9TNkQ6fPpeq3rJG,SHRUB_INDIVIDUAL,IfcGeographicElement,VEGETATION,VEGETATION,,A,B,INDIVIDUAL_PLANT_COUNT
P2_R03-058,37lmDcfN9KxxN6PMVtAwnL,SHRUB_INDIVIDUAL,IfcGeographicElement,VEGETATION,VEGETATION,,A,B,INDIVIDUAL_PLANT_COUNT
P2_R03-059,21WcP9kBDGUAiX4XY72gQW,SHRUB_INDIVIDUAL,IfcGeographicElement,VEGETATION,VEGETATION,,A,B,INDIVIDUAL_PLANT_COUNT
P2_R03-060,1tDUGA34jOxQ2ipe9qgJzg,SHRUB_INDIVIDUAL,IfcGeographicElement,VEGETATION,VEGETATION,,A,B,INDIVIDUAL_PLANT_COUNT
P2_R03-061,09Rp2jQgTRWP$3w7iGHoCO,SHRUB_INDIVIDUAL,IfcGeographicElement,VEGETATION,VEGETATION,,B,B,INDIVIDUAL_PLANT_COUNT
P2_R03-062,24CvRaiinKlhpHdLltYu5E,SHRUB_INDIVIDUAL,IfcGeographicElement,VEGETATION,VEGETATION,,B,B,INDIVIDUAL_PLANT_COUNT
P2_R03-063,1gID4LdiXH9u2ZJ_6$MROe,SHRUB_INDIVIDUAL,IfcGeographicElement,VEGETATION,VEGETATION,,B,B,INDIVIDUAL_PLANT_COUNT
P2_R03-064,0OyTmxT3LUKuQmYmtyKdeV,SHRUB_INDIVIDUAL,IfcGeographicElement,VEGETATION,VEGETATION,,B,B,INDIVIDUAL_PLANT_COUNT
P2_R03-065,1KtWSyVbnV5fculDzmJqoP,SHRUB_INDIVIDUAL,IfcGeographicElement,VEGETATION,VEGETATION,,B,B,INDIVIDUAL_PLANT_COUNT
P2_R03-066,1wqOxGRMnHZw9RjxSVTD5e,SHRUB_INDIVIDUAL,IfcGeographicElement,VEGETATION,VEGETATION,,B,B,INDIVIDUAL_PLANT_COUNT
P2_R03-067,2_s9botu1LxQ8cMmdAwMHc,SHRUB_INDIVIDUAL,IfcGeographicElement,VEGETATION,VEGETATION,,B,B,INDIVIDUAL_PLANT_COUNT
P2_R03-068,0LbSE$KPXV3gOF7uoPjIZM,SHRUB_INDIVIDUAL,IfcGeographicElement,VEGETATION,VEGETATION,,B,B,INDIVIDUAL_PLANT_COUNT
P2_R03-069,2_QzP7IvXTXO$jQmkteDEN,SHRUB_INDIVIDUAL,IfcGeographicElement,VEGETATION,VEGETATION,,B,B,INDIVIDUAL_PLANT_COUNT
P2_R03-070,0wQ9Dpkk1G2eqNUPQgRi3d,SHRUB_INDIVIDUAL,IfcGeographicElement,VEGETATION,VEGETATION,,B,B,INDIVIDUAL_PLANT_COUNT
P2_R03-071,0Xbs78gpPSL8UTBCQ80Nyp,SHRUB_INDIVIDUAL,IfcGeographicElement,VEGETATION,VEGETATION,,B,B,INDIVIDUAL_PLANT_COUNT
P2_R03-072,1Xw_sB2F9Ox8swOnwvswjy,SHRUB_INDIVIDUAL,IfcGeographicElement,VEGETATION,VEGETATION,,A,B,INDIVIDUAL_PLANT_COUNT
P2_R03-073,1V3l36eAbHpAONorOuojvD,SHRUB_INDIVIDUAL,IfcGeographicElement,VEGETATION,VEGETATION,,A,B,INDIVIDUAL_PLANT_COUNT
P2_R03-074,0E8DIS$OHUpuGgKYjL2wn3,SHRUB_INDIVIDUAL,IfcGeographicElement,VEGETATION,VEGETATION,,A,B,INDIVIDUAL_PLANT_COUNT
P2_R03-075,0dniKJ6ZfK$BtSWr73Ikh8,SHRUB_INDIVIDUAL,IfcGeographicElement,VEGETATION,VEGETATION,,A,B,INDIVIDUAL_PLANT_COUNT
P2_R03-076,37i7SM67DHZOHxfS8VJftR,SHRUB_INDIVIDUAL,IfcGeographicElement,VEGETATION,VEGETATION,,A,B,INDIVIDUAL_PLANT_COUNT
P2_S02-001,3XL$dORZLJbuccbS1wcXL5,SHRUB_INDIVIDUAL,IfcGeographicElement,VEGETATION,VEGETATION,,B,B,INDIVIDUAL_PLANT_COUNT
P2_S02-002,0STGURFt1RWuwFdIFoKMSX,SHRUB_INDIVIDUAL,IfcGeographicElement,VEGETATION,VEGETATION,,B,B,INDIVIDUAL_PLANT_COUNT
P2_S02-003,1pRV0dxOLQy9v2Q0B0JgUQ,SHRUB_INDIVIDUAL,IfcGeographicElement,VEGETATION,VEGETATION,,B,B,INDIVIDUAL_PLANT_COUNT
P2_S02-004,0wqR5kpOjMCAiWqrvCV9_6,SHRUB_INDIVIDUAL,IfcGeographicElement,VEGETATION,VEGETATION,,B,B,INDIVIDUAL_PLANT_COUNT
P2_S02-005,20Ge7Cs45Ri8Awst2jO2k4,SHRUB_INDIVIDUAL,IfcGeographicElement,VEGETATION,VEGETATION,,A,B,INDIVIDUAL_PLANT_COUNT
P2_S02-006,1zRHdBPA5SRx9sM50AKOSb,SHRUB_INDIVIDUAL,IfcGeographicElement,VEGETATION,VEGETATION,,A,B,INDIVIDUAL_PLANT_COUNT
P2_S02-007,0AC98q_yjOThIyGA7TzIYB,SHRUB_INDIVIDUAL,IfcGeographicElement,VEGETATION,VEGETATION,,A,B,INDIVIDUAL_PLANT_COUNT
P2_S02-008,39iEr0cZ1Vbg8aSsv5LOfu,SHRUB_INDIVIDUAL,IfcGeographicElement,VEGETATION,VEGETATION,,A,B,INDIVIDUAL_PLANT_COUNT
P2_S02-009,35Ckl215zN2gr9Q0oLxY8w,SHRUB_INDIVIDUAL,IfcGeographicElement,VEGETATION,VEGETATION,,A,B,INDIVIDUAL_PLANT_COUNT
P2_S02-010,2yQb1ROo5HtPZN_oqN$W0J,SHRUB_INDIVIDUAL,IfcGeographicElement,VEGETATION,VEGETATION,,A,B,INDIVIDUAL_PLANT_COUNT
P2_S02-011,0yZieefDDHR8s2HdaxaVJ5,SHRUB_INDIVIDUAL,IfcGeographicElement,VEGETATION,VEGETATION,,A,B,INDIVIDUAL_PLANT_COUNT
P2_S02-012,3MOWxa2snIRQu4mW7px2fp,SHRUB_INDIVIDUAL,IfcGeographicElement,VEGETATION,VEGETATION,,A,B,INDIVIDUAL_PLANT_COUNT
P2_S02-013,0BKp8d_$jQJ9P4PUJrQ$62,SHRUB_INDIVIDUAL,IfcGeographicElement,VEGETATION,VEGETATION,,A,B,INDIVIDUAL_PLANT_COUNT
P2_S02-014,1ctuk0YKDMXQK0YicJqST$,SHRUB_INDIVIDUAL,IfcGeographicElement,VEGETATION,VEGETATION,,A,B,INDIVIDUAL_PLANT_COUNT
P2_S02-015,3zGPZ8pg1KLBxIKqG8JOfO,SHRUB_INDIVIDUAL,IfcGeographicElement,VEGETATION,VEGETATION,,B,B,INDIVIDUAL_PLANT_COUNT
P2_S02-016,14jnEuBZ9Te852E2cYwC5z,SHRUB_INDIVIDUAL,IfcGeographicElement,VEGETATION,VEGETATION,,B,B,INDIVIDUAL_PLANT_COUNT
P2_S02-017,06YziVyCrO2AyAeTDGRjQx,SHRUB_INDIVIDUAL,IfcGeographicElement,VEGETATION,VEGETATION,,B,B,INDIVIDUAL_PLANT_COUNT
P2_S02-018,2x$uFWaRLRihGbNemrUHW3,SHRUB_INDIVIDUAL,IfcGeographicElement,VEGETATION,VEGETATION,,B,B,INDIVIDUAL_PLANT_COUNT
P2_S02-019,1vW9PSIvPS4QcvDu96Yems,SHRUB_INDIVIDUAL,IfcGeographicElement,VEGETATION,VEGETATION,,B,B,INDIVIDUAL_PLANT_COUNT
P2_S02-020,1ehiW8qHPNS8t1QhM6fHBM,SHRUB_INDIVIDUAL,IfcGeographicElement,VEGETATION,VEGETATION,,B,B,INDIVIDUAL_PLANT_COUNT
P2_S02-021,2Bs3$hCbLNwRrmFqOHzEFO,SHRUB_INDIVIDUAL,IfcGeographicElement,VEGETATION,VEGETATION,,B,B,INDIVIDUAL_PLANT_COUNT
P2_S02-022,1NmETY7q9NfgSkK1YKkYhz,SHRUB_INDIVIDUAL,IfcGeographicElement,VEGETATION,VEGETATION,,B,B,INDIVIDUAL_PLANT_COUNT
P2_S02-023,0EN$$V2tTPXgzT2qCJFX2u,SHRUB_INDIVIDUAL,IfcGeographicElement,VEGETATION,VEGETATION,,B,B,INDIVIDUAL_PLANT_COUNT
P2_S02-024,27H_KfMsXIyxiAhqfUGLzb,SHRUB_INDIVIDUAL,IfcGeographicElement,VEGETATION,VEGETATION,,B,B,INDIVIDUAL_PLANT_COUNT
P2_S02-025,1r7KgbylbV2ujfkFzZNqVb,SHRUB_INDIVIDUAL,IfcGeographicElement,VEGETATION,VEGETATION,,B,B,INDIVIDUAL_PLANT_COUNT
P2_S02-026,2g2fIIdDvIIPBQN8huBwlx,SHRUB_INDIVIDUAL,IfcGeographicElement,VEGETATION,VEGETATION,,A,B,INDIVIDUAL_PLANT_COUNT
P2_S02-027,2ZLwja9kXJ9OPL9DCsiTr6,SHRUB_INDIVIDUAL,IfcGeographicElement,VEGETATION,VEGETATION,,A,B,INDIVIDUAL_PLANT_COUNT
P2_S02-028,2gHpCQmZ1M5OPsaz73qpyJ,SHRUB_INDIVIDUAL,IfcGeographicElement,VEGETATION,VEGETATION,,A,B,INDIVIDUAL_PLANT_COUNT
P2_S02-029,2Y5RAR_DPNRgQ_v22ZQuNp,SHRUB_INDIVIDUAL,IfcGeographicElement,VEGETATION,VEGETATION,,A,B,INDIVIDUAL_PLANT_COUNT
P2_S02-030,30OZHPOu9Giup5ajdLOBsf,SHRUB_INDIVIDUAL,IfcGeographicElement,VEGETATION,VEGETATION,,A,B,INDIVIDUAL_PLANT_COUNT
P2_S02-031,1XzgWvbV5TzOObVbwlpUrh,SHRUB_INDIVIDUAL,IfcGeographicElement,VEGETATION,VEGETATION,,A,B,INDIVIDUAL_PLANT_COUNT
P2_S02-032,2FBB4m$9nJBvlCXxm4sySD,SHRUB_INDIVIDUAL,IfcGeographicElement,VEGETATION,VEGETATION,,A,B,INDIVIDUAL_PLANT_COUNT
P2_S02-033,29aUJ7y1nMchP7IO1V5jf$,SHRUB_INDIVIDUAL,IfcGeographicElement,VEGETATION,VEGETATION,,A,B,INDIVIDUAL_PLANT_COUNT
P2_S02-034,3XSfoBALrT4ugeTvZazjQs,SHRUB_INDIVIDUAL,IfcGeographicElement,VEGETATION,VEGETATION,,A,B,INDIVIDUAL_PLANT_COUNT
P2_S02-035,3ucbViVAXLghcv33Tl7Kx9,SHRUB_INDIVIDUAL,IfcGeographicElement,VEGETATION,VEGETATION,,A,B,INDIVIDUAL_PLANT_COUNT
P2_S02-036,3fq$_8HhLH5gTGYoGdxQHN,SHRUB_INDIVIDUAL,IfcGeographicElement,VEGETATION,VEGETATION,,A,B,INDIVIDUAL_PLANT_COUNT
P2_S02-037,1ea8QHOZnJVhF8Z01T93b4,SHRUB_INDIVIDUAL,IfcGeographicElement,VEGETATION,VEGETATION,,A,B,INDIVIDUAL_PLANT_COUNT
P2_S02-038,2Oj$5MA45NkBgk6KEW8t7Z,SHRUB_INDIVIDUAL,IfcGeographicElement,VEGETATION,VEGETATION,,A,B,INDIVIDUAL_PLANT_COUNT
P2_S02-039,3MxcK6OsbLI9TlFeZWYt5N,SHRUB_INDIVIDUAL,IfcGeographicElement,VEGETATION,VEGETATION,,A,B,INDIVIDUAL_PLANT_COUNT
P2_S02-040,1vwClNQWDKwRTMX71HIP_d,SHRUB_INDIVIDUAL,IfcGeographicElement,VEGETATION,VEGETATION,,A,B,INDIVIDUAL_PLANT_COUNT
P2_S02-041,285s2VJPjTd9j$N_$gof1K,SHRUB_INDIVIDUAL,IfcGeographicElement,VEGETATION,VEGETATION,,A,B,INDIVIDUAL_PLANT_COUNT
P2_S02-042,1VYUkiiOHOue5xs$yKADFy,SHRUB_INDIVIDUAL,IfcGeographicElement,VEGETATION,VEGETATION,,B,B,INDIVIDUAL_PLANT_COUNT
P2_S02-043,0zUc5ZUMPMCvVrS0jziVoW,SHRUB_INDIVIDUAL,IfcGeographicElement,VEGETATION,VEGETATION,,B,B,INDIVIDUAL_PLANT_COUNT
P2_S02-044,3PFG1bzcHRxBJsymqcLYh6,SHRUB_INDIVIDUAL,IfcGeographicElement,VEGETATION,VEGETATION,,B,B,INDIVIDUAL_PLANT_COUNT
P2_S02-045,0P7GlhzlbMrfIxv0LvqrEk,SHRUB_INDIVIDUAL,IfcGeographicElement,VEGETATION,VEGETATION,,B,B,INDIVIDUAL_PLANT_COUNT
P2_S02-046,0VXTvsh6DJPvzRlif7TOKB,SHRUB_INDIVIDUAL,IfcGeographicElement,VEGETATION,VEGETATION,,B,B,INDIVIDUAL_PLANT_COUNT
P2_S02-047,18BEJ3$UzLn9jZJLWnSHS_,SHRUB_INDIVIDUAL,IfcGeographicElement,VEGETATION,VEGETATION,,B,B,INDIVIDUAL_PLANT_COUNT
P2_S02-048,0dI0EeZwDJc86wFzU10GqN,SHRUB_INDIVIDUAL,IfcGeographicElement,VEGETATION,VEGETATION,,B,B,INDIVIDUAL_PLANT_COUNT
P2_S02-049,2pwoBG4w9LnPUitYel$2NY,SHRUB_INDIVIDUAL,IfcGeographicElement,VEGETATION,VEGETATION,,B,B,INDIVIDUAL_PLANT_COUNT
P2_S02-050,0n78uH6JHVRg0d3WK0LEpS,SHRUB_INDIVIDUAL,IfcGeographicElement,VEGETATION,VEGETATION,,B,B,INDIVIDUAL_PLANT_COUNT
P2_S02-051,2JIQZzDlzMmfRrwLpERfpw,SHRUB_INDIVIDUAL,IfcGeographicElement,VEGETATION,VEGETATION,,B,B,INDIVIDUAL_PLANT_COUNT
P2_S02-052,1ihe_82mrR0Pmv7mZP3fyI,SHRUB_INDIVIDUAL,IfcGeographicElement,VEGETATION,VEGETATION,,A,B,INDIVIDUAL_PLANT_COUNT
P2_S02-053,1AD7sux2DVdvjrWZoDhqmb,SHRUB_INDIVIDUAL,IfcGeographicElement,VEGETATION,VEGETATION,,A,B,INDIVIDUAL_PLANT_COUNT
P2_S02-054,2LjMcTjcHHrxanBgHGQEe7,SHRUB_INDIVIDUAL,IfcGeographicElement,VEGETATION,VEGETATION,,A,B,INDIVIDUAL_PLANT_COUNT
P2_S02-055,28thloXMPVieSCkV8HfOvl,SHRUB_INDIVIDUAL,IfcGeographicElement,VEGETATION,VEGETATION,,A,B,INDIVIDUAL_PLANT_COUNT
P2_S02-056,3W6OT$g5nUeAsFOVkQuije,SHRUB_INDIVIDUAL,IfcGeographicElement,VEGETATION,VEGETATION,,A,B,INDIVIDUAL_PLANT_COUNT
P2_S02-057,3vSX2UZTHLiu_iNKvHRpzj,SHRUB_INDIVIDUAL,IfcGeographicElement,VEGETATION,VEGETATION,,A,B,INDIVIDUAL_PLANT_COUNT
P2_S02-058,1LTcUdegLGz9BbGcEyUnxN,SHRUB_INDIVIDUAL,IfcGeographicElement,VEGETATION,VEGETATION,,A,B,INDIVIDUAL_PLANT_COUNT
P2_S02-059,2u3hpRnx5Vh9ar1ZtXX7H9,SHRUB_INDIVIDUAL,IfcGeographicElement,VEGETATION,VEGETATION,,A,B,INDIVIDUAL_PLANT_COUNT
P2_S02-060,26zSsWTCrG_AWexUwirCjK,SHRUB_INDIVIDUAL,IfcGeographicElement,VEGETATION,VEGETATION,,A,B,INDIVIDUAL_PLANT_COUNT
P2_S02-061,3o4G9qZnLMl8fJIUV$Pky_,SHRUB_INDIVIDUAL,IfcGeographicElement,VEGETATION,VEGETATION,,A,B,INDIVIDUAL_PLANT_COUNT
P2_S02-062,3ZoedHQUjTL9ODlH4vErdE,SHRUB_INDIVIDUAL,IfcGeographicElement,VEGETATION,VEGETATION,,A,B,INDIVIDUAL_PLANT_COUNT
P2_S02-063,1Y3sRN2RPTiQUaI1sixYQ2,SHRUB_INDIVIDUAL,IfcGeographicElement,VEGETATION,VEGETATION,,A,B,INDIVIDUAL_PLANT_COUNT
P2_S02-064,0KgiBE7hzL7Ook8$6XkNLb,SHRUB_INDIVIDUAL,IfcGeographicElement,VEGETATION,VEGETATION,,A,B,INDIVIDUAL_PLANT_COUNT
P2_S02-065,1_TYfzMVPTWw4$uiav6QAg,SHRUB_INDIVIDUAL,IfcGeographicElement,VEGETATION,VEGETATION,,A,B,INDIVIDUAL_PLANT_COUNT
P2_S02-066,2$YKdw_HTGsQOiDCCa6g8I,SHRUB_INDIVIDUAL,IfcGeographicElement,VEGETATION,VEGETATION,,A,B,INDIVIDUAL_PLANT_COUNT
P2_S02-067,1uvzxM2v5MPBAktGrQ9Y9j,SHRUB_INDIVIDUAL,IfcGeographicElement,VEGETATION,VEGETATION,,A,B,INDIVIDUAL_PLANT_COUNT
P2_S02-068,06J$AQuHvUNwOKFMR8TSrQ,SHRUB_INDIVIDUAL,IfcGeographicElement,VEGETATION,VEGETATION,,B,B,INDIVIDUAL_PLANT_COUNT
P2_S02-069,0T5wLhx1PRaRnCO6q26nWQ,SHRUB_INDIVIDUAL,IfcGeographicElement,VEGETATION,VEGETATION,,B,B,INDIVIDUAL_PLANT_COUNT
P2_S02-070,3mN3O593DOKBYhTAyFHrKv,SHRUB_INDIVIDUAL,IfcGeographicElement,VEGETATION,VEGETATION,,B,B,INDIVIDUAL_PLANT_COUNT
P2_S02-071,1sHD8RKKnUueguq$MUkn2L,SHRUB_INDIVIDUAL,IfcGeographicElement,VEGETATION,VEGETATION,,B,B,INDIVIDUAL_PLANT_COUNT
P2_S02-072,2SRfZlIufTzOj6j8dZfQNi,SHRUB_INDIVIDUAL,IfcGeographicElement,VEGETATION,VEGETATION,,B,B,INDIVIDUAL_PLANT_COUNT
P2_S02-073,2VIjDjdkPUshXR4MUuZA1d,SHRUB_INDIVIDUAL,IfcGeographicElement,VEGETATION,VEGETATION,,B,B,INDIVIDUAL_PLANT_COUNT
P2_S02-074,062LfGCxXLEx1Yj0ouO_YE,SHRUB_INDIVIDUAL,IfcGeographicElement,VEGETATION,VEGETATION,,B,B,INDIVIDUAL_PLANT_COUNT
P2_S02-075,0LKmWs9M9JhxoYYumW3ZH0,SHRUB_INDIVIDUAL,IfcGeographicElement,VEGETATION,VEGETATION,,B,B,INDIVIDUAL_PLANT_COUNT
P2_S02-076,3nX33k7PzKqeAwRcwGbo5X,SHRUB_INDIVIDUAL,IfcGeographicElement,VEGETATION,VEGETATION,,B,B,INDIVIDUAL_PLANT_COUNT
P2_S02-077,1bKbD4gu5IeeTrep3icamr,SHRUB_INDIVIDUAL,IfcGeographicElement,VEGETATION,VEGETATION,,B,B,INDIVIDUAL_PLANT_COUNT
P2_S02-078,3noRKM0XTPA9h9K_KnRRkH,SHRUB_INDIVIDUAL,IfcGeographicElement,VEGETATION,VEGETATION,,B,B,INDIVIDUAL_PLANT_COUNT
P2_S02-079,2RYiS70pvJ2uCgdJZDup5B,SHRUB_INDIVIDUAL,IfcGeographicElement,VEGETATION,VEGETATION,,B,B,INDIVIDUAL_PLANT_COUNT
P2_S02-080,1uJwEF0Z5Ujxh03wxkCGV6,SHRUB_INDIVIDUAL,IfcGeographicElement,VEGETATION,VEGETATION,,B,B,INDIVIDUAL_PLANT_COUNT
P2_S02-081,3CxKOUw0DKFe2jZImdssAM,SHRUB_INDIVIDUAL,IfcGeographicElement,VEGETATION,VEGETATION,,B,B,INDIVIDUAL_PLANT_COUNT
P2_S02-082,25rrQPT0XJpxjXtWgNEuTx,SHRUB_INDIVIDUAL,IfcGeographicElement,VEGETATION,VEGETATION,,B,B,INDIVIDUAL_PLANT_COUNT
BENCH01,1cBKeX8qvQavDz0lALOOsz,BENCH,IfcFurniture,USERDEFINED,BENCH,BENCH,D,D,PHYSICAL_DESIGN
BENCH02,3ZW7a2V_HHyB7uEe0sYGCf,BENCH,IfcFurniture,USERDEFINED,BENCH,BENCH,D,D,PHYSICAL_DESIGN
BENCH03,0DO7eAO81PzRAdZDBjckEm,BENCH,IfcFurniture,USERDEFINED,BENCH,BENCH,A,A,PHYSICAL_DESIGN
BENCH04,0DcAGz_D9K3vbTlhvIdvjx,BENCH,IfcFurniture,USERDEFINED,BENCH,BENCH,A,A,PHYSICAL_DESIGN
BENCH05,1kBOWpIzDQ7fM7xMqFX7sb,BENCH,IfcFurniture,USERDEFINED,BENCH,BENCH,A,A,PHYSICAL_DESIGN
BENCH06,1PKm$l7k9T09zfj6ArLesB,BENCH,IfcFurniture,USERDEFINED,BENCH,BENCH,C,C,PHYSICAL_DESIGN
PERGOLA01,0e6NF2t6XJ_PKo0bK2HlHe,PERGOLA,IfcElementAssembly,USERDEFINED,PERGOLA,PERGOLA,D,D,PHYSICAL_DESIGN
PIPE_A,1bd12Rq9vHkwu_IDooReN2,STORMWATER_PIPE,IfcPipeSegment,RIGIDSEGMENT,RIGIDSEGMENT,,A,"A,B",PHYSICAL_DESIGN
PIPE_B,2uxjlQpbjUUv2UC$J$F1JC,STORMWATER_PIPE,IfcPipeSegment,RIGIDSEGMENT,RIGIDSEGMENT,,B,"B,D",PHYSICAL_DESIGN
PIPE_C,0dKX0v4MnGaRajxAUcYi6n,STORMWATER_PIPE,IfcPipeSegment,RIGIDSEGMENT,RIGIDSEGMENT,,C,"C,D",PHYSICAL_DESIGN
PIPE_D,25UMDIw3fVWuVMTBD3leGG,STORMWATER_PIPE,IfcPipeSegment,RIGIDSEGMENT,RIGIDSEGMENT,,D,D,PHYSICAL_DESIGN
CHAMBER_A,3gmuPO0wrGOvUL8XzIqdyM,CATCH_BASIN,IfcDistributionChamberElement,SUMP,SUMP,,A,A,PHYSICAL_DESIGN
CHAMBER_B,0bwDG433LK6Ow2eXkwOKWK,CATCH_BASIN,IfcDistributionChamberElement,SUMP,SUMP,,B,B,PHYSICAL_DESIGN
CHAMBER_C,2IhHL6lirIew1ZMclMfFOK,CATCH_BASIN,IfcDistributionChamberElement,SUMP,SUMP,,C,C,PHYSICAL_DESIGN
CHAMBER_D,2icV4is$9TWAu28Oy0KqpE,CATCH_BASIN,IfcDistributionChamberElement,SUMP,SUMP,,D,D,PHYSICAL_DESIGN
CURB_A,1RAc42_8DO$vCGbKZAOVsl,GRANITE_KERB,IfcKerb,USERDEFINED,GRANITE_KERB,GRANITE_KERB,A,A,PHYSICAL_DESIGN
CURB_B,3vt7aax3bJzQ4MvcKH4gak,GRANITE_KERB,IfcKerb,USERDEFINED,GRANITE_KERB,GRANITE_KERB,B,"A,B,D",PHYSICAL_DESIGN
CURB_C,0pZzj_wsXG0Pip1nBWHTLN,GRANITE_KERB,IfcKerb,USERDEFINED,GRANITE_KERB,GRANITE_KERB,C,"A,C",PHYSICAL_DESIGN
CURB_D,1vu9PieP9JHBCWWvIrMoDn,GRANITE_KERB,IfcKerb,USERDEFINED,GRANITE_KERB,GRANITE_KERB,D,"C,D",PHYSICAL_DESIGN
ACCESS_trunk,2jsSQUMB9OFv7$SI5N$RPo,TEMPORARY_ACCESS_REFERENCE,IfcBuildingElementProxy,USERDEFINED,access,access,SITE,,REFERENCE_ONLY
ACCESS_A,01xanMY7jRe89UPATvInOp,TEMPORARY_ACCESS_REFERENCE,IfcBuildingElementProxy,USERDEFINED,access,access,A,,REFERENCE_ONLY
ACCESS_B,1eX417P69OPQK1O6VRVYb_,TEMPORARY_ACCESS_REFERENCE,IfcBuildingElementProxy,USERDEFINED,access,access,B,,REFERENCE_ONLY
ACCESS_C,3BbxMeDZXT6gq0VeU2X24r,TEMPORARY_ACCESS_REFERENCE,IfcBuildingElementProxy,USERDEFINED,access,access,C,,REFERENCE_ONLY
ACCESS_D,01bG$6HV5HXPuhKOvuUuxz,TEMPORARY_ACCESS_REFERENCE,IfcBuildingElementProxy,USERDEFINED,access,access,D,,REFERENCE_ONLY
TERRAIN,1uMZzis_LV3fPfxrpIZhau,TERRAIN,IfcGeographicElement,TERRAIN,TERRAIN,,SITE,,REFERENCE_ONLY
CONTEXT_SIDEWALK,1g8zm_J6zT_9DuLVrV254X,CONTEXT_SIDEWALK,IfcBuildingElementProxy,USERDEFINED,context_sidewalk,context_sidewalk,CONTEXT,,REFERENCE_ONLY
CONTEXT_ROAD,1Vh$ZcZp9Qn8zK7yQ5zIX_,CONTEXT_ROAD,IfcBuildingElementProxy,USERDEFINED,context_road,context_road,CONTEXT,,REFERENCE_ONLY
R2_ZONE_A,0nwJqKflHTSAQqaBuTb4JB,WORK_ZONE_R2,IfcSpatialZone,CONSTRUCTION,CONSTRUCTION,,,A,PROPOSED_SPATIAL_REFERENCE
R2_ZONE_B,2OPXNuBx9M4wMvhUFRlvhO,WORK_ZONE_R2,IfcSpatialZone,CONSTRUCTION,CONSTRUCTION,,,B,PROPOSED_SPATIAL_REFERENCE
R2_ZONE_C,2b20cWZm1S_BFN8oJOqcf3,WORK_ZONE_R2,IfcSpatialZone,CONSTRUCTION,CONSTRUCTION,,,C,PROPOSED_SPATIAL_REFERENCE
R2_ZONE_D,00vngQ5$TImxFr9os_j7GY,WORK_ZONE_R2,IfcSpatialZone,CONSTRUCTION,CONSTRUCTION,,,D,PROPOSED_SPATIAL_REFERENCE
